time,strain_rate
2008-05-30,26.607250597988084
2008-05-31,26.607250597988084
2008-06-01,26.607250597988084
2008-06-02,26.607250597988084
2008-06-03,26.607250597988084
2008-06-04,26.607250597988084
2008-06-05,26.607250597988084
2008-06-06,26.607250597988084
2008-06-07,26.607250597988084
2008-06-08,26.607250597988084
2008-06-09,26.607250597988084
2008-06-10,26.607250597988084
2008-06-11,26.607250597988084
2008-06-12,26.607250597988084
2008-06-13,26.607250597988084
2008-06-14,26.607250597988084
2008-06-15,26.607250597988084
2008-06-16,26.607250597988084
2008-06-17,26.607250597988084
2008-06-18,26.607250597988084
2008-06-19,26.607250597988084
2008-06-20,26.607250597988084
2008-06-21,26.607250597988084
2008-06-22,26.607250597988084
2008-06-23,26.607250597988084
2008-06-24,26.607250597988084
2008-06-25,26.607250597988084
2008-06-26,26.607250597988084
2008-06-27,26.607250597988084
2008-06-28,26.607250597988084
2008-06-29,0.0
2008-06-30,0.0
2008-07-01,0.0
2008-07-02,0.0
2008-07-03,0.0
2008-07-04,0.0
2008-07-05,0.0
2008-07-06,0.0
2008-07-07,0.0
2008-07-08,0.0
2008-07-09,0.0
2008-07-10,0.0
2008-07-11,0.0
2008-07-12,0.0
2008-07-13,0.0
2008-07-14,0.0
2008-07-15,0.0
2008-07-16,0.0
2008-07-17,0.0
2008-07-18,0.0
2008-07-19,0.0
2008-07-20,0.0
2008-07-21,0.0
2008-07-22,0.0
2008-07-23,0.0
2008-07-24,0.0
2008-07-25,0.0
2008-07-26,0.0
2008-07-27,0.0
2008-07-28,0.0
2008-07-29,0.0
2008-07-30,0.0
2008-07-31,0.0
2008-08-01,0.0
2008-08-02,0.0
2008-08-03,0.0
2008-08-04,0.0
2008-08-05,0.0
2008-08-06,0.0
2008-08-07,0.0
2008-08-08,0.0
2008-08-09,0.0
2008-08-10,0.0
2008-08-11,0.0
2008-08-12,0.0
2008-08-13,0.0
2008-08-14,0.0
2008-08-15,0.0
2008-08-16,0.0
2008-08-17,0.0
2008-08-18,0.0
2008-08-19,0.0
2008-08-20,0.0
2008-08-21,0.0
2008-08-22,0.0
2008-08-23,0.0
2008-08-24,0.0
2008-08-25,0.0
2008-08-26,0.0
2008-08-27,0.0
2008-08-28,0.0
2008-08-29,0.0
2008-08-30,0.0
2008-08-31,0.0
2008-09-01,0.0
2008-09-02,0.0
2008-09-03,0.0
2008-09-04,0.0
2008-09-05,0.0
2008-09-06,0.0
2008-09-07,0.0
2008-09-08,0.0
2008-09-09,0.0
2008-09-10,0.0
2008-09-11,0.0
2008-09-12,0.0
2008-09-13,0.0
2008-09-14,0.0
2008-09-15,0.0
2008-09-16,0.0
2008-09-17,0.0
2008-09-18,0.0
2008-09-19,0.0
2008-09-20,0.0
2008-09-21,0.0
2008-09-22,0.0
2008-09-23,0.0
2008-09-24,0.0
2008-09-25,0.0
2008-09-26,0.0
2008-09-27,0.0
2008-09-28,0.0
2008-09-29,0.0
2008-09-30,0.0
2008-10-01,0.0
2008-10-02,0.0
2008-10-03,0.0
2008-10-04,0.0
2008-10-05,0.0
2008-10-06,0.0
2008-10-07,0.0
2008-10-08,0.0
2008-10-09,0.0
2008-10-10,0.0
2008-10-11,0.0
2008-10-12,0.0
2008-10-13,0.0
2008-10-14,0.0
2008-10-15,0.0
2008-10-16,0.0
2008-10-17,0.0
2008-10-18,0.0
2008-10-19,0.0
2008-10-20,0.0
2008-10-21,0.0
2008-10-22,0.0
2008-10-23,0.0
2008-10-24,0.0
2008-10-25,0.0
2008-10-26,0.0
2008-10-27,0.0
2008-10-28,0.0
2008-10-29,0.0
2008-10-30,0.0
2008-10-31,0.0
2008-11-01,0.0
2008-11-02,0.0
2008-11-03,0.0
2008-11-04,0.0
2008-11-05,0.0
2008-11-06,0.0
2008-11-07,0.0
2008-11-08,0.0
2008-11-09,0.0
2008-11-10,0.0
2008-11-11,0.0
2008-11-12,0.0
2008-11-13,0.0
2008-11-14,0.0
2008-11-15,0.0
2008-11-16,0.0
2008-11-17,0.0
2008-11-18,0.0
2008-11-19,0.0
2008-11-20,0.0
2008-11-21,0.0
2008-11-22,0.0
2008-11-23,0.0
2008-11-24,0.0
2008-11-25,0.0
2008-11-26,0.0
2008-11-27,0.0
2008-11-28,0.0
2008-11-29,0.0
2008-11-30,0.0
2008-12-01,0.0
2008-12-02,0.0
2008-12-03,0.0
2008-12-04,0.0
2008-12-05,0.0
2008-12-06,0.0
2008-12-07,0.0
2008-12-08,0.0
2008-12-09,0.0
2008-12-10,0.0
2008-12-11,0.0
2008-12-12,0.0
2008-12-13,0.0
2008-12-14,0.0
2008-12-15,0.0
2008-12-16,0.0
2008-12-17,0.0
2008-12-18,0.0
2008-12-19,0.0
2008-12-20,0.0
2008-12-21,0.0
2008-12-22,0.0
2008-12-23,0.0
2008-12-24,0.0
2008-12-25,0.0
2008-12-26,0.0
2008-12-27,0.0
2008-12-28,0.0
2008-12-29,0.0
2008-12-30,0.0
2008-12-31,0.0
2009-01-01,0.0
2009-01-02,0.0
2009-01-03,0.0
2009-01-04,0.0
2009-01-05,0.0
2009-01-06,0.0
2009-01-07,0.0
2009-01-08,0.0
2009-01-09,0.0
2009-01-10,0.0
2009-01-11,0.0
2009-01-12,0.0
2009-01-13,0.0
2009-01-14,0.0
2009-01-15,0.0
2009-01-16,0.0
2009-01-17,0.0
2009-01-18,0.0
2009-01-19,0.0
2009-01-20,0.0
2009-01-21,0.0
2009-01-22,0.0
2009-01-23,0.0
2009-01-24,0.0
2009-01-25,0.0
2009-01-26,0.0
2009-01-27,0.0
2009-01-28,0.0
2009-01-29,0.0
2009-01-30,0.0
2009-01-31,0.0
2009-02-01,0.0
2009-02-02,0.0
2009-02-03,0.0
2009-02-04,0.0
2009-02-05,0.0
2009-02-06,0.0
2009-02-07,0.0
2009-02-08,0.0
2009-02-09,0.0
2009-02-10,0.0
2009-02-11,0.0
2009-02-12,0.0
2009-02-13,0.0
2009-02-14,0.0
2009-02-15,0.0
2009-02-16,0.0
2009-02-17,0.0
2009-02-18,0.0
2009-02-19,0.0
2009-02-20,0.0
2009-02-21,0.0
2009-02-22,0.0
2009-02-23,0.0
2009-02-24,0.0
2009-02-25,0.0
2009-02-26,0.0
2009-02-27,0.0
2009-02-28,0.0
2009-03-01,0.0
2009-03-02,0.0
2009-03-03,0.0
2009-03-04,0.0
2009-03-05,0.0
2009-03-06,0.0
2009-03-07,0.0
2009-03-08,0.0
2009-03-09,0.0
2009-03-10,0.0
2009-03-11,0.0
2009-03-12,0.0
2009-03-13,0.0
2009-03-14,0.0
2009-03-15,0.0
2009-03-16,0.0
2009-03-17,0.0
2009-03-18,0.0
2009-03-19,0.0
2009-03-20,0.0
2009-03-21,0.0
2009-03-22,0.0
2009-03-23,0.0
2009-03-24,0.0
2009-03-25,0.0
2009-03-26,0.0
2009-03-27,0.0
2009-03-28,0.0
2009-03-29,0.0
2009-03-30,0.0
2009-03-31,0.0
2009-04-01,0.0
2009-04-02,0.0
2009-04-03,0.0
2009-04-04,0.0
2009-04-05,0.0
2009-04-06,0.0
2009-04-07,0.0
2009-04-08,0.0
2009-04-09,0.0
2009-04-10,0.0
2009-04-11,0.0
2009-04-12,0.0
2009-04-13,0.0
2009-04-14,0.0
2009-04-15,0.0
2009-04-16,0.0
2009-04-17,0.0
2009-04-18,0.0
2009-04-19,0.0
2009-04-20,0.0
2009-04-21,0.0
2009-04-22,0.0
2009-04-23,0.0
2009-04-24,0.0
2009-04-25,0.0
2009-04-26,0.0
2009-04-27,0.0
2009-04-28,0.0
2009-04-29,0.0
2009-04-30,0.0
2009-05-01,0.0
2009-05-02,0.0
2009-05-03,0.0
2009-05-04,0.0
2009-05-05,0.0
2009-05-06,0.0
2009-05-07,0.0
2009-05-08,0.0
2009-05-09,0.0
2009-05-10,0.0
2009-05-11,0.0
2009-05-12,0.0
2009-05-13,0.0
2009-05-14,0.0
2009-05-15,0.0
2009-05-16,0.0
2009-05-17,0.0
2009-05-18,0.0
2009-05-19,0.0
2009-05-20,0.0
2009-05-21,0.0
2009-05-22,0.0
2009-05-23,0.0
2009-05-24,0.0
2009-05-25,0.0
2009-05-26,0.0
2009-05-27,0.0
2009-05-28,0.0
2009-05-29,0.0
2009-05-30,0.0
2009-05-31,0.0
2009-06-01,0.0
2009-06-02,0.0
2009-06-03,0.0
2009-06-04,0.0
2009-06-05,0.0
2009-06-06,0.0
2009-06-07,0.0
2009-06-08,0.0
2009-06-09,0.0
2009-06-10,0.0
2009-06-11,0.0
2009-06-12,0.0
2009-06-13,0.0
2009-06-14,0.0
2009-06-15,0.0
2009-06-16,0.0
2009-06-17,0.0
2009-06-18,0.0
2009-06-19,0.0
2009-06-20,0.0
2009-06-21,0.0
2009-06-22,0.0
2009-06-23,0.0
2009-06-24,0.0
2009-06-25,0.0
2009-06-26,0.0
2009-06-27,0.0
2009-06-28,0.0
2009-06-29,0.0
2009-06-30,0.0
2009-07-01,0.0
2009-07-02,0.0
2009-07-03,0.0
2009-07-04,0.0
2009-07-05,0.0
2009-07-06,0.0
2009-07-07,0.0
2009-07-08,0.0
2009-07-09,0.0
2009-07-10,0.0
2009-07-11,0.0
2009-07-12,0.0
2009-07-13,0.0
2009-07-14,0.0
2009-07-15,0.0
2009-07-16,0.0
2009-07-17,0.0
2009-07-18,0.0
2009-07-19,0.0
2009-07-20,0.0
2009-07-21,0.0
2009-07-22,0.0
2009-07-23,0.0
2009-07-24,0.0
2009-07-25,0.0
2009-07-26,0.0
2009-07-27,0.0
2009-07-28,0.0
2009-07-29,0.0
2009-07-30,0.0
2009-07-31,0.0
2009-08-01,0.0
2009-08-02,0.0
2009-08-03,0.0
2009-08-04,0.0
2009-08-05,0.0
2009-08-06,0.0
2009-08-07,0.0
2009-08-08,0.0
2009-08-09,0.0
2009-08-10,0.0
2009-08-11,0.0
2009-08-12,0.0
2009-08-13,0.0
2009-08-14,0.0
2009-08-15,0.0
2009-08-16,0.0
2009-08-17,0.0
2009-08-18,0.0
2009-08-19,0.0
2009-08-20,0.0
2009-08-21,0.0
2009-08-22,0.0
2009-08-23,0.0
2009-08-24,0.0
2009-08-25,0.0
2009-08-26,0.0
2009-08-27,0.0
2009-08-28,0.0
2009-08-29,0.0
2009-08-30,0.0
2009-08-31,0.0
2009-09-01,0.0
2009-09-02,0.0
2009-09-03,0.0
2009-09-04,0.0
2009-09-05,0.0
2009-09-06,0.0
2009-09-07,0.0
2009-09-08,0.0
2009-09-09,0.0
2009-09-10,0.0
2009-09-11,0.0
2009-09-12,0.0
2009-09-13,0.0
2009-09-14,0.0
2009-09-15,0.0
2009-09-16,0.0
2009-09-17,0.0
2009-09-18,0.0
2009-09-19,0.0
2009-09-20,0.0
2009-09-21,0.0
2009-09-22,0.0
2009-09-23,0.0
2009-09-24,0.0
2009-09-25,0.0
2009-09-26,0.0
2009-09-27,0.0
2009-09-28,0.0
2009-09-29,0.0
2009-09-30,0.0
2009-10-01,0.0
2009-10-02,0.0
2009-10-03,0.0
2009-10-04,0.0
2009-10-05,0.0
2009-10-06,0.0
2009-10-07,0.0
2009-10-08,0.0
2009-10-09,0.0
2009-10-10,0.0
2009-10-11,0.0
2009-10-12,0.0
2009-10-13,0.0
2009-10-14,0.0
2009-10-15,0.0
2009-10-16,0.0
2009-10-17,0.0
2009-10-18,0.0
2009-10-19,0.0
2009-10-20,0.0
2009-10-21,0.0
2009-10-22,0.0
2009-10-23,0.0
2009-10-24,0.0
2009-10-25,0.0
2009-10-26,0.0
2009-10-27,0.0
2009-10-28,0.0
2009-10-29,0.0
2009-10-30,0.0
2009-10-31,0.0
2009-11-01,0.0
2009-11-02,0.0
2009-11-03,0.0
2009-11-04,0.0
2009-11-05,0.0
2009-11-06,0.0
2009-11-07,0.0
2009-11-08,0.0
2009-11-09,0.0
2009-11-10,0.0
2009-11-11,0.0
2009-11-12,0.0
2009-11-13,0.0
2009-11-14,0.0
2009-11-15,0.0
2009-11-16,0.0
2009-11-17,0.0
2009-11-18,0.0
2009-11-19,0.0
2009-11-20,0.0
2009-11-21,0.0
2009-11-22,0.0
2009-11-23,0.0
2009-11-24,0.0
2009-11-25,0.0
2009-11-26,0.0
2009-11-27,0.0
2009-11-28,0.0
2009-11-29,0.0
2009-11-30,0.0
2009-12-01,0.0
2009-12-02,0.0
2009-12-03,0.0
2009-12-04,0.0
2009-12-05,0.0
2009-12-06,0.0
2009-12-07,0.0
2009-12-08,0.0
2009-12-09,0.0
2009-12-10,0.0
2009-12-11,0.0
2009-12-12,0.0
2009-12-13,0.0
2009-12-14,0.0
2009-12-15,0.0
2009-12-16,0.0
2009-12-17,0.0
2009-12-18,0.0
2009-12-19,0.0
2009-12-20,0.0
2009-12-21,0.0
2009-12-22,0.0
2009-12-23,0.0
2009-12-24,0.0
2009-12-25,0.0
2009-12-26,0.0
2009-12-27,0.0
2009-12-28,0.0
2009-12-29,0.0
2009-12-30,0.0
2009-12-31,0.0
2010-01-01,0.0
2010-01-02,0.0
2010-01-03,0.0
2010-01-04,0.0
2010-01-05,0.0
2010-01-06,0.0
2010-01-07,0.0
2010-01-08,0.0
2010-01-09,0.0
2010-01-10,0.0
2010-01-11,0.0
2010-01-12,0.0
2010-01-13,0.0
2010-01-14,0.0
2010-01-15,0.0
2010-01-16,0.0
2010-01-17,0.0
2010-01-18,0.0
2010-01-19,0.0
2010-01-20,0.0
2010-01-21,0.0
2010-01-22,0.0
2010-01-23,0.0
2010-01-24,0.0
2010-01-25,0.0
2010-01-26,0.0
2010-01-27,0.0
2010-01-28,0.0
2010-01-29,0.0
2010-01-30,0.0
2010-01-31,0.0
2010-02-01,0.0
2010-02-02,0.0
2010-02-03,0.0
2010-02-04,0.0
2010-02-05,0.0
2010-02-06,0.0
2010-02-07,0.0
2010-02-08,0.0
2010-02-09,0.0
2010-02-10,0.0
2010-02-11,0.0
2010-02-12,0.0
2010-02-13,0.0
2010-02-14,0.0
2010-02-15,0.0
2010-02-16,0.0
2010-02-17,0.0
2010-02-18,0.0
2010-02-19,0.0
2010-02-20,0.0
2010-02-21,0.0
2010-02-22,0.0
2010-02-23,0.0
2010-02-24,0.0
2010-02-25,0.0
2010-02-26,0.0
2010-02-27,0.0
2010-02-28,0.0
2010-03-01,0.0
2010-03-02,0.0
2010-03-03,0.0
2010-03-04,0.0
2010-03-05,0.0
2010-03-06,0.0
2010-03-07,0.0
2010-03-08,0.0
2010-03-09,0.0
2010-03-10,0.0
2010-03-11,0.0
2010-03-12,0.0
2010-03-13,0.0
2010-03-14,0.0
2010-03-15,0.0
2010-03-16,0.0
2010-03-17,0.0
2010-03-18,0.0
2010-03-19,0.0
2010-03-20,0.0
2010-03-21,0.0
2010-03-22,0.0
2010-03-23,0.0
2010-03-24,0.0
2010-03-25,0.0
2010-03-26,0.0
2010-03-27,0.0
2010-03-28,0.0
2010-03-29,0.0
2010-03-30,0.0
2010-03-31,0.0
2010-04-01,0.0
2010-04-02,0.0
2010-04-03,0.0
2010-04-04,0.0
2010-04-05,0.0
2010-04-06,0.0
2010-04-07,0.0
2010-04-08,0.0
2010-04-09,0.0
2010-04-10,0.0
2010-04-11,0.0
2010-04-12,0.0
2010-04-13,0.0
2010-04-14,0.0
2010-04-15,0.0
2010-04-16,0.0
2010-04-17,0.0
2010-04-18,0.0
2010-04-19,0.0
2010-04-20,0.0
2010-04-21,0.0
2010-04-22,0.0
2010-04-23,0.0
2010-04-24,0.0
2010-04-25,0.0
2010-04-26,0.0
2010-04-27,0.0
2010-04-28,0.0
2010-04-29,0.0
2010-04-30,0.0
2010-05-01,0.0
2010-05-02,0.0
2010-05-03,0.0
2010-05-04,0.0
2010-05-05,0.0
2010-05-06,0.0
2010-05-07,0.0
2010-05-08,0.0
2010-05-09,0.0
2010-05-10,0.0
2010-05-11,0.0
2010-05-12,0.0
2010-05-13,0.0
2010-05-14,0.0
2010-05-15,0.0
2010-05-16,0.0
2010-05-17,0.0
2010-05-18,0.0
2010-05-19,0.0
2010-05-20,0.0
2010-05-21,0.0
2010-05-22,0.0
2010-05-23,0.0
2010-05-24,0.0
2010-05-25,0.0
2010-05-26,0.0
2010-05-27,0.0
2010-05-28,0.0
2010-05-29,0.0
2010-05-30,0.0
2010-05-31,0.0
2010-06-01,0.0
2010-06-02,0.0
2010-06-03,0.0
2010-06-04,0.0
2010-06-05,0.0
2010-06-06,0.0
2010-06-07,0.0
2010-06-08,0.0
2010-06-09,0.0
2010-06-10,0.0
2010-06-11,0.0
2010-06-12,0.0
2010-06-13,0.0
2010-06-14,0.0
2010-06-15,0.0
2010-06-16,0.0
2010-06-17,0.0
2010-06-18,0.0
2010-06-19,0.0
2010-06-20,0.0
2010-06-21,0.0
2010-06-22,0.0
2010-06-23,0.0
2010-06-24,0.0
2010-06-25,0.0
2010-06-26,0.0
2010-06-27,0.0
2010-06-28,0.0
2010-06-29,0.0
2010-06-30,0.0
2010-07-01,0.0
2010-07-02,0.0
2010-07-03,0.0
2010-07-04,0.0
2010-07-05,0.0
2010-07-06,0.0
2010-07-07,0.0
2010-07-08,0.0
2010-07-09,0.0
2010-07-10,0.0
2010-07-11,0.0
2010-07-12,0.0
2010-07-13,0.0
2010-07-14,0.0
2010-07-15,0.0
2010-07-16,0.0
2010-07-17,0.0
2010-07-18,0.0
2010-07-19,0.0
2010-07-20,0.0
2010-07-21,0.0
2010-07-22,0.0
2010-07-23,0.0
2010-07-24,0.0
2010-07-25,0.0
2010-07-26,0.0
2010-07-27,0.0
2010-07-28,0.0
2010-07-29,0.0
2010-07-30,0.0
2010-07-31,0.0
2010-08-01,0.0
2010-08-02,0.0
2010-08-03,0.0
2010-08-04,0.0
2010-08-05,0.0
2010-08-06,0.0
2010-08-07,0.0
2010-08-08,0.0
2010-08-09,0.0
2010-08-10,0.0
2010-08-11,0.0
2010-08-12,0.0
2010-08-13,0.0
2010-08-14,0.0
2010-08-15,0.0
2010-08-16,0.0
2010-08-17,0.0
2010-08-18,0.0
2010-08-19,0.0
2010-08-20,0.0
2010-08-21,0.0
2010-08-22,0.0
2010-08-23,0.0
2010-08-24,0.0
2010-08-25,0.0
2010-08-26,0.0
2010-08-27,0.0
2010-08-28,0.0
2010-08-29,0.0
2010-08-30,0.0
2010-08-31,0.0
2010-09-01,0.0
2010-09-02,0.0
2010-09-03,0.0
2010-09-04,0.0
2010-09-05,0.0
2010-09-06,0.0
2010-09-07,0.0
2010-09-08,0.0
2010-09-09,0.0
2010-09-10,0.0
2010-09-11,0.0
2010-09-12,0.0
2010-09-13,0.0
2010-09-14,0.0
2010-09-15,0.0
2010-09-16,0.0
2010-09-17,0.0
2010-09-18,0.0
2010-09-19,0.0
2010-09-20,0.0
2010-09-21,0.0
2010-09-22,0.0
2010-09-23,0.0
2010-09-24,0.0
2010-09-25,0.0
2010-09-26,0.0
2010-09-27,0.0
2010-09-28,0.0
2010-09-29,0.0
2010-09-30,0.0
2010-10-01,0.0
2010-10-02,0.0
2010-10-03,0.0
2010-10-04,0.0
2010-10-05,0.0
2010-10-06,0.0
2010-10-07,0.0
2010-10-08,0.0
2010-10-09,0.0
2010-10-10,0.0
2010-10-11,0.0
2010-10-12,0.0
2010-10-13,0.0
2010-10-14,0.0
2010-10-15,0.0
2010-10-16,0.0
2010-10-17,0.0
2010-10-18,0.0
2010-10-19,0.0
2010-10-20,0.0
2010-10-21,0.0
2010-10-22,0.0
2010-10-23,0.0
2010-10-24,0.0
2010-10-25,0.0
2010-10-26,0.0
2010-10-27,0.0
2010-10-28,0.0
2010-10-29,0.0
2010-10-30,0.0
2010-10-31,0.0
2010-11-01,0.0
2010-11-02,0.0
2010-11-03,0.0
2010-11-04,0.0
2010-11-05,0.0
2010-11-06,0.0
2010-11-07,0.0
2010-11-08,0.0
2010-11-09,0.0
2010-11-10,0.0
2010-11-11,0.0
2010-11-12,0.0
2010-11-13,0.0
2010-11-14,0.0
2010-11-15,0.0
2010-11-16,0.0
2010-11-17,0.0
2010-11-18,0.0
2010-11-19,0.0
2010-11-20,0.0
2010-11-21,0.0
2010-11-22,0.0
2010-11-23,0.0
2010-11-24,0.0
2010-11-25,0.0
2010-11-26,0.0
2010-11-27,0.0
2010-11-28,0.0
2010-11-29,0.0
2010-11-30,0.0
2010-12-01,0.0
2010-12-02,0.0
2010-12-03,0.0
2010-12-04,0.0
2010-12-05,0.0
2010-12-06,0.0
2010-12-07,0.0
2010-12-08,0.0
2010-12-09,0.0
2010-12-10,0.0
2010-12-11,0.0
2010-12-12,0.0
2010-12-13,0.0
2010-12-14,0.0
2010-12-15,0.0
2010-12-16,0.0
2010-12-17,0.0
2010-12-18,0.0
2010-12-19,0.0
2010-12-20,0.0
2010-12-21,9.440608762859236
2010-12-22,9.440608762859236
2010-12-23,9.440608762859236
2010-12-24,9.440608762859236
2010-12-25,9.440608762859236
2010-12-26,9.440608762859236
2010-12-27,9.440608762859236
2010-12-28,9.440608762859236
2010-12-29,9.440608762859236
2010-12-30,9.440608762859236
2010-12-31,9.440608762859236
2011-01-01,9.440608762859236
2011-01-02,9.440608762859236
2011-01-03,9.440608762859236
2011-01-04,9.440608762859236
2011-01-05,9.440608762859236
2011-01-06,9.440608762859236
2011-01-07,9.440608762859236
2011-01-08,9.440608762859236
2011-01-09,9.440608762859236
2011-01-10,9.440608762859236
2011-01-11,9.440608762859236
2011-01-12,9.440608762859236
2011-01-13,9.440608762859236
2011-01-14,9.440608762859236
2011-01-15,9.440608762859236
2011-01-16,9.440608762859236
2011-01-17,9.440608762859236
2011-01-18,9.440608762859236
2011-01-19,9.440608762859236
2011-01-20,0.0
2011-01-21,0.0
2011-01-22,0.0
2011-01-23,0.0
2011-01-24,0.0
2011-01-25,0.0
2011-01-26,0.0
2011-01-27,0.0
2011-01-28,0.0
2011-01-29,0.0
2011-01-30,0.0
2011-01-31,0.0
2011-02-01,0.0
2011-02-02,0.0
2011-02-03,0.0
2011-02-04,0.0
2011-02-05,0.0
2011-02-06,0.0
2011-02-07,0.0
2011-02-08,0.0
2011-02-09,0.0
2011-02-10,0.0
2011-02-11,0.0
2011-02-12,0.0
2011-02-13,0.0
2011-02-14,0.0
2011-02-15,0.0
2011-02-16,0.0
2011-02-17,0.0
2011-02-18,0.0
2011-02-19,0.0
2011-02-20,0.0
2011-02-21,0.0
2011-02-22,0.0
2011-02-23,0.0
2011-02-24,0.0
2011-02-25,0.0
2011-02-26,0.0
2011-02-27,0.0
2011-02-28,0.0
2011-03-01,0.0
2011-03-02,0.0
2011-03-03,0.0
2011-03-04,0.0
2011-03-05,0.0
2011-03-06,0.0
2011-03-07,0.0
2011-03-08,0.0
2011-03-09,0.0
2011-03-10,0.0
2011-03-11,0.0
2011-03-12,0.0
2011-03-13,0.0
2011-03-14,0.0
2011-03-15,0.0
2011-03-16,0.0
2011-03-17,0.0
2011-03-18,0.0
2011-03-19,0.0
2011-03-20,0.0
2011-03-21,0.0
2011-03-22,0.0
2011-03-23,0.0
2011-03-24,0.0
2011-03-25,0.0
2011-03-26,0.0
2011-03-27,0.0
2011-03-28,0.0
2011-03-29,0.0
2011-03-30,0.0
2011-03-31,0.0
2011-04-01,0.0
2011-04-02,0.0
2011-04-03,0.0
2011-04-04,0.0
2011-04-05,0.0
2011-04-06,0.0
2011-04-07,0.0
2011-04-08,0.0
2011-04-09,0.0
2011-04-10,0.0
2011-04-11,0.0
2011-04-12,0.0
2011-04-13,0.0
2011-04-14,0.0
2011-04-15,0.0
2011-04-16,0.0
2011-04-17,0.0
2011-04-18,0.0
2011-04-19,0.0
2011-04-20,0.0
2011-04-21,0.0
2011-04-22,0.0
2011-04-23,0.0
2011-04-24,0.0
2011-04-25,0.0
2011-04-26,0.0
2011-04-27,0.0
2011-04-28,0.0
2011-04-29,0.0
2011-04-30,0.0
2011-05-01,0.0
2011-05-02,0.0
2011-05-03,0.0
2011-05-04,0.0
2011-05-05,0.0
2011-05-06,0.0
2011-05-07,0.0
2011-05-08,0.0
2011-05-09,0.0
2011-05-10,0.0
2011-05-11,0.0
2011-05-12,0.0
2011-05-13,0.0
2011-05-14,0.0
2011-05-15,0.0
2011-05-16,0.0
2011-05-17,0.0
2011-05-18,0.0
2011-05-19,0.0
2011-05-20,0.0
2011-05-21,0.0
2011-05-22,0.0
2011-05-23,0.0
2011-05-24,0.0
2011-05-25,0.0
2011-05-26,0.0
2011-05-27,0.0
2011-05-28,0.0
2011-05-29,0.0
2011-05-30,0.0
2011-05-31,0.0
2011-06-01,0.0
2011-06-02,0.0
2011-06-03,0.0
2011-06-04,0.0
2011-06-05,0.0
2011-06-06,0.0
2011-06-07,0.0
2011-06-08,0.0
2011-06-09,0.0
2011-06-10,0.0
2011-06-11,0.0
2011-06-12,0.0
2011-06-13,0.0
2011-06-14,0.0
2011-06-15,0.0
2011-06-16,0.0
2011-06-17,0.0
2011-06-18,0.0
2011-06-19,0.0
2011-06-20,0.0
2011-06-21,0.0
2011-06-22,0.0
2011-06-23,0.0
2011-06-24,0.0
2011-06-25,0.0
2011-06-26,0.0
2011-06-27,0.0
2011-06-28,0.0
2011-06-29,0.0
2011-06-30,0.0
2011-07-01,0.0
2011-07-02,0.0
2011-07-03,0.0
2011-07-04,0.0
2011-07-05,0.0
2011-07-06,0.0
2011-07-07,0.0
2011-07-08,0.0
2011-07-09,0.0
2011-07-10,0.0
2011-07-11,0.0
2011-07-12,0.0
2011-07-13,0.0
2011-07-14,0.0
2011-07-15,0.0
2011-07-16,0.0
2011-07-17,0.0
2011-07-18,0.0
2011-07-19,0.0
2011-07-20,0.0
2011-07-21,0.0
2011-07-22,0.0
2011-07-23,0.0
2011-07-24,0.0
2011-07-25,0.0
2011-07-26,0.0
2011-07-27,0.0
2011-07-28,0.0
2011-07-29,0.0
2011-07-30,0.0
2011-07-31,0.0
2011-08-01,0.0
2011-08-02,0.0
2011-08-03,0.0
2011-08-04,0.0
2011-08-05,0.0
2011-08-06,0.0
2011-08-07,0.0
2011-08-08,0.0
2011-08-09,0.0
2011-08-10,0.0
2011-08-11,0.0
2011-08-12,0.0
2011-08-13,0.0
2011-08-14,0.0
2011-08-15,0.0
2011-08-16,0.0
2011-08-17,0.0
2011-08-18,0.0
2011-08-19,0.0
2011-08-20,0.0
2011-08-21,0.0
2011-08-22,0.0
2011-08-23,0.0
2011-08-24,0.0
2011-08-25,0.0
2011-08-26,0.0
2011-08-27,0.0
2011-08-28,0.0
2011-08-29,0.0
2011-08-30,0.0
2011-08-31,0.0
2011-09-01,0.0
2011-09-02,0.0
2011-09-03,0.0
2011-09-04,0.0
2011-09-05,0.0
2011-09-06,0.0
2011-09-07,0.0
2011-09-08,0.0
2011-09-09,0.0
2011-09-10,0.0
2011-09-11,0.0
2011-09-12,0.0
2011-09-13,0.0
2011-09-14,0.0
2011-09-15,0.0
2011-09-16,0.0
2011-09-17,0.0
2011-09-18,0.0
2011-09-19,0.0
2011-09-20,0.0
2011-09-21,0.0
2011-09-22,0.0
2011-09-23,0.0
2011-09-24,0.0
2011-09-25,0.0
2011-09-26,0.0
2011-09-27,0.0
2011-09-28,0.0
2011-09-29,0.0
2011-09-30,0.0
2011-10-01,0.0
2011-10-02,0.0
2011-10-03,0.0
2011-10-04,0.0
2011-10-05,0.0
2011-10-06,0.0
2011-10-07,0.0
2011-10-08,0.0
2011-10-09,0.0
2011-10-10,0.0
2011-10-11,0.0
2011-10-12,0.0
2011-10-13,0.0
2011-10-14,0.0
2011-10-15,0.0
2011-10-16,0.0
2011-10-17,0.0
2011-10-18,0.0
2011-10-19,0.0
2011-10-20,0.0
2011-10-21,0.0
2011-10-22,0.0
2011-10-23,0.0
2011-10-24,0.0
2011-10-25,0.0
2011-10-26,0.0
2011-10-27,0.0
2011-10-28,0.0
2011-10-29,0.0
2011-10-30,0.0
2011-10-31,0.0
2011-11-01,0.0
2011-11-02,0.0
2011-11-03,0.0
2011-11-04,0.0
2011-11-05,0.0
2011-11-06,0.0
2011-11-07,0.0
2011-11-08,0.0
2011-11-09,0.0
2011-11-10,0.0
2011-11-11,0.0
2011-11-12,0.0
2011-11-13,0.0
2011-11-14,0.0
2011-11-15,0.0
2011-11-16,0.0
2011-11-17,0.0
2011-11-18,0.0
2011-11-19,0.0
2011-11-20,0.0
2011-11-21,0.0
2011-11-22,0.0
2011-11-23,0.0
2011-11-24,0.0
2011-11-25,0.0
2011-11-26,0.0
2011-11-27,0.0
2011-11-28,0.0
2011-11-29,0.0
2011-11-30,0.0
2011-12-01,0.0
2011-12-02,0.0
2011-12-03,0.0
2011-12-04,0.0
2011-12-05,0.0
2011-12-06,0.0
2011-12-07,0.0
2011-12-08,0.0
2011-12-09,0.0
2011-12-10,0.0
2011-12-11,0.0
2011-12-12,0.0
2011-12-13,0.0
2011-12-14,0.0
2011-12-15,0.0
2011-12-16,0.0
2011-12-17,0.0
2011-12-18,0.0
2011-12-19,0.0
2011-12-20,0.0
2011-12-21,0.0
2011-12-22,0.0
2011-12-23,0.0
2011-12-24,0.0
2011-12-25,0.0
2011-12-26,0.0
2011-12-27,0.0
2011-12-28,0.0
2011-12-29,0.0
2011-12-30,0.0
2011-12-31,0.0
2012-01-01,0.0
2012-01-02,0.0
2012-01-03,0.0
2012-01-04,0.0
2012-01-05,0.0
2012-01-06,0.0
2012-01-07,0.0
2012-01-08,0.0
2012-01-09,0.0
2012-01-10,0.0
2012-01-11,0.0
2012-01-12,0.0
2012-01-13,0.0
2012-01-14,0.0
2012-01-15,0.0
2012-01-16,0.0
2012-01-17,0.0
2012-01-18,0.0
2012-01-19,0.0
2012-01-20,0.0
2012-01-21,0.0
2012-01-22,0.0
2012-01-23,0.0
2012-01-24,0.0
2012-01-25,0.0
2012-01-26,0.0
2012-01-27,0.0
2012-01-28,0.0
2012-01-29,0.0
2012-01-30,0.0
2012-01-31,0.0
2012-02-01,0.0
2012-02-02,0.0
2012-02-03,0.0
2012-02-04,0.0
2012-02-05,0.0
2012-02-06,0.0
2012-02-07,0.0
2012-02-08,0.0
2012-02-09,0.0
2012-02-10,0.0
2012-02-11,0.0
2012-02-12,0.0
2012-02-13,0.0
2012-02-14,0.0
2012-02-15,0.0
2012-02-16,0.0
2012-02-17,0.0
2012-02-18,0.0
2012-02-19,0.0
2012-02-20,0.0
2012-02-21,0.0
2012-02-22,0.0
2012-02-23,0.0
2012-02-24,0.0
2012-02-25,0.0
2012-02-26,0.0
2012-02-27,0.0
2012-02-28,0.0
2012-02-29,0.0
2012-03-01,0.0
2012-03-02,0.0
2012-03-03,0.0
2012-03-04,0.0
2012-03-05,0.0
2012-03-06,0.0
2012-03-07,0.0
2012-03-08,0.0
2012-03-09,0.0
2012-03-10,0.0
2012-03-11,0.0
2012-03-12,0.0
2012-03-13,0.0
2012-03-14,0.0
2012-03-15,0.0
2012-03-16,0.0
2012-03-17,0.0
2012-03-18,0.0
2012-03-19,0.0
2012-03-20,0.0
2012-03-21,0.0
2012-03-22,0.0
2012-03-23,0.0
2012-03-24,0.0
2012-03-25,0.0
2012-03-26,0.0
2012-03-27,0.0
2012-03-28,0.0
2012-03-29,0.0
2012-03-30,0.0
2012-03-31,0.0
2012-04-01,0.0
2012-04-02,0.0
2012-04-03,0.0
2012-04-04,0.0
2012-04-05,0.0
2012-04-06,0.0
2012-04-07,0.0
2012-04-08,0.0
2012-04-09,0.0
2012-04-10,0.0
2012-04-11,0.0
2012-04-12,0.0
2012-04-13,0.0
2012-04-14,0.0
2012-04-15,0.0
2012-04-16,0.0
2012-04-17,0.0
2012-04-18,0.0
2012-04-19,0.0
2012-04-20,0.0
2012-04-21,0.0
2012-04-22,0.0
2012-04-23,0.0
2012-04-24,0.0
2012-04-25,0.0
2012-04-26,0.0
2012-04-27,0.0
2012-04-28,0.0
2012-04-29,0.0
2012-04-30,0.0
2012-05-01,0.0
2012-05-02,0.0
2012-05-03,0.0
2012-05-04,0.0
2012-05-05,0.0
2012-05-06,0.0
2012-05-07,0.0
2012-05-08,0.0
2012-05-09,0.0
2012-05-10,0.0
2012-05-11,0.0
2012-05-12,0.0
2012-05-13,0.0
2012-05-14,0.0
2012-05-15,0.0
2012-05-16,0.0
2012-05-17,0.0
2012-05-18,0.0
2012-05-19,0.0
2012-05-20,0.0
2012-05-21,0.0
2012-05-22,0.0
2012-05-23,0.0
2012-05-24,0.0
2012-05-25,0.0
2012-05-26,0.0
2012-05-27,0.0
2012-05-28,0.0
2012-05-29,0.0
2012-05-30,0.0
2012-05-31,0.0
2012-06-01,0.0
2012-06-02,0.0
2012-06-03,0.0
2012-06-04,0.0
2012-06-05,0.0
2012-06-06,0.0
2012-06-07,0.0
2012-06-08,0.0
2012-06-09,0.0
2012-06-10,0.0
2012-06-11,0.0
2012-06-12,0.0
2012-06-13,0.0
2012-06-14,0.0
2012-06-15,0.0
2012-06-16,0.0
2012-06-17,0.0
2012-06-18,0.0
2012-06-19,0.0
2012-06-20,0.0
2012-06-21,0.0
2012-06-22,0.0
2012-06-23,0.0
2012-06-24,0.0
2012-06-25,0.0
2012-06-26,0.0
2012-06-27,0.0
2012-06-28,0.0
2012-06-29,0.0
2012-06-30,0.0
2012-07-01,0.0
2012-07-02,0.0
2012-07-03,0.0
2012-07-04,0.0
2012-07-05,0.0
2012-07-06,0.0
2012-07-07,0.0
2012-07-08,0.0
2012-07-09,0.0
2012-07-10,0.0
2012-07-11,0.0
2012-07-12,0.0
2012-07-13,0.0
2012-07-14,0.0
2012-07-15,0.0
2012-07-16,0.0
2012-07-17,0.0
2012-07-18,0.0
2012-07-19,0.0
2012-07-20,0.0
2012-07-21,0.0
2012-07-22,0.0
2012-07-23,0.0
2012-07-24,0.0
2012-07-25,0.0
2012-07-26,0.0
2012-07-27,0.0
2012-07-28,0.0
2012-07-29,0.0
2012-07-30,0.0
2012-07-31,0.0
2012-08-01,0.0
2012-08-02,0.0
2012-08-03,0.0
2012-08-04,0.0
2012-08-05,0.0
2012-08-06,0.0
2012-08-07,0.0
2012-08-08,0.0
2012-08-09,0.0
2012-08-10,0.0
2012-08-11,0.0
2012-08-12,0.0
2012-08-13,0.0
2012-08-14,0.0
2012-08-15,0.0
2012-08-16,0.0
2012-08-17,0.0
2012-08-18,0.0
2012-08-19,0.0
2012-08-20,0.0
2012-08-21,0.0
2012-08-22,0.0
2012-08-23,0.0
2012-08-24,0.0
2012-08-25,0.0
2012-08-26,0.0
2012-08-27,0.0
2012-08-28,0.0
2012-08-29,0.0
2012-08-30,0.0
2012-08-31,0.0
2012-09-01,0.0
2012-09-02,0.0
2012-09-03,0.0
2012-09-04,0.0
2012-09-05,0.0
2012-09-06,0.0
2012-09-07,0.0
2012-09-08,0.0
2012-09-09,0.0
2012-09-10,0.0
2012-09-11,0.0
2012-09-12,0.0
2012-09-13,0.0
2012-09-14,0.0
2012-09-15,0.0
2012-09-16,0.0
2012-09-17,0.0
2012-09-18,0.0
2012-09-19,0.0
2012-09-20,0.0
2012-09-21,0.0
2012-09-22,0.0
2012-09-23,0.0
2012-09-24,0.0
2012-09-25,0.0
2012-09-26,0.0
2012-09-27,0.0
2012-09-28,0.0
2012-09-29,0.0
2012-09-30,0.0
2012-10-01,0.0
2012-10-02,0.0
2012-10-03,0.0
2012-10-04,0.0
2012-10-05,0.0
2012-10-06,0.0
2012-10-07,0.0
2012-10-08,0.0
2012-10-09,0.0
2012-10-10,0.0
2012-10-11,0.0
2012-10-12,0.0
2012-10-13,0.0
2012-10-14,0.0
2012-10-15,0.0
2012-10-16,0.0
2012-10-17,0.0
2012-10-18,0.0
2012-10-19,0.0
2012-10-20,0.0
2012-10-21,0.0
2012-10-22,0.0
2012-10-23,0.0
2012-10-24,0.0
2012-10-25,0.0
2012-10-26,0.0
2012-10-27,0.0
2012-10-28,0.0
2012-10-29,0.0
2012-10-30,0.0
2012-10-31,0.0
2012-11-01,0.0
2012-11-02,0.0
2012-11-03,0.0
2012-11-04,0.0
2012-11-05,0.0
2012-11-06,0.0
2012-11-07,0.0
2012-11-08,0.0
2012-11-09,0.0
2012-11-10,0.0
2012-11-11,0.0
2012-11-12,0.0
2012-11-13,0.0
2012-11-14,0.0
2012-11-15,0.0
2012-11-16,0.0
2012-11-17,0.0
2012-11-18,0.0
2012-11-19,0.0
2012-11-20,0.0
2012-11-21,0.0
2012-11-22,0.0
2012-11-23,0.0
2012-11-24,0.0
2012-11-25,0.0
2012-11-26,0.0
2012-11-27,0.0
2012-11-28,0.0
2012-11-29,0.0
2012-11-30,0.0
2012-12-01,0.0
2012-12-02,0.0
2012-12-03,0.0
2012-12-04,0.0
2012-12-05,0.0
2012-12-06,0.0
2012-12-07,0.0
2012-12-08,0.0
2012-12-09,0.0
2012-12-10,0.0
2012-12-11,0.0
2012-12-12,0.0
2012-12-13,0.0
2012-12-14,0.0
2012-12-15,0.0
2012-12-16,0.0
2012-12-17,0.0
2012-12-18,0.0
2012-12-19,0.0
2012-12-20,0.0
2012-12-21,0.0
2012-12-22,0.0
2012-12-23,0.0
2012-12-24,0.0
2012-12-25,0.0
2012-12-26,0.0
2012-12-27,0.0
2012-12-28,0.0
2012-12-29,0.0
2012-12-30,0.0
2012-12-31,0.0
2013-01-01,0.0
2013-01-02,0.0
2013-01-03,0.0
2013-01-04,0.0
2013-01-05,0.0
2013-01-06,0.0
2013-01-07,0.0
2013-01-08,0.0
2013-01-09,0.0
2013-01-10,0.0
2013-01-11,0.0
2013-01-12,0.0
2013-01-13,0.0
2013-01-14,0.0
2013-01-15,0.0
2013-01-16,0.0
2013-01-17,0.0
2013-01-18,0.0
2013-01-19,0.0
2013-01-20,0.0
2013-01-21,0.0
2013-01-22,0.0
2013-01-23,0.0
2013-01-24,0.0
2013-01-25,0.0
2013-01-26,0.0
2013-01-27,0.0
2013-01-28,0.0
2013-01-29,0.0
2013-01-30,0.0
2013-01-31,0.0
2013-02-01,0.0
2013-02-02,0.0
2013-02-03,0.0
2013-02-04,0.0
2013-02-05,0.0
2013-02-06,0.0
2013-02-07,0.0
2013-02-08,0.0
2013-02-09,0.0
2013-02-10,0.0
2013-02-11,0.0
2013-02-12,0.0
2013-02-13,0.0
2013-02-14,0.0
2013-02-15,0.0
2013-02-16,0.0
2013-02-17,0.0
2013-02-18,0.0
2013-02-19,0.0
2013-02-20,0.0
2013-02-21,0.0
2013-02-22,0.0
2013-02-23,0.0
2013-02-24,0.0
2013-02-25,0.0
2013-02-26,0.0
2013-02-27,0.0
2013-02-28,0.0
2013-03-01,0.0
2013-03-02,0.0
2013-03-03,0.0
2013-03-04,0.0
2013-03-05,0.0
2013-03-06,0.0
2013-03-07,0.0
2013-03-08,0.0
2013-03-09,0.0
2013-03-10,0.0
2013-03-11,0.0
2013-03-12,0.0
2013-03-13,0.0
2013-03-14,0.0
2013-03-15,0.0
2013-03-16,0.0
2013-03-17,0.0
2013-03-18,0.0
2013-03-19,0.0
2013-03-20,0.0
2013-03-21,0.0
2013-03-22,0.0
2013-03-23,0.0
2013-03-24,0.0
2013-03-25,0.0
2013-03-26,0.0
2013-03-27,0.0
2013-03-28,0.0
2013-03-29,0.0
2013-03-30,0.0
2013-03-31,0.0
2013-04-01,0.0
2013-04-02,0.0
2013-04-03,0.0
2013-04-04,0.0
2013-04-05,0.0
2013-04-06,0.0
2013-04-07,0.0
2013-04-08,0.0
2013-04-09,0.0
2013-04-10,0.0
2013-04-11,0.0
2013-04-12,0.0
2013-04-13,0.0
2013-04-14,0.0
2013-04-15,0.0
2013-04-16,0.0
2013-04-17,0.0
2013-04-18,0.0
2013-04-19,0.0
2013-04-20,0.0
2013-04-21,0.0
2013-04-22,0.0
2013-04-23,0.0
2013-04-24,0.0
2013-04-25,0.0
2013-04-26,0.0
2013-04-27,0.0
2013-04-28,0.0
2013-04-29,0.0
2013-04-30,0.0
2013-05-01,0.0
2013-05-02,0.0
2013-05-03,0.0
2013-05-04,0.0
2013-05-05,0.0
2013-05-06,0.0
2013-05-07,0.0
2013-05-08,0.0
2013-05-09,0.0
2013-05-10,0.0
2013-05-11,0.0
2013-05-12,0.0
2013-05-13,0.0
2013-05-14,0.0
2013-05-15,0.0
2013-05-16,0.0
2013-05-17,0.0
2013-05-18,0.0
2013-05-19,0.0
2013-05-20,0.0
2013-05-21,0.0
2013-05-22,0.0
2013-05-23,0.0
2013-05-24,0.0
2013-05-25,0.0
2013-05-26,0.0
2013-05-27,0.0
2013-05-28,0.0
2013-05-29,0.0
2013-05-30,0.0
2013-05-31,0.0
2013-06-01,0.0
2013-06-02,0.0
2013-06-03,0.0
2013-06-04,0.0
2013-06-05,0.0
2013-06-06,0.0
2013-06-07,0.0
2013-06-08,0.0
2013-06-09,0.0
2013-06-10,0.0
2013-06-11,0.0
2013-06-12,0.0
2013-06-13,0.0
2013-06-14,0.0
2013-06-15,0.0
2013-06-16,0.0
2013-06-17,0.0
2013-06-18,0.0
2013-06-19,0.0
2013-06-20,0.0
2013-06-21,0.0
2013-06-22,0.0
2013-06-23,0.0
2013-06-24,0.0
2013-06-25,0.0
2013-06-26,0.0
2013-06-27,0.0
2013-06-28,0.0
2013-06-29,0.0
2013-06-30,0.0
2013-07-01,0.0
2013-07-02,0.0
2013-07-03,0.0
2013-07-04,0.0
2013-07-05,0.0
2013-07-06,0.0
2013-07-07,0.0
2013-07-08,0.0
2013-07-09,0.0
2013-07-10,0.0
2013-07-11,0.0
2013-07-12,0.0
2013-07-13,0.0
2013-07-14,0.0
2013-07-15,0.0
2013-07-16,0.0
2013-07-17,0.0
2013-07-18,0.0
2013-07-19,0.0
2013-07-20,0.0
2013-07-21,0.0
2013-07-22,0.0
2013-07-23,0.0
2013-07-24,0.0
2013-07-25,0.0
2013-07-26,0.0
2013-07-27,0.0
2013-07-28,0.0
2013-07-29,0.0
2013-07-30,0.0
2013-07-31,0.0
2013-08-01,0.0
2013-08-02,0.0
2013-08-03,0.0
2013-08-04,0.0
2013-08-05,0.0
2013-08-06,0.0
2013-08-07,0.0
2013-08-08,0.0
2013-08-09,0.0
2013-08-10,0.0
2013-08-11,0.0
2013-08-12,0.0
2013-08-13,0.0
2013-08-14,0.0
2013-08-15,0.0
2013-08-16,0.0
2013-08-17,0.0
2013-08-18,0.0
2013-08-19,0.0
2013-08-20,0.0
2013-08-21,0.0
2013-08-22,0.0
2013-08-23,0.0
2013-08-24,0.0
2013-08-25,0.0
2013-08-26,0.0
2013-08-27,0.0
2013-08-28,0.0
2013-08-29,0.0
2013-08-30,0.0
2013-08-31,0.0
2013-09-01,0.0
2013-09-02,0.0
2013-09-03,0.0
2013-09-04,0.0
2013-09-05,0.0
2013-09-06,0.0
2013-09-07,0.0
2013-09-08,0.0
2013-09-09,0.0
2013-09-10,0.0
2013-09-11,0.0
2013-09-12,0.0
2013-09-13,0.0
2013-09-14,0.0
2013-09-15,0.0
2013-09-16,0.0
2013-09-17,0.0
2013-09-18,0.0
2013-09-19,0.0
2013-09-20,0.0
2013-09-21,0.0
2013-09-22,0.0
2013-09-23,0.0
2013-09-24,0.0
2013-09-25,0.0
2013-09-26,0.0
2013-09-27,0.0
2013-09-28,0.0
2013-09-29,0.0
2013-09-30,0.0
2013-10-01,0.0
2013-10-02,0.0
2013-10-03,0.0
2013-10-04,0.0
2013-10-05,0.0
2013-10-06,0.0
2013-10-07,0.0
2013-10-08,0.0
2013-10-09,0.0
2013-10-10,0.0
2013-10-11,0.0
2013-10-12,0.0
2013-10-13,0.0
2013-10-14,0.0
2013-10-15,0.0
2013-10-16,0.0
2013-10-17,0.0
2013-10-18,0.0
2013-10-19,0.0
2013-10-20,0.0
2013-10-21,0.0
2013-10-22,0.0
2013-10-23,0.0
2013-10-24,0.0
2013-10-25,0.0
2013-10-26,0.0
2013-10-27,0.0
2013-10-28,0.0
2013-10-29,0.0
2013-10-30,0.0
2013-10-31,0.0
2013-11-01,0.0
2013-11-02,0.0
2013-11-03,0.0
2013-11-04,0.0
2013-11-05,0.0
2013-11-06,0.0
2013-11-07,0.0
2013-11-08,0.0
2013-11-09,0.0
2013-11-10,0.0
2013-11-11,0.0
2013-11-12,0.0
2013-11-13,0.0
2013-11-14,0.0
2013-11-15,0.0
2013-11-16,0.0
2013-11-17,0.0
2013-11-18,0.0
2013-11-19,0.0
2013-11-20,0.0
2013-11-21,0.0
2013-11-22,0.0
2013-11-23,0.0
2013-11-24,0.0
2013-11-25,0.0
2013-11-26,0.0
2013-11-27,0.0
2013-11-28,0.0
2013-11-29,0.0
2013-11-30,0.0
2013-12-01,0.0
2013-12-02,0.0
2013-12-03,0.0
2013-12-04,0.0
2013-12-05,0.0
2013-12-06,0.0
2013-12-07,0.0
2013-12-08,0.0
2013-12-09,0.0
2013-12-10,0.0
2013-12-11,0.0
2013-12-12,0.0
2013-12-13,0.0
2013-12-14,0.0
2013-12-15,0.0
2013-12-16,0.0
2013-12-17,0.0
2013-12-18,0.0
2013-12-19,0.0
2013-12-20,0.0
2013-12-21,0.0
2013-12-22,0.0
2013-12-23,0.0
2013-12-24,0.0
2013-12-25,0.0
2013-12-26,0.0
2013-12-27,0.0
2013-12-28,0.0
2013-12-29,0.0
2013-12-30,0.0
2013-12-31,0.0
2014-01-01,0.0
2014-01-02,0.0
2014-01-03,0.0
2014-01-04,0.0
2014-01-05,0.0
2014-01-06,0.0
2014-01-07,0.0
2014-01-08,0.0
2014-01-09,0.0
2014-01-10,0.0
2014-01-11,0.0
2014-01-12,0.0
2014-01-13,0.0
2014-01-14,0.0
2014-01-15,0.0
2014-01-16,0.0
2014-01-17,0.0
2014-01-18,0.0
2014-01-19,0.0
2014-01-20,0.0
2014-01-21,0.0
2014-01-22,0.0
2014-01-23,0.0
2014-01-24,0.0
2014-01-25,0.0
2014-01-26,0.0
2014-01-27,0.0
2014-01-28,0.0
2014-01-29,0.0
2014-01-30,0.0
2014-01-31,0.0
2014-02-01,0.0
2014-02-02,0.0
2014-02-03,0.0
2014-02-04,0.0
2014-02-05,0.0
2014-02-06,0.0
2014-02-07,0.0
2014-02-08,0.0
2014-02-09,0.0
2014-02-10,0.0
2014-02-11,0.0
2014-02-12,0.0
2014-02-13,0.0
2014-02-14,0.0
2014-02-15,0.0
2014-02-16,0.0
2014-02-17,0.0
2014-02-18,0.0
2014-02-19,0.0
2014-02-20,0.0
2014-02-21,0.0
2014-02-22,0.0
2014-02-23,0.0
2014-02-24,0.0
2014-02-25,0.0
2014-02-26,0.0
2014-02-27,0.0
2014-02-28,0.0
2014-03-01,0.0
2014-03-02,0.0
2014-03-03,0.0
2014-03-04,0.0
2014-03-05,0.0
2014-03-06,0.0
2014-03-07,0.0
2014-03-08,0.0
2014-03-09,0.0
2014-03-10,0.0
2014-03-11,0.0
2014-03-12,0.0
2014-03-13,0.0
2014-03-14,0.0
2014-03-15,0.0
2014-03-16,0.0
2014-03-17,0.0
2014-03-18,0.0
2014-03-19,0.0
2014-03-20,0.0
2014-03-21,0.0
2014-03-22,0.0
2014-03-23,0.0
2014-03-24,0.0
2014-03-25,0.0
2014-03-26,0.0
2014-03-27,0.0
2014-03-28,0.0
2014-03-29,0.0
2014-03-30,0.0
2014-03-31,0.0
2014-04-01,0.0
2014-04-02,0.0
2014-04-03,0.0
2014-04-04,0.0
2014-04-05,0.0
2014-04-06,0.0
2014-04-07,0.0
2014-04-08,0.0
2014-04-09,0.0
2014-04-10,0.0
2014-04-11,0.0
2014-04-12,0.0
2014-04-13,0.0
2014-04-14,0.0
2014-04-15,0.0
2014-04-16,0.0
2014-04-17,0.0
2014-04-18,0.0
2014-04-19,0.0
2014-04-20,0.0
2014-04-21,0.0
2014-04-22,0.0
2014-04-23,0.0
2014-04-24,0.0
2014-04-25,0.0
2014-04-26,0.0
2014-04-27,0.0
2014-04-28,0.0
2014-04-29,0.0
2014-04-30,0.0
2014-05-01,0.0
2014-05-02,0.0
2014-05-03,0.0
2014-05-04,0.0
2014-05-05,0.0
2014-05-06,0.0
2014-05-07,0.0
2014-05-08,0.0
2014-05-09,0.0
2014-05-10,0.0
2014-05-11,0.0
2014-05-12,0.0
2014-05-13,0.0
2014-05-14,0.0
2014-05-15,0.0
2014-05-16,0.0
2014-05-17,0.0
2014-05-18,0.0
2014-05-19,0.0
2014-05-20,0.0
2014-05-21,0.0
2014-05-22,0.0
2014-05-23,0.0
2014-05-24,0.0
2014-05-25,0.0
2014-05-26,0.0
2014-05-27,0.0
2014-05-28,0.0
2014-05-29,0.0
2014-05-30,0.0
2014-05-31,0.0
2014-06-01,0.0
2014-06-02,0.0
2014-06-03,0.0
2014-06-04,0.0
2014-06-05,0.0
2014-06-06,0.0
2014-06-07,0.0
2014-06-08,0.0
2014-06-09,0.0
2014-06-10,0.0
2014-06-11,0.0
2014-06-12,0.0
2014-06-13,0.0
2014-06-14,0.0
2014-06-15,0.0
2014-06-16,0.0
2014-06-17,0.0
2014-06-18,0.0
2014-06-19,0.0
2014-06-20,0.0
2014-06-21,0.0
2014-06-22,0.0
2014-06-23,0.0
2014-06-24,0.0
2014-06-25,0.0
2014-06-26,0.0
2014-06-27,0.0
2014-06-28,0.0
2014-06-29,0.0
2014-06-30,0.0
2014-07-01,0.0
2014-07-02,0.0
2014-07-03,0.0
2014-07-04,0.0
2014-07-05,0.0
2014-07-06,0.0
2014-07-07,0.0
2014-07-08,0.0
2014-07-09,0.0
2014-07-10,0.0
2014-07-11,0.0
2014-07-12,0.0
2014-07-13,0.0
2014-07-14,0.0
2014-07-15,0.0
2014-07-16,0.0
2014-07-17,0.0
2014-07-18,0.0
2014-07-19,0.0
2014-07-20,0.0
2014-07-21,0.0
2014-07-22,0.0
2014-07-23,0.0
2014-07-24,0.0
2014-07-25,0.0
2014-07-26,0.0
2014-07-27,0.0
2014-07-28,0.0
2014-07-29,0.0
2014-07-30,0.0
2014-07-31,0.0
2014-08-01,0.0
2014-08-02,0.0
2014-08-03,0.0
2014-08-04,0.0
2014-08-05,0.0
2014-08-06,0.0
2014-08-07,0.0
2014-08-08,0.0
2014-08-09,0.0
2014-08-10,0.0
2014-08-11,0.0
2014-08-12,0.0
2014-08-13,0.0
2014-08-14,0.0
2014-08-15,0.0
2014-08-16,0.0
2014-08-17,0.0
2014-08-18,0.0
2014-08-19,0.0
2014-08-20,0.0
2014-08-21,0.0
2014-08-22,0.0
2014-08-23,0.0
2014-08-24,0.0
2014-08-25,0.0
2014-08-26,0.0
2014-08-27,0.0
2014-08-28,0.0
2014-08-29,0.0
2014-08-30,0.0
2014-08-31,0.0
2014-09-01,0.0
2014-09-02,0.0
2014-09-03,0.0
2014-09-04,0.0
2014-09-05,0.0
2014-09-06,0.0
2014-09-07,0.0
2014-09-08,0.0
2014-09-09,0.0
2014-09-10,0.0
2014-09-11,0.0
2014-09-12,0.0
2014-09-13,0.0
2014-09-14,0.0
2014-09-15,0.0
2014-09-16,0.0
2014-09-17,0.0
2014-09-18,0.0
2014-09-19,0.0
2014-09-20,0.0
2014-09-21,0.0
2014-09-22,0.0
2014-09-23,0.0
2014-09-24,0.0
2014-09-25,0.0
2014-09-26,0.0
2014-09-27,0.0
2014-09-28,0.0
2014-09-29,0.0
2014-09-30,0.0
2014-10-01,0.0
2014-10-02,0.0
2014-10-03,0.0
2014-10-04,0.0
2014-10-05,0.0
2014-10-06,0.0
2014-10-07,0.0
2014-10-08,0.0
2014-10-09,0.0
2014-10-10,0.0
2014-10-11,0.0
2014-10-12,0.0
2014-10-13,0.0
2014-10-14,0.0
2014-10-15,0.0
2014-10-16,0.0
2014-10-17,0.0
2014-10-18,0.0
2014-10-19,0.0
2014-10-20,0.0
2014-10-21,0.0
2014-10-22,0.0
2014-10-23,0.0
2014-10-24,0.0
2014-10-25,0.0
2014-10-26,0.0
2014-10-27,0.0
2014-10-28,0.0
2014-10-29,0.0
2014-10-30,0.0
2014-10-31,0.0
2014-11-01,0.0
2014-11-02,0.0
2014-11-03,0.0
2014-11-04,0.0
2014-11-05,0.0
2014-11-06,0.0
2014-11-07,0.0
2014-11-08,0.0
2014-11-09,0.0
2014-11-10,0.0
2014-11-11,0.0
2014-11-12,0.0
2014-11-13,0.0
2014-11-14,0.0
2014-11-15,0.0
2014-11-16,0.0
2014-11-17,0.0
2014-11-18,0.0
2014-11-19,0.0
2014-11-20,0.0
2014-11-21,0.0
2014-11-22,0.0
2014-11-23,0.0
2014-11-24,0.0
2014-11-25,0.0
2014-11-26,0.0
2014-11-27,0.0
2014-11-28,0.0
2014-11-29,0.0
2014-11-30,0.0
2014-12-01,0.0
2014-12-02,0.0
2014-12-03,0.0
2014-12-04,0.0
2014-12-05,0.0
2014-12-06,0.0
2014-12-07,0.0
2014-12-08,0.0
2014-12-09,0.0
2014-12-10,0.0
2014-12-11,0.0
2014-12-12,0.0
2014-12-13,0.0
2014-12-14,0.0
2014-12-15,0.0
2014-12-16,0.0
2014-12-17,0.0
2014-12-18,0.0
2014-12-19,0.0
2014-12-20,0.0
2014-12-21,0.0
2014-12-22,0.0
2014-12-23,0.0
2014-12-24,0.0
2014-12-25,0.0
2014-12-26,0.0
2014-12-27,0.0
2014-12-28,0.0
2014-12-29,0.0
2014-12-30,0.0
2014-12-31,0.0
2015-01-01,0.0
2015-01-02,0.0
2015-01-03,0.0
2015-01-04,0.0
2015-01-05,0.0
2015-01-06,0.0
2015-01-07,0.0
2015-01-08,0.0
2015-01-09,0.0
2015-01-10,0.0
2015-01-11,0.0
2015-01-12,0.0
2015-01-13,0.0
2015-01-14,0.0
2015-01-15,0.0
2015-01-16,0.0
2015-01-17,0.0
2015-01-18,0.0
2015-01-19,0.0
2015-01-20,0.0
2015-01-21,0.0
2015-01-22,0.0
2015-01-23,0.0
2015-01-24,0.0
2015-01-25,0.0
2015-01-26,0.0
2015-01-27,0.0
2015-01-28,0.0
2015-01-29,0.0
2015-01-30,0.0
2015-01-31,0.0
2015-02-01,0.0
2015-02-02,0.0
2015-02-03,0.0
2015-02-04,0.0
2015-02-05,0.0
2015-02-06,0.0
2015-02-07,0.0
2015-02-08,0.0
2015-02-09,0.0
2015-02-10,0.0
2015-02-11,0.0
2015-02-12,0.0
2015-02-13,0.0
2015-02-14,0.0
2015-02-15,0.0
2015-02-16,0.0
2015-02-17,0.0
2015-02-18,0.0
2015-02-19,0.0
2015-02-20,0.0
2015-02-21,0.0
2015-02-22,0.0
2015-02-23,0.0
2015-02-24,0.0
2015-02-25,0.0
2015-02-26,0.0
2015-02-27,0.0
2015-02-28,0.0
2015-03-01,0.0
2015-03-02,0.0
2015-03-03,0.0
2015-03-04,0.0
2015-03-05,0.0
2015-03-06,0.0
2015-03-07,0.0
2015-03-08,0.0
2015-03-09,0.0
2015-03-10,0.0
2015-03-11,0.0
2015-03-12,0.0
2015-03-13,0.0
2015-03-14,0.0
2015-03-15,0.0
2015-03-16,0.0
2015-03-17,0.0
2015-03-18,0.0
2015-03-19,0.0
2015-03-20,0.0
2015-03-21,0.0
2015-03-22,0.0
2015-03-23,0.0
2015-03-24,0.0
2015-03-25,0.0
2015-03-26,0.0
2015-03-27,0.0
2015-03-28,0.0
2015-03-29,0.0
2015-03-30,0.0
2015-03-31,0.0
2015-04-01,0.0
2015-04-02,0.0
2015-04-03,0.0
2015-04-04,0.0
2015-04-05,0.0
2015-04-06,0.0
2015-04-07,0.0
2015-04-08,0.0
2015-04-09,0.0
2015-04-10,0.0
2015-04-11,0.0
2015-04-12,0.0
2015-04-13,0.0
2015-04-14,0.0
2015-04-15,0.0
2015-04-16,0.0
2015-04-17,0.0
2015-04-18,0.0
2015-04-19,0.0
2015-04-20,0.0
2015-04-21,0.0
2015-04-22,0.0
2015-04-23,0.0
2015-04-24,0.0
2015-04-25,0.0
2015-04-26,0.0
2015-04-27,0.0
2015-04-28,0.0
2015-04-29,0.0
2015-04-30,0.0
2015-05-01,0.0
2015-05-02,0.0
2015-05-03,0.0
2015-05-04,0.0
2015-05-05,0.0
2015-05-06,0.0
2015-05-07,0.0
2015-05-08,0.0
2015-05-09,0.0
2015-05-10,0.0
2015-05-11,0.0
2015-05-12,0.0
2015-05-13,0.0
2015-05-14,0.0
2015-05-15,0.0
2015-05-16,0.0
2015-05-17,0.0
2015-05-18,0.0
2015-05-19,0.0
2015-05-20,0.0
2015-05-21,0.0
2015-05-22,0.0
2015-05-23,0.0
2015-05-24,0.0
2015-05-25,0.0
2015-05-26,0.0
2015-05-27,0.0
2015-05-28,0.0
2015-05-29,0.0
2015-05-30,0.0
2015-05-31,0.0
2015-06-01,0.0
2015-06-02,0.0
2015-06-03,0.0
2015-06-04,0.0
2015-06-05,0.0
2015-06-06,0.0
2015-06-07,0.0
2015-06-08,0.0
2015-06-09,0.0
2015-06-10,0.0
2015-06-11,0.0
2015-06-12,0.0
2015-06-13,0.0
2015-06-14,0.0
2015-06-15,0.0
2015-06-16,0.0
2015-06-17,0.0
2015-06-18,0.0
2015-06-19,0.0
2015-06-20,0.0
2015-06-21,0.0
2015-06-22,0.0
2015-06-23,0.0
2015-06-24,0.0
2015-06-25,0.0
2015-06-26,0.0
2015-06-27,0.0
2015-06-28,0.0
2015-06-29,0.0
2015-06-30,0.0
2015-07-01,0.0
2015-07-02,0.0
2015-07-03,0.0
2015-07-04,0.0
2015-07-05,0.0
2015-07-06,0.0
2015-07-07,0.0
2015-07-08,0.0
2015-07-09,0.0
2015-07-10,0.0
2015-07-11,0.0
2015-07-12,0.0
2015-07-13,0.0
2015-07-14,0.0
2015-07-15,0.0
2015-07-16,0.0
2015-07-17,0.0
2015-07-18,0.0
2015-07-19,0.0
2015-07-20,0.0
2015-07-21,0.0
2015-07-22,0.0
2015-07-23,0.0
2015-07-24,0.0
2015-07-25,0.0
2015-07-26,0.0
2015-07-27,0.0
2015-07-28,0.0
2015-07-29,0.0
2015-07-30,0.0
2015-07-31,0.0
2015-08-01,0.0
2015-08-02,0.0
2015-08-03,0.0
2015-08-04,0.0
2015-08-05,0.0
2015-08-06,0.0
2015-08-07,0.0
2015-08-08,0.0
2015-08-09,0.0
2015-08-10,0.0
2015-08-11,0.0
2015-08-12,0.0
2015-08-13,0.0
2015-08-14,0.0
2015-08-15,0.0
2015-08-16,0.0
2015-08-17,0.0
2015-08-18,0.0
2015-08-19,0.0
2015-08-20,0.0
2015-08-21,0.0
2015-08-22,0.0
2015-08-23,0.0
2015-08-24,0.0
2015-08-25,0.0
2015-08-26,0.0
2015-08-27,0.0
2015-08-28,0.0
2015-08-29,0.0
2015-08-30,0.0
2015-08-31,0.0
2015-09-01,0.0
2015-09-02,0.0
2015-09-03,0.0
2015-09-04,0.0
2015-09-05,0.0
2015-09-06,0.0
2015-09-07,0.0
2015-09-08,0.0
2015-09-09,0.0
2015-09-10,0.0
2015-09-11,0.0
2015-09-12,0.0
2015-09-13,0.0
2015-09-14,0.0
2015-09-15,0.0
2015-09-16,0.0
2015-09-17,0.0
2015-09-18,0.0
2015-09-19,0.0
2015-09-20,0.0
2015-09-21,0.0
2015-09-22,0.0
2015-09-23,0.0
2015-09-24,0.0
2015-09-25,0.0
2015-09-26,0.0
2015-09-27,0.0
2015-09-28,0.0
2015-09-29,0.0
2015-09-30,0.0
2015-10-01,0.0
2015-10-02,0.0
2015-10-03,0.0
2015-10-04,0.0
2015-10-05,0.0
2015-10-06,0.0
2015-10-07,244.31146609274583
2015-10-08,244.31146609274583
2015-10-09,244.31146609274583
2015-10-10,244.31146609274583
2015-10-11,244.31146609274583
2015-10-12,244.31146609274583
2015-10-13,244.31146609274583
2015-10-14,244.31146609274583
2015-10-15,244.31146609274583
2015-10-16,244.31146609274583
2015-10-17,244.31146609274583
2015-10-18,244.31146609274583
2015-10-19,244.31146609274583
2015-10-20,244.31146609274583
2015-10-21,244.31146609274583
2015-10-22,244.31146609274583
2015-10-23,244.31146609274583
2015-10-24,244.31146609274583
2015-10-25,244.31146609274583
2015-10-26,244.31146609274583
2015-10-27,244.31146609274583
2015-10-28,244.31146609274583
2015-10-29,244.31146609274583
2015-10-30,244.31146609274583
2015-10-31,244.31146609274583
2015-11-01,244.31146609274583
2015-11-02,244.31146609274583
2015-11-03,244.31146609274583
2015-11-04,244.31146609274583
2015-11-05,244.31146609274583
2015-11-06,0.0
2015-11-07,0.0
2015-11-08,0.0
2015-11-09,0.0
2015-11-10,0.0
2015-11-11,0.0
2015-11-12,0.0
2015-11-13,0.0
2015-11-14,0.0
2015-11-15,0.0
2015-11-16,0.0
2015-11-17,0.0
2015-11-18,0.0
2015-11-19,0.0
2015-11-20,0.0
2015-11-21,0.0
2015-11-22,0.0
2015-11-23,0.0
2015-11-24,0.0
2015-11-25,0.0
2015-11-26,0.0
2015-11-27,0.0
2015-11-28,0.0
2015-11-29,0.0
2015-11-30,0.0
2015-12-01,0.0
2015-12-02,0.0
2015-12-03,0.0
2015-12-04,0.0
2015-12-05,0.0
2015-12-06,0.0
2015-12-07,0.0
2015-12-08,0.0
2015-12-09,0.0
2015-12-10,0.0
2015-12-11,0.0
2015-12-12,0.0
2015-12-13,0.0
2015-12-14,0.0
2015-12-15,0.0
2015-12-16,0.0
2015-12-17,0.0
2015-12-18,0.0
2015-12-19,0.0
2015-12-20,0.0
2015-12-21,0.0
2015-12-22,0.0
2015-12-23,0.0
2015-12-24,0.0
2015-12-25,0.0
2015-12-26,0.0
2015-12-27,0.0
2015-12-28,0.0
2015-12-29,0.0
2015-12-30,0.0
2015-12-31,0.0
2016-01-01,0.0
2016-01-02,0.0
2016-01-03,0.0
2016-01-04,0.0
2016-01-05,0.0
2016-01-06,0.0
2016-01-07,0.0
2016-01-08,0.0
2016-01-09,0.0
2016-01-10,0.0
2016-01-11,0.0
2016-01-12,0.0
2016-01-13,0.0
2016-01-14,0.0
2016-01-15,0.0
2016-01-16,0.0
2016-01-17,0.0
2016-01-18,0.0
2016-01-19,0.0
2016-01-20,0.0
2016-01-21,0.0
2016-01-22,0.0
2016-01-23,0.0
2016-01-24,0.0
2016-01-25,0.0
2016-01-26,0.0
2016-01-27,0.0
2016-01-28,0.0
2016-01-29,0.0
2016-01-30,0.0
2016-01-31,0.0
2016-02-01,0.0
2016-02-02,0.0
2016-02-03,0.0
2016-02-04,0.0
2016-02-05,0.0
2016-02-06,0.0
2016-02-07,0.0
2016-02-08,0.0
2016-02-09,0.0
2016-02-10,0.0
2016-02-11,0.0
2016-02-12,0.0
2016-02-13,0.0
2016-02-14,0.0
2016-02-15,0.0
2016-02-16,0.0
2016-02-17,0.0
2016-02-18,0.0
2016-02-19,0.0
2016-02-20,0.0
2016-02-21,0.0
2016-02-22,0.0
2016-02-23,0.0
2016-02-24,0.0
2016-02-25,0.0
2016-02-26,0.0
2016-02-27,0.0
2016-02-28,0.0
2016-02-29,0.0
2016-03-01,0.0
2016-03-02,0.0
2016-03-03,0.0
2016-03-04,0.0
2016-03-05,0.0
2016-03-06,0.0
2016-03-07,0.0
2016-03-08,0.0
2016-03-09,0.0
2016-03-10,0.0
2016-03-11,0.0
2016-03-12,0.0
2016-03-13,0.0
2016-03-14,0.0
2016-03-15,0.0
2016-03-16,0.0
2016-03-17,0.0
2016-03-18,0.0
2016-03-19,0.0
2016-03-20,0.0
2016-03-21,0.0
2016-03-22,0.0
2016-03-23,0.0
2016-03-24,0.0
2016-03-25,0.0
2016-03-26,0.0
2016-03-27,0.0
2016-03-28,0.0
2016-03-29,0.0
2016-03-30,0.0
2016-03-31,0.0
2016-04-01,0.0
2016-04-02,0.0
2016-04-03,0.0
2016-04-04,0.0
2016-04-05,0.0
2016-04-06,0.0
2016-04-07,0.0
2016-04-08,0.0
2016-04-09,0.0
2016-04-10,0.0
2016-04-11,0.0
2016-04-12,0.0
2016-04-13,0.0
2016-04-14,0.0
2016-04-15,0.0
2016-04-16,0.0
2016-04-17,0.0
2016-04-18,0.0
2016-04-19,0.0
2016-04-20,0.0
2016-04-21,0.0
2016-04-22,0.0
2016-04-23,0.0
2016-04-24,0.0
2016-04-25,0.0
2016-04-26,0.0
2016-04-27,0.0
2016-04-28,0.0
2016-04-29,0.0
2016-04-30,0.0
2016-05-01,0.0
2016-05-02,0.0
2016-05-03,0.0
2016-05-04,0.0
2016-05-05,0.0
2016-05-06,0.0
2016-05-07,0.0
2016-05-08,0.0
2016-05-09,0.0
2016-05-10,0.0
2016-05-11,0.0
2016-05-12,0.0
2016-05-13,0.0
2016-05-14,0.0
2016-05-15,0.0
2016-05-16,0.0
2016-05-17,0.0
2016-05-18,0.0
2016-05-19,0.0
2016-05-20,0.0
2016-05-21,0.0
2016-05-22,0.0
2016-05-23,0.0
2016-05-24,0.0
2016-05-25,0.0
2016-05-26,0.0
2016-05-27,0.0
2016-05-28,0.0
2016-05-29,0.0
2016-05-30,0.0
2016-05-31,0.0
2016-06-01,0.0
2016-06-02,0.0
2016-06-03,0.0
2016-06-04,29.18414624624438
2016-06-05,29.18414624624438
2016-06-06,29.18414624624438
2016-06-07,29.18414624624438
2016-06-08,29.18414624624438
2016-06-09,29.18414624624438
2016-06-10,29.18414624624438
2016-06-11,29.18414624624438
2016-06-12,29.18414624624438
2016-06-13,29.18414624624438
2016-06-14,29.18414624624438
2016-06-15,29.18414624624438
2016-06-16,29.18414624624438
2016-06-17,29.18414624624438
2016-06-18,29.18414624624438
2016-06-19,29.18414624624438
2016-06-20,29.18414624624438
2016-06-21,29.18414624624438
2016-06-22,29.18414624624438
2016-06-23,29.18414624624438
2016-06-24,29.18414624624438
2016-06-25,29.18414624624438
2016-06-26,29.18414624624438
2016-06-27,29.18414624624438
2016-06-28,29.18414624624438
2016-06-29,29.18414624624438
2016-06-30,29.18414624624438
2016-07-01,29.18414624624438
2016-07-02,29.18414624624438
2016-07-03,29.18414624624438
2016-07-04,0.0
2016-07-05,0.0
2016-07-06,0.0
2016-07-07,0.0
2016-07-08,0.0
2016-07-09,0.0
2016-07-10,0.0
2016-07-11,13.33521432163324
2016-07-12,13.33521432163324
2016-07-13,13.33521432163324
2016-07-14,13.33521432163324
2016-07-15,13.33521432163324
2016-07-16,13.33521432163324
2016-07-17,13.33521432163324
2016-07-18,13.33521432163324
2016-07-19,13.33521432163324
2016-07-20,13.33521432163324
2016-07-21,13.33521432163324
2016-07-22,13.33521432163324
2016-07-23,13.33521432163324
2016-07-24,13.33521432163324
2016-07-25,13.33521432163324
2016-07-26,13.33521432163324
2016-07-27,13.33521432163324
2016-07-28,13.33521432163324
2016-07-29,13.33521432163324
2016-07-30,13.33521432163324
2016-07-31,13.33521432163324
2016-08-01,13.33521432163324
2016-08-02,13.33521432163324
2016-08-03,13.33521432163324
2016-08-04,13.33521432163324
2016-08-05,13.33521432163324
2016-08-06,13.33521432163324
2016-08-07,13.33521432163324
2016-08-08,13.33521432163324
2016-08-09,13.33521432163324
2016-08-10,0.0
2016-08-11,0.0
2016-08-12,0.0
2016-08-13,0.0
2016-08-14,0.0
2016-08-15,0.0
2016-08-16,0.0
2016-08-17,0.0
2016-08-18,0.0
2016-08-19,0.0
2016-08-20,0.0
2016-08-21,0.0
2016-08-22,0.0
2016-08-23,0.0
2016-08-24,0.0
2016-08-25,0.0
2016-08-26,0.0
2016-08-27,0.0
2016-08-28,0.0
2016-08-29,13.33521432163324
2016-08-30,13.33521432163324
2016-08-31,13.33521432163324
2016-09-01,13.33521432163324
2016-09-02,13.33521432163324
2016-09-03,13.33521432163324
2016-09-04,13.33521432163324
2016-09-05,13.33521432163324
2016-09-06,13.33521432163324
2016-09-07,13.33521432163324
2016-09-08,13.33521432163324
2016-09-09,13.33521432163324
2016-09-10,13.33521432163324
2016-09-11,13.33521432163324
2016-09-12,13.33521432163324
2016-09-13,13.33521432163324
2016-09-14,13.33521432163324
2016-09-15,13.33521432163324
2016-09-16,13.33521432163324
2016-09-17,13.33521432163324
2016-09-18,13.33521432163324
2016-09-19,13.33521432163324
2016-09-20,13.33521432163324
2016-09-21,13.33521432163324
2016-09-22,13.33521432163324
2016-09-23,13.33521432163324
2016-09-24,13.33521432163324
2016-09-25,13.33521432163324
2016-09-26,13.33521432163324
2016-09-27,13.33521432163324
2016-09-28,0.0
2016-09-29,0.0
2016-09-30,0.0
2016-10-01,0.0
2016-10-02,0.0
2016-10-03,0.0
2016-10-04,0.0
2016-10-05,0.0
2016-10-06,0.0
2016-10-07,0.0
2016-10-08,0.0
2016-10-09,0.0
2016-10-10,0.0
2016-10-11,0.0
2016-10-12,0.0
2016-10-13,0.0
2016-10-14,0.0
2016-10-15,0.0
2016-10-16,0.0
2016-10-17,0.0
2016-10-18,0.0
2016-10-19,0.0
2016-10-20,0.0
2016-10-21,0.0
2016-10-22,0.0
2016-10-23,0.0
2016-10-24,0.0
2016-10-25,0.0
2016-10-26,0.0
2016-10-27,0.0
2016-10-28,0.0
2016-10-29,0.0
2016-10-30,0.0
2016-10-31,0.0
2016-11-01,0.0
2016-11-02,0.0
2016-11-03,0.0
2016-11-04,0.0
2016-11-05,0.0
2016-11-06,0.0
2016-11-07,0.0
2016-11-08,0.0
2016-11-09,0.0
2016-11-10,0.0
2016-11-11,0.0
2016-11-12,0.0
2016-11-13,0.0
2016-11-14,0.0
2016-11-15,0.0
2016-11-16,0.0
2016-11-17,0.0
2016-11-18,0.0
2016-11-19,0.0
2016-11-20,0.0
2016-11-21,0.0
2016-11-22,0.0
2016-11-23,0.0
2016-11-24,0.0
2016-11-25,0.0
2016-11-26,0.0
2016-11-27,0.0
2016-11-28,0.0
2016-11-29,0.0
2016-11-30,0.0
2016-12-01,0.0
2016-12-02,0.0
2016-12-03,0.0
2016-12-04,0.0
2016-12-05,0.0
2016-12-06,0.0
2016-12-07,0.0
2016-12-08,0.0
2016-12-09,0.0
2016-12-10,0.0
2016-12-11,0.0
2016-12-12,0.0
2016-12-13,0.0
2016-12-14,0.0
2016-12-15,0.0
2016-12-16,0.0
2016-12-17,0.0
2016-12-18,0.0
2016-12-19,0.0
2016-12-20,0.0
2016-12-21,0.0
2016-12-22,0.0
2016-12-23,0.0
2016-12-24,0.0
2016-12-25,0.0
2016-12-26,0.0
2016-12-27,0.0
2016-12-28,0.0
2016-12-29,0.0
2016-12-30,0.0
2016-12-31,0.0
2017-01-01,0.0
2017-01-02,0.0
2017-01-03,0.0
2017-01-04,0.0
2017-01-05,0.0
2017-01-06,0.0
2017-01-07,0.0
2017-01-08,0.0
2017-01-09,0.0
2017-01-10,0.0
2017-01-11,0.0
2017-01-12,0.0
2017-01-13,0.0
2017-01-14,0.0
2017-01-15,0.0
2017-01-16,0.0
2017-01-17,0.0
2017-01-18,0.0
2017-01-19,0.0
2017-01-20,0.0
2017-01-21,0.0
2017-01-22,0.0
2017-01-23,0.0
2017-01-24,0.0
2017-01-25,0.0
2017-01-26,0.0
2017-01-27,0.0
2017-01-28,0.0
2017-01-29,0.0
2017-01-30,0.0
2017-01-31,0.0
2017-02-01,0.0
2017-02-02,0.0
2017-02-03,0.0
2017-02-04,0.0
2017-02-05,0.0
2017-02-06,0.0
2017-02-07,0.0
2017-02-08,0.0
2017-02-09,0.0
2017-02-10,0.0
2017-02-11,0.0
2017-02-12,0.0
2017-02-13,0.0
2017-02-14,0.0
2017-02-15,0.0
2017-02-16,0.0
2017-02-17,0.0
2017-02-18,0.0
2017-02-19,0.0
2017-02-20,0.0
2017-02-21,0.0
2017-02-22,0.0
2017-02-23,0.0
2017-02-24,0.0
2017-02-25,0.0
2017-02-26,0.0
2017-02-27,0.0
2017-02-28,0.0
2017-03-01,0.0
2017-03-02,0.0
2017-03-03,0.0
2017-03-04,0.0
2017-03-05,0.0
2017-03-06,0.0
2017-03-07,0.0
2017-03-08,0.0
2017-03-09,0.0
2017-03-10,0.0
2017-03-11,0.0
2017-03-12,0.0
2017-03-13,0.0
2017-03-14,0.0
2017-03-15,0.0
2017-03-16,0.0
2017-03-17,0.0
2017-03-18,0.0
2017-03-19,0.0
2017-03-20,0.0
2017-03-21,0.0
2017-03-22,0.0
2017-03-23,0.0
2017-03-24,0.0
2017-03-25,0.0
2017-03-26,0.0
2017-03-27,0.0
2017-03-28,0.0
2017-03-29,0.0
2017-03-30,0.0
2017-03-31,0.0
2017-04-01,0.0
2017-04-02,0.0
2017-04-03,0.0
2017-04-04,0.0
2017-04-05,0.0
2017-04-06,0.0
2017-04-07,0.0
2017-04-08,0.0
2017-04-09,0.0
2017-04-10,0.0
2017-04-11,0.0
2017-04-12,0.0
2017-04-13,0.0
2017-04-14,0.0
2017-04-15,0.0
2017-04-16,0.0
2017-04-17,0.0
2017-04-18,0.0
2017-04-19,0.0
2017-04-20,0.0
2017-04-21,0.0
2017-04-22,0.0
2017-04-23,0.0
2017-04-24,0.0
2017-04-25,0.0
2017-04-26,0.0
2017-04-27,0.0
2017-04-28,0.0
2017-04-29,0.0
2017-04-30,0.0
2017-05-01,0.0
2017-05-02,0.0
2017-05-03,0.0
2017-05-04,0.0
2017-05-05,0.0
2017-05-06,0.0
2017-05-07,0.0
2017-05-08,0.0
2017-05-09,0.0
2017-05-10,0.0
2017-05-11,0.0
2017-05-12,0.0
2017-05-13,0.0
2017-05-14,0.0
2017-05-15,0.0
2017-05-16,0.0
2017-05-17,0.0
2017-05-18,0.0
2017-05-19,0.0
2017-05-20,0.0
2017-05-21,0.0
2017-05-22,0.0
2017-05-23,0.0
2017-05-24,0.0
2017-05-25,0.0
2017-05-26,0.0
2017-05-27,0.0
2017-05-28,0.0
2017-05-29,0.0
2017-05-30,0.0
2017-05-31,0.0
2017-06-01,0.0
2017-06-02,0.0
2017-06-03,0.0
2017-06-04,0.0
2017-06-05,0.0
2017-06-06,0.0
2017-06-07,0.0
2017-06-08,0.0
2017-06-09,0.0
2017-06-10,0.0
2017-06-11,0.0
2017-06-12,0.0
2017-06-13,0.0
2017-06-14,0.0
2017-06-15,0.0
2017-06-16,0.0
2017-06-17,0.0
2017-06-18,0.0
2017-06-19,0.0
2017-06-20,0.0
2017-06-21,0.0
2017-06-22,0.0
2017-06-23,0.0
2017-06-24,0.0
2017-06-25,0.0
2017-06-26,0.0
2017-06-27,0.0
2017-06-28,0.0
2017-06-29,0.0
2017-06-30,0.0
2017-07-01,0.0
2017-07-02,0.0
2017-07-03,0.0
2017-07-04,0.0
2017-07-05,0.0
2017-07-06,0.0
2017-07-07,0.0
2017-07-08,0.0
2017-07-09,0.0
2017-07-10,0.0
2017-07-11,0.0
2017-07-12,0.0
2017-07-13,0.0
2017-07-14,0.0
2017-07-15,0.0
2017-07-16,0.0
2017-07-17,0.0
2017-07-18,0.0
2017-07-19,0.0
2017-07-20,0.0
2017-07-21,0.0
2017-07-22,0.0
2017-07-23,0.0
2017-07-24,0.0
2017-07-25,0.0
2017-07-26,0.0
2017-07-27,0.0
2017-07-28,0.0
2017-07-29,0.0
2017-07-30,0.0
2017-07-31,0.0
2017-08-01,0.0
2017-08-02,0.0
2017-08-03,0.0
2017-08-04,0.0
2017-08-05,0.0
2017-08-06,0.0
2017-08-07,0.0
2017-08-08,0.0
2017-08-09,0.0
2017-08-10,0.0
2017-08-11,0.0
2017-08-12,0.0
2017-08-13,0.0
2017-08-14,0.0
2017-08-15,0.0
2017-08-16,0.0
2017-08-17,0.0
2017-08-18,0.0
2017-08-19,0.0
2017-08-20,0.0
2017-08-21,0.0
2017-08-22,0.0
2017-08-23,0.0
2017-08-24,0.0
2017-08-25,0.0
2017-08-26,0.0
2017-08-27,0.0
2017-08-28,0.0
2017-08-29,0.0
2017-08-30,0.0
2017-08-31,0.0
2017-09-01,0.0
2017-09-02,0.0
2017-09-03,0.0
2017-09-04,0.0
2017-09-05,0.0
2017-09-06,0.0
2017-09-07,0.0
2017-09-08,0.0
2017-09-09,0.0
2017-09-10,0.0
2017-09-11,0.0
2017-09-12,0.0
2017-09-13,0.0
2017-09-14,0.0
2017-09-15,0.0
2017-09-16,0.0
2017-09-17,0.0
2017-09-18,0.0
2017-09-19,0.0
2017-09-20,0.0
2017-09-21,0.0
2017-09-22,0.0
2017-09-23,0.0
2017-09-24,0.0
2017-09-25,0.0
2017-09-26,0.0
2017-09-27,0.0
2017-09-28,0.0
2017-09-29,0.0
2017-09-30,0.0
2017-10-01,0.0
2017-10-02,0.0
2017-10-03,0.0
2017-10-04,0.0
2017-10-05,0.0
2017-10-06,0.0
2017-10-07,0.0
2017-10-08,0.0
2017-10-09,0.0
2017-10-10,0.0
2017-10-11,0.0
2017-10-12,0.0
2017-10-13,0.0
2017-10-14,0.0
2017-10-15,0.0
2017-10-16,0.0
2017-10-17,0.0
2017-10-18,0.0
2017-10-19,0.0
2017-10-20,0.0
2017-10-21,0.0
2017-10-22,0.0
2017-10-23,0.0
2017-10-24,0.0
2017-10-25,0.0
2017-10-26,0.0
2017-10-27,0.0
2017-10-28,0.0
2017-10-29,0.0
2017-10-30,0.0
2017-10-31,0.0
2017-11-01,0.0
2017-11-02,0.0
2017-11-03,0.0
2017-11-04,0.0
2017-11-05,0.0
2017-11-06,0.0
2017-11-07,0.0
2017-11-08,0.0
2017-11-09,0.0
2017-11-10,0.0
2017-11-11,0.0
2017-11-12,0.0
2017-11-13,0.0
2017-11-14,0.0
2017-11-15,0.0
2017-11-16,0.0
2017-11-17,0.0
2017-11-18,0.0
2017-11-19,0.0
2017-11-20,0.0
2017-11-21,0.0
2017-11-22,0.0
2017-11-23,0.0
2017-11-24,0.0
2017-11-25,0.0
2017-11-26,0.0
2017-11-27,0.0
2017-11-28,0.0
2017-11-29,0.0
2017-11-30,0.0
2017-12-01,0.0
2017-12-02,0.0
2017-12-03,0.0
2017-12-04,0.0
2017-12-05,0.0
2017-12-06,0.0
2017-12-07,0.0
2017-12-08,0.0
2017-12-09,0.0
2017-12-10,0.0
2017-12-11,0.0
2017-12-12,0.0
2017-12-13,0.0
2017-12-14,0.0
2017-12-15,0.0
2017-12-16,0.0
2017-12-17,0.0
2017-12-18,0.0
2017-12-19,0.0
2017-12-20,0.0
2017-12-21,0.0
2017-12-22,0.0
2017-12-23,0.0
2017-12-24,0.0
2017-12-25,0.0
2017-12-26,0.0
2017-12-27,0.0
2017-12-28,0.0
2017-12-29,0.0
2017-12-30,0.0
2017-12-31,0.0
2018-01-01,0.0
2018-01-02,0.0
2018-01-03,0.0
2018-01-04,0.0
2018-01-05,0.0
2018-01-06,0.0
2018-01-07,0.0
2018-01-08,0.0
2018-01-09,0.0
2018-01-10,0.0
2018-01-11,0.0
2018-01-12,0.0
2018-01-13,0.0
2018-01-14,0.0
2018-01-15,0.0
2018-01-16,0.0
2018-01-17,0.0
2018-01-18,0.0
2018-01-19,0.0
2018-01-20,0.0
2018-01-21,0.0
2018-01-22,0.0
2018-01-23,0.0
2018-01-24,0.0
2018-01-25,0.0
2018-01-26,0.0
2018-01-27,0.0
2018-01-28,0.0
2018-01-29,0.0
2018-01-30,0.0
2018-01-31,0.0
2018-02-01,0.0
2018-02-02,0.0
2018-02-03,0.0
2018-02-04,0.0
2018-02-05,0.0
2018-02-06,0.0
2018-02-07,0.0
2018-02-08,0.0
2018-02-09,0.0
2018-02-10,0.0
2018-02-11,0.0
2018-02-12,0.0
2018-02-13,0.0
2018-02-14,0.0
2018-02-15,0.0
2018-02-16,0.0
2018-02-17,0.0
2018-02-18,0.0
2018-02-19,0.0
2018-02-20,0.0
2018-02-21,0.0
2018-02-22,0.0
2018-02-23,0.0
2018-02-24,0.0
2018-02-25,0.0
2018-02-26,0.0
2018-02-27,0.0
2018-02-28,0.0
2018-03-01,0.0
2018-03-02,0.0
2018-03-03,0.0
2018-03-04,0.0
2018-03-05,0.0
2018-03-06,0.0
2018-03-07,0.0
2018-03-08,0.0
2018-03-09,0.0
2018-03-10,0.0
2018-03-11,0.0
2018-03-12,134.40992649589973
2018-03-13,134.40992649589973
2018-03-14,134.40992649589973
2018-03-15,134.40992649589973
2018-03-16,134.40992649589973
2018-03-17,134.40992649589973
2018-03-18,134.40992649589973
2018-03-19,134.40992649589973
2018-03-20,134.40992649589973
2018-03-21,134.40992649589973
2018-03-22,134.40992649589973
2018-03-23,134.40992649589973
2018-03-24,134.40992649589973
2018-03-25,134.40992649589973
2018-03-26,134.40992649589973
2018-03-27,134.40992649589973
2018-03-28,134.40992649589973
2018-03-29,134.40992649589973
2018-03-30,134.40992649589973
2018-03-31,134.40992649589973
2018-04-01,134.40992649589973
2018-04-02,134.40992649589973
2018-04-03,134.40992649589973
2018-04-04,134.40992649589973
2018-04-05,134.40992649589973
2018-04-06,134.40992649589973
2018-04-07,134.40992649589973
2018-04-08,134.40992649589973
2018-04-09,134.40992649589973
2018-04-10,134.40992649589973
2018-04-11,0.0
2018-04-12,0.0
2018-04-13,0.0
2018-04-14,0.0
2018-04-15,0.0
2018-04-16,0.0
2018-04-17,0.0
2018-04-18,0.0
2018-04-19,0.0
2018-04-20,0.0
2018-04-21,18.836490894898002
2018-04-22,18.836490894898002
2018-04-23,18.836490894898002
2018-04-24,18.836490894898002
2018-04-25,18.836490894898002
2018-04-26,18.836490894898002
2018-04-27,18.836490894898002
2018-04-28,18.836490894898002
2018-04-29,18.836490894898002
2018-04-30,18.836490894898002
2018-05-01,18.836490894898002
2018-05-02,18.836490894898002
2018-05-03,18.836490894898002
2018-05-04,18.836490894898002
2018-05-05,18.836490894898002
2018-05-06,18.836490894898002
2018-05-07,18.836490894898002
2018-05-08,18.836490894898002
2018-05-09,18.836490894898002
2018-05-10,18.836490894898002
2018-05-11,18.836490894898002
2018-05-12,18.836490894898002
2018-05-13,18.836490894898002
2018-05-14,18.836490894898002
2018-05-15,18.836490894898002
2018-05-16,18.836490894898002
2018-05-17,18.836490894898002
2018-05-18,18.836490894898002
2018-05-19,18.836490894898002
2018-05-20,18.836490894898002
2018-05-21,0.0
2018-05-22,0.0
2018-05-23,0.0
2018-05-24,0.0
2018-05-25,0.0
2018-05-26,0.0
2018-05-27,0.0
2018-05-28,0.0
2018-05-29,0.0
2018-05-30,0.0
2018-05-31,0.0
2018-06-01,0.0
2018-06-02,0.0
2018-06-03,0.0
2018-06-04,0.0
2018-06-05,0.0
2018-06-06,0.0
2018-06-07,0.0
2018-06-08,0.0
2018-06-09,0.0
2018-06-10,0.0
2018-06-11,0.0
2018-06-12,0.0
2018-06-13,0.0
2018-06-14,20.660793305878865
2018-06-15,20.660793305878865
2018-06-16,20.660793305878865
2018-06-17,20.660793305878865
2018-06-18,20.660793305878865
2018-06-19,20.660793305878865
2018-06-20,20.660793305878865
2018-06-21,20.660793305878865
2018-06-22,20.660793305878865
2018-06-23,20.660793305878865
2018-06-24,20.660793305878865
2018-06-25,20.660793305878865
2018-06-26,20.660793305878865
2018-06-27,20.660793305878865
2018-06-28,20.660793305878865
2018-06-29,20.660793305878865
2018-06-30,20.660793305878865
2018-07-01,20.660793305878865
2018-07-02,20.660793305878865
2018-07-03,20.660793305878865
2018-07-04,20.660793305878865
2018-07-05,20.660793305878865
2018-07-06,20.660793305878865
2018-07-07,20.660793305878865
2018-07-08,20.660793305878865
2018-07-09,20.660793305878865
2018-07-10,20.660793305878865
2018-07-11,20.660793305878865
2018-07-12,20.660793305878865
2018-07-13,20.660793305878865
2018-07-14,0.0
2018-07-15,0.0
2018-07-16,0.0
2018-07-17,0.0
2018-07-18,0.0
2018-07-19,0.0
2018-07-20,0.0
2018-07-21,0.0
2018-07-22,0.0
2018-07-23,0.0
2018-07-24,0.0
2018-07-25,0.0
2018-07-26,0.0
2018-07-27,0.0
2018-07-28,0.0
2018-07-29,0.0
2018-07-30,0.0
2018-07-31,0.0
2018-08-01,0.0
2018-08-02,0.0
2018-08-03,0.0
2018-08-04,0.0
2018-08-05,0.0
2018-08-06,0.0
2018-08-07,0.0
2018-08-08,0.0
2018-08-09,0.0
2018-08-10,0.0
2018-08-11,0.0
2018-08-12,0.0
2018-08-13,0.0
2018-08-14,0.0
2018-08-15,0.0
2018-08-16,0.0
2018-08-17,0.0
2018-08-18,0.0
2018-08-19,0.0
2018-08-20,0.0
2018-08-21,0.0
2018-08-22,0.0
2018-08-23,0.0
2018-08-24,0.0
2018-08-25,0.0
2018-08-26,0.0
2018-08-27,0.0
2018-08-28,0.0
2018-08-29,0.0
2018-08-30,0.0
2018-08-31,0.0
2018-09-01,0.0
2018-09-02,0.0
2018-09-03,0.0
2018-09-04,0.0
2018-09-05,0.0
2018-09-06,0.0
2018-09-07,0.0
2018-09-08,0.0
2018-09-09,0.0
2018-09-10,0.0
2018-09-11,0.0
2018-09-12,0.0
2018-09-13,0.0
2018-09-14,0.0
2018-09-15,15.848931924611142
2018-09-16,15.848931924611142
2018-09-17,15.848931924611142
2018-09-18,53.43267235345557
2018-09-19,53.43267235345557
2018-09-20,53.43267235345557
2018-09-21,53.43267235345557
2018-09-22,53.43267235345557
2018-09-23,53.43267235345557
2018-09-24,53.43267235345557
2018-09-25,53.43267235345557
2018-09-26,53.43267235345557
2018-09-27,53.43267235345557
2018-09-28,53.43267235345557
2018-09-29,53.43267235345557
2018-09-30,53.43267235345557
2018-10-01,53.43267235345557
2018-10-02,53.43267235345557
2018-10-03,53.43267235345557
2018-10-04,53.43267235345557
2018-10-05,53.43267235345557
2018-10-06,53.43267235345557
2018-10-07,53.43267235345557
2018-10-08,66.76788667508882
2018-10-09,66.76788667508882
2018-10-10,66.76788667508882
2018-10-11,66.76788667508882
2018-10-12,98.39066327677261
2018-10-13,98.39066327677261
2018-10-14,98.39066327677261
2018-10-15,82.54173135216146
2018-10-16,82.54173135216146
2018-10-17,82.54173135216146
2018-10-18,44.957990923317034
2018-10-19,44.957990923317034
2018-10-20,44.957990923317034
2018-10-21,44.957990923317034
2018-10-22,44.957990923317034
2018-10-23,44.957990923317034
2018-10-24,44.957990923317034
2018-10-25,44.957990923317034
2018-10-26,44.957990923317034
2018-10-27,44.957990923317034
2018-10-28,44.957990923317034
2018-10-29,44.957990923317034
2018-10-30,44.957990923317034
2018-10-31,44.957990923317034
2018-11-01,44.957990923317034
2018-11-02,44.957990923317034
2018-11-03,44.957990923317034
2018-11-04,44.957990923317034
2018-11-05,44.957990923317034
2018-11-06,44.957990923317034
2018-11-07,31.622776601683796
2018-11-08,31.622776601683796
2018-11-09,31.622776601683796
2018-11-10,31.622776601683796
2018-11-11,0.0
2018-11-12,0.0
2018-11-13,0.0
2018-11-14,0.0
2018-11-15,0.0
2018-11-16,0.0
2018-11-17,0.0
2018-11-18,0.0
2018-11-19,0.0
2018-11-20,0.0
2018-11-21,0.0
2018-11-22,0.0
2018-11-23,0.0
2018-11-24,0.0
2018-11-25,0.0
2018-11-26,0.0
2018-11-27,0.0
2018-11-28,0.0
2018-11-29,0.0
2018-11-30,0.0
2018-12-01,0.0
2018-12-02,0.0
2018-12-03,0.0
2018-12-04,0.0
2018-12-05,0.0
2018-12-06,0.0
2018-12-07,0.0
2018-12-08,0.0
2018-12-09,0.0
2018-12-10,0.0
2018-12-11,0.0
2018-12-12,0.0
2018-12-13,0.0
2018-12-14,0.0
2018-12-15,0.0
2018-12-16,0.0
2018-12-17,0.0
2018-12-18,0.0
2018-12-19,0.0
2018-12-20,0.0
2018-12-21,0.0
2018-12-22,0.0
2018-12-23,0.0
2018-12-24,0.0
2018-12-25,0.0
2018-12-26,0.0
2018-12-27,0.0
2018-12-28,0.0
2018-12-29,0.0
2018-12-30,0.0
2018-12-31,0.0
2019-01-01,0.0
2019-01-02,0.0
2019-01-03,0.0
2019-01-04,0.0
2019-01-05,0.0
2019-01-06,0.0
2019-01-07,0.0
2019-01-08,0.0
2019-01-09,0.0
2019-01-10,26.607250597988084
2019-01-11,26.607250597988084
2019-01-12,26.607250597988084
2019-01-13,26.607250597988084
2019-01-14,26.607250597988084
2019-01-15,26.607250597988084
2019-01-16,26.607250597988084
2019-01-17,26.607250597988084
2019-01-18,26.607250597988084
2019-01-19,26.607250597988084
2019-01-20,26.607250597988084
2019-01-21,26.607250597988084
2019-01-22,26.607250597988084
2019-01-23,26.607250597988084
2019-01-24,26.607250597988084
2019-01-25,26.607250597988084
2019-01-26,26.607250597988084
2019-01-27,26.607250597988084
2019-01-28,26.607250597988084
2019-01-29,26.607250597988084
2019-01-30,26.607250597988084
2019-01-31,26.607250597988084
2019-02-01,26.607250597988084
2019-02-02,26.607250597988084
2019-02-03,26.607250597988084
2019-02-04,26.607250597988084
2019-02-05,26.607250597988084
2019-02-06,26.607250597988084
2019-02-07,26.607250597988084
2019-02-08,26.607250597988084
2019-02-09,0.0
2019-02-10,0.0
2019-02-11,0.0
2019-02-12,0.0
2019-02-13,0.0
2019-02-14,0.0
2019-02-15,0.0
2019-02-16,0.0
2019-02-17,0.0
2019-02-18,0.0
2019-02-19,0.0
2019-02-20,0.0
2019-02-21,0.0
2019-02-22,0.0
2019-02-23,0.0
2019-02-24,0.0
2019-02-25,0.0
2019-02-26,0.0
2019-02-27,0.0
2019-02-28,0.0
2019-03-01,0.0
2019-03-02,0.0
2019-03-03,0.0
2019-03-04,0.0
2019-03-05,0.0
2019-03-06,0.0
2019-03-07,0.0
2019-03-08,0.0
2019-03-09,0.0
2019-03-10,0.0
2019-03-11,0.0
2019-03-12,0.0
2019-03-13,0.0
2019-03-14,0.0
2019-03-15,31.622776601683793
2019-03-16,31.622776601683793
2019-03-17,31.622776601683793
2019-03-18,31.622776601683793
2019-03-19,31.622776601683793
2019-03-20,31.622776601683793
2019-03-21,31.622776601683793
2019-03-22,31.622776601683793
2019-03-23,31.622776601683793
2019-03-24,31.622776601683793
2019-03-25,31.622776601683793
2019-03-26,31.622776601683793
2019-03-27,31.622776601683793
2019-03-28,31.622776601683793
2019-03-29,31.622776601683793
2019-03-30,31.622776601683793
2019-03-31,31.622776601683793
2019-04-01,31.622776601683793
2019-04-02,31.622776601683793
2019-04-03,31.622776601683793
2019-04-04,31.622776601683793
2019-04-05,31.622776601683793
2019-04-06,31.622776601683793
2019-04-07,31.622776601683793
2019-04-08,31.622776601683793
2019-04-09,31.622776601683793
2019-04-10,54.0099879873672
2019-04-11,54.0099879873672
2019-04-12,54.0099879873672
2019-04-13,54.0099879873672
2019-04-14,22.3872113856834
2019-04-15,22.3872113856834
2019-04-16,30.330493732926215
2019-04-17,30.330493732926215
2019-04-18,30.330493732926215
2019-04-19,30.330493732926215
2019-04-20,30.330493732926215
2019-04-21,30.330493732926215
2019-04-22,30.330493732926215
2019-04-23,30.330493732926215
2019-04-24,30.330493732926215
2019-04-25,30.330493732926215
2019-04-26,30.330493732926215
2019-04-27,30.330493732926215
2019-04-28,30.330493732926215
2019-04-29,30.330493732926215
2019-04-30,30.330493732926215
2019-05-01,30.330493732926215
2019-05-02,30.330493732926215
2019-05-03,30.330493732926215
2019-05-04,30.330493732926215
2019-05-05,30.330493732926215
2019-05-06,30.330493732926215
2019-05-07,30.330493732926215
2019-05-08,30.330493732926215
2019-05-09,30.330493732926215
2019-05-10,7.943282347242813
2019-05-11,7.943282347242813
2019-05-12,7.943282347242813
2019-05-13,7.943282347242813
2019-05-14,7.943282347242813
2019-05-15,7.943282347242813
2019-05-16,0.0
2019-05-17,0.0
2019-05-18,0.0
2019-05-19,0.0
2019-05-20,0.0
2019-05-21,0.0
2019-05-22,0.0
2019-05-23,0.0
2019-05-24,0.0
2019-05-25,0.0
2019-05-26,0.0
2019-05-27,0.0
2019-05-28,0.0
2019-05-29,0.0
2019-05-30,0.0
2019-05-31,0.0
2019-06-01,0.0
2019-06-02,0.0
2019-06-03,0.0
2019-06-04,0.0
2019-06-05,0.0
2019-06-06,0.0
2019-06-07,0.0
2019-06-08,0.0
2019-06-09,0.0
2019-06-10,0.0
2019-06-11,0.0
2019-06-12,18.836490894898002
2019-06-13,18.836490894898002
2019-06-14,18.836490894898002
2019-06-15,18.836490894898002
2019-06-16,18.836490894898002
2019-06-17,18.836490894898002
2019-06-18,18.836490894898002
2019-06-19,18.836490894898002
2019-06-20,18.836490894898002
2019-06-21,18.836490894898002
2019-06-22,18.836490894898002
2019-06-23,18.836490894898002
2019-06-24,18.836490894898002
2019-06-25,18.836490894898002
2019-06-26,18.836490894898002
2019-06-27,18.836490894898002
2019-06-28,18.836490894898002
2019-06-29,18.836490894898002
2019-06-30,18.836490894898002
2019-07-01,18.836490894898002
2019-07-02,18.836490894898002
2019-07-03,18.836490894898002
2019-07-04,18.836490894898002
2019-07-05,18.836490894898002
2019-07-06,18.836490894898002
2019-07-07,18.836490894898002
2019-07-08,18.836490894898002
2019-07-09,18.836490894898002
2019-07-10,18.836490894898002
2019-07-11,18.836490894898002
2019-07-12,0.0
2019-07-13,0.0
2019-07-14,0.0
2019-07-15,0.0
2019-07-16,0.0
2019-07-17,0.0
2019-07-18,0.0
2019-07-19,0.0
2019-07-20,0.0
2019-07-21,0.0
2019-07-22,0.0
2019-07-23,0.0
2019-07-24,18.836490894898002
2019-07-25,18.836490894898002
2019-07-26,18.836490894898002
2019-07-27,18.836490894898002
2019-07-28,18.836490894898002
2019-07-29,18.836490894898002
2019-07-30,18.836490894898002
2019-07-31,18.836490894898002
2019-08-01,18.836490894898002
2019-08-02,18.836490894898002
2019-08-03,18.836490894898002
2019-08-04,18.836490894898002
2019-08-05,18.836490894898002
2019-08-06,18.836490894898002
2019-08-07,18.836490894898002
2019-08-08,18.836490894898002
2019-08-09,18.836490894898002
2019-08-10,18.836490894898002
2019-08-11,18.836490894898002
2019-08-12,18.836490894898002
2019-08-13,18.836490894898002
2019-08-14,18.836490894898002
2019-08-15,18.836490894898002
2019-08-16,18.836490894898002
2019-08-17,18.836490894898002
2019-08-18,18.836490894898002
2019-08-19,18.836490894898002
2019-08-20,18.836490894898002
2019-08-21,18.836490894898002
2019-08-22,18.836490894898002
2019-08-23,0.0
2019-08-24,0.0
2019-08-25,0.0
2019-08-26,0.0
2019-08-27,0.0
2019-08-28,0.0
2019-08-29,0.0
2019-08-30,0.0
2019-08-31,0.0
2019-09-01,0.0
2019-09-02,0.0
2019-09-03,0.0
2019-09-04,0.0
2019-09-05,15.848931924611142
2019-09-06,15.848931924611142
2019-09-07,15.848931924611142
2019-09-08,15.848931924611142
2019-09-09,15.848931924611142
2019-09-10,15.848931924611142
2019-09-11,15.848931924611142
2019-09-12,15.848931924611142
2019-09-13,15.848931924611142
2019-09-14,15.848931924611142
2019-09-15,15.848931924611142
2019-09-16,15.848931924611142
2019-09-17,15.848931924611142
2019-09-18,15.848931924611142
2019-09-19,15.848931924611142
2019-09-20,15.848931924611142
2019-09-21,15.848931924611142
2019-09-22,15.848931924611142
2019-09-23,15.848931924611142
2019-09-24,15.848931924611142
2019-09-25,15.848931924611142
2019-09-26,15.848931924611142
2019-09-27,15.848931924611142
2019-09-28,15.848931924611142
2019-09-29,15.848931924611142
2019-09-30,15.848931924611142
2019-10-01,15.848931924611142
2019-10-02,15.848931924611142
2019-10-03,15.848931924611142
2019-10-04,15.848931924611142
2019-10-05,53.08844442309882
2019-10-06,53.08844442309882
2019-10-07,53.08844442309882
2019-10-08,53.08844442309882
2019-10-09,53.08844442309882
2019-10-10,53.08844442309882
2019-10-11,53.08844442309882
2019-10-12,53.08844442309882
2019-10-13,53.08844442309882
2019-10-14,53.08844442309882
2019-10-15,53.08844442309882
2019-10-16,53.08844442309882
2019-10-17,53.08844442309882
2019-10-18,53.08844442309882
2019-10-19,53.08844442309882
2019-10-20,53.08844442309882
2019-10-21,53.08844442309882
2019-10-22,53.08844442309882
2019-10-23,53.08844442309882
2019-10-24,53.08844442309882
2019-10-25,53.08844442309882
2019-10-26,53.08844442309882
2019-10-27,53.08844442309882
2019-10-28,53.08844442309882
2019-10-29,53.08844442309882
2019-10-30,53.08844442309882
2019-10-31,53.08844442309882
2019-11-01,53.08844442309882
2019-11-02,53.08844442309882
2019-11-03,53.08844442309882
2019-11-04,0.0
2019-11-05,0.0
2019-11-06,0.0
2019-11-07,0.0
2019-11-08,0.0
2019-11-09,0.0
2019-11-10,0.0
2019-11-11,0.0
2019-11-12,0.0
2019-11-13,0.0
2019-11-14,0.0
2019-11-15,0.0
2019-11-16,0.0
2019-11-17,0.0
2019-11-18,0.0
2019-11-19,0.0
2019-11-20,18.836490894898002
2019-11-21,18.836490894898002
2019-11-22,18.836490894898002
2019-11-23,18.836490894898002
2019-11-24,18.836490894898002
2019-11-25,18.836490894898002
2019-11-26,18.836490894898002
2019-11-27,18.836490894898002
2019-11-28,18.836490894898002
2019-11-29,18.836490894898002
2019-11-30,18.836490894898002
2019-12-01,18.836490894898002
2019-12-02,18.836490894898002
2019-12-03,18.836490894898002
2019-12-04,18.836490894898002
2019-12-05,18.836490894898002
2019-12-06,109.00134181054808
2019-12-07,109.00134181054808
2019-12-08,109.00134181054808
2019-12-09,109.00134181054808
2019-12-10,109.00134181054808
2019-12-11,109.00134181054808
2019-12-12,109.00134181054808
2019-12-13,109.00134181054808
2019-12-14,109.00134181054808
2019-12-15,109.00134181054808
2019-12-16,109.00134181054808
2019-12-17,109.00134181054808
2019-12-18,109.00134181054808
2019-12-19,109.00134181054808
2019-12-20,90.16485091565008
2019-12-21,90.16485091565008
2019-12-22,90.16485091565008
2019-12-23,90.16485091565008
2019-12-24,90.16485091565008
2019-12-25,90.16485091565008
2019-12-26,90.16485091565008
2019-12-27,90.16485091565008
2019-12-28,90.16485091565008
2019-12-29,90.16485091565008
2019-12-30,90.16485091565008
2019-12-31,90.16485091565008
2020-01-01,90.16485091565008
2020-01-02,90.16485091565008
2020-01-03,90.16485091565008
2020-01-04,90.16485091565008
2020-01-05,0.0
2020-01-06,0.0
2020-01-07,0.0
2020-01-08,0.0
2020-01-09,0.0
2020-01-10,0.0
2020-01-11,0.0
2020-01-12,0.0
2020-01-13,0.0
2020-01-14,0.0
2020-01-15,0.0
2020-01-16,0.0
2020-01-17,0.0
2020-01-18,0.0
2020-01-19,0.0
2020-01-20,0.0
2020-01-21,0.0
2020-01-22,0.0
2020-01-23,0.0
2020-01-24,0.0
2020-01-25,0.0
2020-01-26,0.0
2020-01-27,0.0
2020-01-28,0.0
2020-01-29,0.0
2020-01-30,0.0
2020-01-31,0.0
2020-02-01,0.0
2020-02-02,0.0
2020-02-03,0.0
2020-02-04,0.0
2020-02-05,0.0
2020-02-06,0.0
2020-02-07,0.0
2020-02-08,0.0
2020-02-09,0.0
2020-02-10,0.0
2020-02-11,0.0
2020-02-12,0.0
2020-02-13,0.0
2020-02-14,0.0
2020-02-15,0.0
2020-02-16,0.0
2020-02-17,0.0
2020-02-18,0.0
2020-02-19,0.0
2020-02-20,0.0
2020-02-21,0.0
2020-02-22,0.0
2020-02-23,0.0
2020-02-24,0.0
2020-02-25,0.0
2020-02-26,0.0
2020-02-27,0.0
2020-02-28,0.0
2020-02-29,0.0
2020-03-01,0.0
2020-03-02,0.0
2020-03-03,0.0
2020-03-04,0.0
2020-03-05,0.0
2020-03-06,0.0
2020-03-07,0.0
2020-03-08,0.0
2020-03-09,0.0
2020-03-10,0.0
2020-03-11,0.0
2020-03-12,0.0
2020-03-13,0.0
2020-03-14,0.0
2020-03-15,0.0
2020-03-16,0.0
2020-03-17,0.0
2020-03-18,0.0
2020-03-19,0.0
2020-03-20,0.0
2020-03-21,0.0
2020-03-22,0.0
2020-03-23,0.0
2020-03-24,0.0
2020-03-25,0.0
2020-03-26,0.0
2020-03-27,0.0
2020-03-28,0.0
2020-03-29,0.0
2020-03-30,0.0
2020-03-31,0.0
2020-04-01,0.0
2020-04-02,0.0
2020-04-03,0.0
2020-04-04,0.0
2020-04-05,0.0
2020-04-06,0.0
2020-04-07,0.0
2020-04-08,37.58374042884443
2020-04-09,37.58374042884443
2020-04-10,50.91895475047767
2020-04-11,50.91895475047767
2020-04-12,50.91895475047767
2020-04-13,50.91895475047767
2020-04-14,50.91895475047767
2020-04-15,50.91895475047767
2020-04-16,50.91895475047767
2020-04-17,57.60239392616381
2020-04-18,57.60239392616381
2020-04-19,57.60239392616381
2020-04-20,63.225807178067306
2020-04-21,63.225807178067306
2020-04-22,63.225807178067306
2020-04-23,63.225807178067306
2020-04-24,63.225807178067306
2020-04-25,63.225807178067306
2020-04-26,228.7997370867656
2020-04-27,228.7997370867656
2020-04-28,228.7997370867656
2020-04-29,228.7997370867656
2020-04-30,228.7997370867656
2020-05-01,228.7997370867656
2020-05-02,228.7997370867656
2020-05-03,228.7997370867656
2020-05-04,228.7997370867656
2020-05-05,228.7997370867656
2020-05-06,228.7997370867656
2020-05-07,228.7997370867656
2020-05-08,191.21599665792115
2020-05-09,191.21599665792115
2020-05-10,177.88078233628792
2020-05-11,177.88078233628792
2020-05-12,177.88078233628792
2020-05-13,189.10096687930755
2020-05-14,189.10096687930755
2020-05-15,189.10096687930755
2020-05-16,189.10096687930755
2020-05-17,182.4175277036214
2020-05-18,182.4175277036214
2020-05-19,182.4175277036214
2020-05-20,176.79411445171792
2020-05-21,176.79411445171792
2020-05-22,176.79411445171792
2020-05-23,176.79411445171792
2020-05-24,176.79411445171792
2020-05-25,176.79411445171792
2020-05-26,11.220184543019629
2020-05-27,11.220184543019629
2020-05-28,24.55539886465287
2020-05-29,24.55539886465287
2020-05-30,24.55539886465287
2020-05-31,24.55539886465287
2020-06-01,24.55539886465287
2020-06-02,24.55539886465287
2020-06-03,24.55539886465287
2020-06-04,24.55539886465287
2020-06-05,24.55539886465287
2020-06-06,24.55539886465287
2020-06-07,24.55539886465287
2020-06-08,24.55539886465287
2020-06-09,24.55539886465287
2020-06-10,24.55539886465287
2020-06-11,24.55539886465287
2020-06-12,13.33521432163324
2020-06-13,13.33521432163324
2020-06-14,13.33521432163324
2020-06-15,13.33521432163324
2020-06-16,13.33521432163324
2020-06-17,13.33521432163324
2020-06-18,21.278496668876052
2020-06-19,21.278496668876052
2020-06-20,21.278496668876052
2020-06-21,21.278496668876052
2020-06-22,21.278496668876052
2020-06-23,21.278496668876052
2020-06-24,21.278496668876052
2020-06-25,21.278496668876052
2020-06-26,21.278496668876052
2020-06-27,7.943282347242813
2020-06-28,7.943282347242813
2020-06-29,7.943282347242813
2020-06-30,7.943282347242813
2020-07-01,7.943282347242813
2020-07-02,7.943282347242813
2020-07-03,7.943282347242813
2020-07-04,7.943282347242813
2020-07-05,7.943282347242813
2020-07-06,7.943282347242813
2020-07-07,7.943282347242813
2020-07-08,7.943282347242813
2020-07-09,7.943282347242813
2020-07-10,7.943282347242813
2020-07-11,20.250134774832453
2020-07-12,20.250134774832453
2020-07-13,20.250134774832453
2020-07-14,25.873548026735946
2020-07-15,25.873548026735946
2020-07-16,25.873548026735946
2020-07-17,25.873548026735946
2020-07-18,17.930265679493132
2020-07-19,17.930265679493132
2020-07-20,17.930265679493132
2020-07-21,17.930265679493132
2020-07-22,17.930265679493132
2020-07-23,17.930265679493132
2020-07-24,17.930265679493132
2020-07-25,17.930265679493132
2020-07-26,17.930265679493132
2020-07-27,17.930265679493132
2020-07-28,17.930265679493132
2020-07-29,17.930265679493132
2020-07-30,17.930265679493132
2020-07-31,17.930265679493132
2020-08-01,23.55367893139662
2020-08-02,23.55367893139662
2020-08-03,23.55367893139662
2020-08-04,23.55367893139662
2020-08-05,23.55367893139662
2020-08-06,23.55367893139662
2020-08-07,23.55367893139662
2020-08-08,23.55367893139662
2020-08-09,23.55367893139662
2020-08-10,11.246826503806982
2020-08-11,11.246826503806982
2020-08-12,11.246826503806982
2020-08-13,5.623413251903491
2020-08-14,5.623413251903491
2020-08-15,5.623413251903491
2020-08-16,5.623413251903491
2020-08-17,5.623413251903491
2020-08-18,5.623413251903491
2020-08-19,5.623413251903491
2020-08-20,5.623413251903491
2020-08-21,5.623413251903491
2020-08-22,5.623413251903491
2020-08-23,5.623413251903491
2020-08-24,5.623413251903491
2020-08-25,5.623413251903491
2020-08-26,5.623413251903491
2020-08-27,5.623413251903491
2020-08-28,5.623413251903491
2020-08-29,5.623413251903491
2020-08-30,5.623413251903491
2020-08-31,0.0
2020-09-01,0.0
2020-09-02,0.0
2020-09-03,0.0
2020-09-04,0.0
2020-09-05,0.0
2020-09-06,0.0
2020-09-07,0.0
2020-09-08,0.0
2020-09-09,0.0
2020-09-10,13.366878351372295
2020-09-11,20.050317527058443
2020-09-12,20.050317527058443
2020-09-13,20.050317527058443
2020-09-14,20.050317527058443
2020-09-15,20.050317527058443
2020-09-16,20.050317527058443
2020-09-17,20.050317527058443
2020-09-18,35.93688222154407
2020-09-19,35.93688222154407
2020-09-20,43.88016456878688
2020-09-21,43.88016456878688
2020-09-22,43.88016456878688
2020-09-23,43.88016456878688
2020-09-24,43.88016456878688
2020-09-25,43.88016456878688
2020-09-26,43.88016456878688
2020-09-27,43.88016456878688
2020-09-28,43.88016456878688
2020-09-29,43.88016456878688
2020-09-30,43.88016456878688
2020-10-01,43.88016456878688
2020-10-02,43.88016456878688
2020-10-03,43.88016456878688
2020-10-04,43.88016456878688
2020-10-05,43.88016456878688
2020-10-06,43.88016456878688
2020-10-07,43.88016456878688
2020-10-08,43.88016456878688
2020-10-09,50.56360374447303
2020-10-10,37.196725393100735
2020-10-11,30.513286217414585
2020-10-12,30.513286217414585
2020-10-13,30.513286217414585
2020-10-14,30.513286217414585
2020-10-15,50.53193971473397
2020-10-16,50.53193971473397
2020-10-17,50.53193971473397
2020-10-18,34.64537502024835
2020-10-19,34.64537502024835
2020-10-20,26.702092673005534
2020-10-21,36.14270143586477
2020-10-22,36.14270143586477
2020-10-23,36.14270143586477
2020-10-24,36.14270143586477
2020-10-25,36.14270143586477
2020-10-26,36.14270143586477
2020-10-27,36.14270143586477
2020-10-28,36.14270143586477
2020-10-29,36.14270143586477
2020-10-30,36.14270143586477
2020-10-31,36.14270143586477
2020-11-01,36.14270143586477
2020-11-02,36.14270143586477
2020-11-03,36.14270143586477
2020-11-04,41.766114687768265
2020-11-05,41.766114687768265
2020-11-06,49.70939703501107
2020-11-07,49.70939703501107
2020-11-08,48.64937111122842
2020-11-09,48.64937111122842
2020-11-10,48.64937111122842
2020-11-11,48.64937111122842
2020-11-12,48.64937111122842
2020-11-13,48.64937111122842
2020-11-14,28.63071761390903
2020-11-15,34.25413086581252
2020-11-16,34.25413086581252
2020-11-17,34.25413086581252
2020-11-18,34.25413086581252
2020-11-19,34.25413086581252
2020-11-20,24.81352210295329
2020-11-21,24.813522102953286
2020-11-22,24.813522102953286
2020-11-23,24.813522102953286
2020-11-24,24.813522102953286
2020-11-25,24.813522102953286
2020-11-26,24.813522102953286
2020-11-27,24.813522102953286
2020-11-28,24.813522102953286
2020-11-29,24.813522102953286
2020-11-30,24.813522102953286
2020-12-01,24.813522102953286
2020-12-02,51.42077270094137
2020-12-03,63.72762512853101
2020-12-04,58.10421187662752
2020-12-05,58.10421187662752
2020-12-06,50.16092952938471
2020-12-07,50.16092952938471
2020-12-08,44.53751627748122
2020-12-09,44.53751627748122
2020-12-10,44.53751627748122
2020-12-11,44.53751627748122
2020-12-12,44.53751627748122
2020-12-13,44.53751627748122
2020-12-14,44.53751627748122
2020-12-15,38.914103025577724
2020-12-16,38.914103025577724
2020-12-17,38.914103025577724
2020-12-18,38.914103025577724
2020-12-19,262.0116745648427
2020-12-20,338.44262333449524
2020-12-21,338.44262333449524
2020-12-22,338.44262333449524
2020-12-23,360.8298347201786
2020-12-24,360.8298347201786
2020-12-25,360.8298347201786
2020-12-26,368.7731170674214
2020-12-27,384.8971650059668
2020-12-28,437.9856094290657
2020-12-29,437.9856094290657
2020-12-30,437.9856094290657
2020-12-31,437.9856094290657
2021-01-01,422.6251853348846
2021-01-02,432.8507040075922
2021-01-03,432.8507040075922
2021-01-04,432.8507040075922
2021-01-05,432.8507040075922
2021-01-06,440.793986354835
2021-01-07,440.793986354835
2021-01-08,440.793986354835
2021-01-09,440.793986354835
2021-01-10,450.23459511769425
2021-01-11,463.56980943932746
2021-01-12,477.1365050384738
2021-01-13,477.1365050384738
2021-01-14,477.1365050384738
2021-01-15,477.1365050384738
2021-01-16,477.1365050384738
2021-01-17,477.1365050384738
2021-01-18,254.03893349920884
2021-01-19,177.60798472955628
2021-01-20,184.29142390524243
2021-01-21,184.29142390524243
2021-01-22,161.90421251955905
2021-01-23,161.90421251955905
2021-01-24,161.90421251955905
2021-01-25,153.96093017231624
2021-01-26,137.83688223377084
2021-01-27,84.74843781067202
2021-01-28,84.74843781067202
2021-01-29,84.74843781067202
2021-01-30,84.74843781067202
2021-01-31,73.50161130686503
2021-02-01,50.96924020656774
2021-02-02,50.96924020656773
2021-02-03,50.96924020656773
2021-02-04,50.96924020656773
2021-02-05,43.025957859324926
2021-02-06,43.025957859324926
2021-02-07,69.63320845731302
2021-02-08,69.63320845731302
2021-02-09,60.192599694453776
2021-02-10,46.85738537282053
2021-02-11,33.29068977367423
2021-02-12,33.29068977367423
2021-02-13,33.29068977367423
2021-02-14,33.29068977367423
2021-02-15,33.29068977367423
2021-02-16,33.29068977367423
2021-02-17,33.29068977367423
2021-02-18,33.29068977367423
2021-02-19,26.607250597988084
2021-02-20,48.994461983671485
2021-02-21,48.994461983671485
2021-02-22,48.994461983671485
2021-02-23,48.994461983671485
2021-02-24,48.994461983671485
2021-02-25,55.67790115935763
2021-02-26,55.67790115935763
2021-02-27,55.67790115935763
2021-02-28,55.67790115935763
2021-03-01,55.67790115935763
2021-03-02,55.67790115935763
2021-03-03,55.67790115935763
2021-03-04,55.67790115935763
2021-03-05,55.67790115935763
2021-03-06,55.67790115935763
2021-03-07,55.67790115935763
2021-03-08,55.67790115935763
2021-03-09,29.070650561369547
2021-03-10,29.070650561369547
2021-03-11,29.070650561369547
2021-03-12,29.070650561369547
2021-03-13,29.070650561369547
2021-03-14,38.51125932422879
2021-03-15,47.95186808708802
2021-03-16,47.95186808708802
2021-03-17,47.95186808708802
2021-03-18,47.95186808708802
2021-03-19,47.95186808708802
2021-03-20,47.95186808708802
2021-03-21,47.95186808708802
2021-03-22,25.564656701404623
2021-03-23,25.564656701404623
2021-03-24,25.564656701404623
2021-03-25,25.564656701404623
2021-03-26,25.564656701404623
2021-03-27,18.881217525718476
2021-03-28,18.881217525718476
2021-03-29,18.881217525718476
2021-03-30,18.881217525718476
2021-03-31,72.99018550367404
2021-04-01,72.99018550367404
2021-04-02,72.99018550367404
2021-04-03,72.99018550367404
2021-04-04,72.99018550367404
2021-04-05,72.99018550367404
2021-04-06,72.99018550367404
2021-04-07,95.52255660397132
2021-04-08,101.14596985587481
2021-04-09,101.14596985587481
2021-04-10,101.14596985587481
2021-04-11,101.14596985587481
2021-04-12,101.14596985587481
2021-04-13,91.70536109301557
2021-04-14,82.26475233015634
2021-04-15,82.26475233015634
2021-04-16,82.26475233015634
2021-04-17,82.26475233015634
2021-04-18,82.26475233015634
2021-04-19,82.26475233015634
2021-04-20,82.26475233015634
2021-04-21,82.26475233015634
2021-04-22,82.26475233015634
2021-04-23,82.26475233015634
2021-04-24,82.26475233015634
2021-04-25,82.26475233015634
2021-04-26,82.26475233015634
2021-04-27,82.26475233015634
2021-04-28,87.88816558205984
2021-04-29,111.4152025526691
2021-04-30,57.30623457471354
2021-05-01,57.30623457471354
2021-05-02,57.30623457471354
2021-05-03,57.30623457471354
2021-05-04,57.30623457471354
2021-05-05,94.88997500355796
2021-05-06,100.51338825546145
2021-05-07,83.60443040706765
2021-05-08,77.98101715516417
2021-05-09,77.98101715516417
2021-05-10,77.98101715516417
2021-05-11,77.98101715516417
2021-05-12,77.98101715516417
2021-05-13,77.98101715516417
2021-05-14,77.98101715516417
2021-05-15,77.98101715516417
2021-05-16,77.98101715516417
2021-05-17,77.98101715516417
2021-05-18,77.98101715516417
2021-05-19,83.60443040706765
2021-05-20,83.60443040706765
2021-05-21,83.60443040706765
2021-05-22,83.60443040706765
2021-05-23,83.60443040706765
2021-05-24,83.60443040706765
2021-05-25,90.2878695827538
2021-05-26,90.2878695827538
2021-05-27,90.2878695827538
2021-05-28,84.66445633085031
2021-05-29,61.13741936024104
2021-05-30,61.13741936024104
2021-05-31,184.7408726308838
2021-06-01,190.3642858827873
2021-06-02,190.3642858827873
2021-06-03,195.98769913469079
2021-06-04,158.40395870584638
2021-06-05,152.78054545394286
2021-06-06,147.15713220203938
2021-06-07,163.00606412665053
2021-06-08,163.00606412665053
2021-06-09,163.00606412665053
2021-06-10,163.00606412665053
2021-06-11,163.00606412665053
2021-06-12,163.00606412665053
2021-06-13,163.00606412665053
2021-06-14,163.00606412665053
2021-06-15,163.00606412665053
2021-06-16,163.00606412665053
2021-06-17,163.00606412665053
2021-06-18,157.38265087474704
2021-06-19,179.76986226043044
2021-06-20,179.76986226043044
2021-06-21,179.76986226043044
2021-06-22,179.76986226043044
2021-06-23,179.76986226043044
2021-06-24,173.0864230847443
2021-06-25,173.0864230847443
2021-06-26,173.0864230847443
2021-06-27,173.0864230847443
2021-06-28,182.52703184760352
2021-06-29,182.52703184760352
2021-06-30,58.92357857696076
2021-07-01,53.300165325057264
2021-07-02,69.14909724966842
2021-07-03,63.52568399776492
2021-07-04,63.525683997764915
2021-07-05,63.525683997764915
2021-07-06,63.525683997764915
2021-07-07,47.67675207315378
2021-07-08,66.51324296805178
2021-07-09,77.73342751107141
2021-07-10,77.73342751107141
2021-07-11,77.73342751107141
2021-07-12,77.73342751107141
2021-07-13,77.73342751107141
2021-07-14,77.73342751107141
2021-07-15,77.73342751107141
2021-07-16,96.56991840596942
2021-07-17,96.56991840596942
2021-07-18,96.56991840596942
2021-07-19,74.18270702028602
2021-07-20,74.18270702028602
2021-07-21,74.18270702028602
2021-07-22,74.18270702028602
2021-07-23,74.18270702028602
2021-07-24,74.18270702028602
2021-07-25,74.18270702028602
2021-07-26,74.18270702028602
2021-07-27,74.18270702028602
2021-07-28,64.74209825742676
2021-07-29,64.74209825742676
2021-07-30,64.74209825742676
2021-07-31,64.74209825742676
2021-08-01,48.89316633281563
2021-08-02,48.89316633281563
2021-08-03,67.72965722771363
2021-08-04,67.72965722771363
2021-08-05,67.72965722771363
2021-08-06,94.33690782570172
2021-08-07,75.50041693080371
2021-08-08,64.28023238778408
2021-08-09,64.28023238778408
2021-08-10,64.28023238778408
2021-08-11,64.28023238778408
2021-08-12,69.90364563968758
2021-08-13,69.90364563968758
2021-08-14,69.90364563968758
2021-08-15,51.067154744789576
2021-08-16,51.067154744789576
2021-08-17,51.067154744789576
2021-08-18,51.067154744789576
2021-08-19,51.067154744789576
2021-08-20,51.067154744789576
2021-08-21,51.067154744789576
2021-08-22,51.067154744789576
2021-08-23,51.067154744789576
2021-08-24,51.067154744789576
2021-08-25,51.067154744789576
2021-08-26,51.067154744789576
2021-08-27,51.067154744789576
2021-08-28,51.067154744789576
2021-08-29,51.067154744789576
2021-08-30,51.067154744789576
2021-08-31,51.067154744789576
2021-09-01,56.69056799669307
2021-09-02,37.85407710179507
2021-09-03,37.85407710179507
2021-09-04,37.85407710179507
2021-09-05,11.246826503806982
2021-09-06,11.246826503806982
2021-09-07,11.246826503806982
2021-09-08,11.246826503806982
2021-09-09,11.246826503806982
2021-09-10,11.246826503806982
2021-09-11,5.623413251903491
2021-09-12,5.623413251903491
2021-09-13,5.623413251903491
2021-09-14,5.623413251903491
2021-09-15,5.623413251903491
2021-09-16,5.623413251903491
2021-09-17,5.623413251903491
2021-09-18,5.623413251903491
2021-09-19,5.623413251903491
2021-09-20,5.623413251903491
2021-09-21,5.623413251903491
2021-09-22,5.623413251903491
2021-09-23,5.623413251903491
2021-09-24,5.623413251903491
2021-09-25,5.623413251903491
2021-09-26,5.623413251903491
2021-09-27,5.623413251903491
2021-09-28,5.623413251903491
2021-09-29,5.623413251903491
2021-09-30,5.623413251903491
2021-10-01,0.0
2021-10-02,0.0
2021-10-03,0.0
2021-10-04,0.0
2021-10-05,0.0
2021-10-06,0.0
2021-10-07,0.0
2021-10-08,0.0
2021-10-09,9.440608762859236
2021-10-10,9.440608762859236
2021-10-11,9.440608762859236
2021-10-12,9.440608762859236
2021-10-13,9.440608762859236
2021-10-14,9.440608762859236
2021-10-15,9.440608762859236
2021-10-16,9.440608762859236
2021-10-17,9.440608762859236
2021-10-18,9.440608762859236
2021-10-19,9.440608762859236
2021-10-20,9.440608762859236
2021-10-21,22.775823084492476
2021-10-22,22.775823084492476
2021-10-23,22.775823084492476
2021-10-24,41.61231397939048
2021-10-25,47.23572723129397
2021-10-26,47.23572723129397
2021-10-27,47.23572723129397
2021-10-28,47.23572723129397
2021-10-29,53.91916640698012
2021-10-30,53.91916640698012
2021-10-31,53.91916640698012
2021-11-01,53.91916640698012
2021-11-02,53.91916640698012
2021-11-03,53.91916640698012
2021-11-04,53.91916640698012
2021-11-05,53.91916640698012
2021-11-06,77.98649669276831
2021-11-07,77.98649669276831
2021-11-08,68.54588792990907
2021-11-09,68.54588792990907
2021-11-10,68.54588792990907
2021-11-11,68.54588792990907
2021-11-12,68.54588792990907
2021-11-13,68.54588792990907
2021-11-14,68.54588792990907
2021-11-15,68.54588792990907
2021-11-16,68.54588792990907
2021-11-17,68.54588792990907
2021-11-18,68.54588792990907
2021-11-19,68.54588792990907
2021-11-20,55.21067360827584
2021-11-21,55.21067360827584
2021-11-22,55.21067360827584
2021-11-23,36.374182713377834
2021-11-24,30.75076946147434
2021-11-25,63.443299181008605
2021-11-26,63.443299181008605
2021-11-27,63.443299181008605
2021-11-28,56.75986000532246
2021-11-29,56.75986000532246
2021-11-30,56.75986000532246
2021-12-01,56.75986000532246
2021-12-02,75.59635090022046
2021-12-03,113.1800913290649
2021-12-04,113.1800913290649
2021-12-05,113.1800913290649
2021-12-06,89.11276104327669
2021-12-07,89.11276104327669
2021-12-08,89.11276104327669
2021-12-09,89.11276104327669
2021-12-10,89.11276104327669
2021-12-11,89.11276104327669
2021-12-12,89.11276104327669
2021-12-13,89.11276104327669
2021-12-14,89.11276104327669
2021-12-15,89.11276104327669
2021-12-16,89.11276104327669
2021-12-17,89.11276104327669
2021-12-18,89.11276104327669
2021-12-19,89.11276104327669
2021-12-20,89.11276104327669
2021-12-21,89.11276104327669
2021-12-22,89.11276104327669
2021-12-23,89.11276104327669
2021-12-24,89.11276104327669
2021-12-25,67.64041586676207
2021-12-26,90.02762725244546
2021-12-27,130.46362207144853
2021-12-28,130.46362207144853
2021-12-29,130.46362207144853
2021-12-30,130.46362207144853
2021-12-31,130.46362207144853
2022-01-01,111.62713117655052
2022-01-02,74.0433907477061
2022-01-03,81.98667309494891
2022-01-04,81.98667309494891
2022-01-05,102.64746640082778
2022-01-06,145.85462008157572
2022-01-07,145.85462008157572
2022-01-08,145.85462008157572
2022-01-09,145.85462008157572
2022-01-10,145.85462008157572
2022-01-11,145.85462008157572
2022-01-12,145.85462008157572
2022-01-13,161.74118477606132
2022-01-14,167.36459802796483
2022-01-15,167.36459802796483
2022-01-16,167.36459802796483
2022-01-17,167.36459802796483
2022-01-18,167.36459802796483
2022-01-19,167.36459802796483
2022-01-20,167.36459802796483
2022-01-21,191.94663885340503
2022-01-22,191.94663885340503
2022-01-23,191.94663885340503
2022-01-24,180.7264543103854
2022-01-25,158.339242924702
2022-01-26,129.12343264871856
2022-01-27,129.12343264871856
2022-01-28,129.12343264871856
2022-01-29,129.12343264871856
2022-01-30,129.12343264871856
2022-01-31,140.3436171917382
2022-02-01,151.56380173475785
2022-02-02,143.62051938751503
2022-02-03,143.62051938751503
2022-02-04,160.54346651048058
2022-02-05,117.33631282973266
2022-02-06,136.2949404032694
2022-02-07,141.9183536551729
2022-02-08,141.9183536551729
2022-02-09,205.91787902024677
2022-02-10,205.91787902024677
2022-02-11,205.91787902024677
2022-02-12,190.03131432576114
2022-02-13,184.40790107385766
2022-02-14,184.40790107385766
2022-02-15,184.40790107385766
2022-02-16,184.40790107385766
2022-02-17,184.40790107385766
2022-02-18,211.01515167184573
2022-02-19,211.01515167184573
2022-02-20,186.4331108464055
2022-02-21,186.4331108464055
2022-02-22,186.4331108464055
2022-02-23,186.4331108464055
2022-02-24,186.4331108464055
2022-02-25,175.21292630338587
2022-02-26,175.21292630338587
2022-02-27,175.21292630338587
2022-02-28,175.21292630338587
2022-03-01,175.21292630338587
2022-03-02,163.99274176036624
2022-03-03,152.77255721734662
2022-03-04,152.77255721734662
2022-03-05,152.77255721734662
2022-03-06,121.87225596418834
2022-03-07,121.87225596418835
2022-03-08,102.91362839065161
2022-03-09,97.29021513874812
2022-03-10,97.29021513874812
2022-03-11,38.91410302557774
2022-03-12,38.91410302557774
2022-03-13,69.12457917187315
2022-03-14,75.8080183475593
2022-03-15,75.8080183475593
2022-03-16,208.4354835382938
2022-03-17,208.43548353829382
2022-03-18,208.43548353829382
2022-03-19,208.43548353829382
2022-03-20,181.82823294030572
2022-03-21,181.82823294030572
2022-03-22,181.82823294030572
2022-03-23,181.82823294030572
2022-03-24,181.82823294030572
2022-03-25,181.82823294030572
2022-03-26,181.82823294030572
2022-03-27,191.26884170316495
2022-03-28,191.26884170316498
2022-03-29,382.4636610584296
2022-03-30,388.08707431033304
2022-03-31,388.08707431033304
2022-04-01,406.92356520523106
2022-04-02,406.92356520523106
2022-04-03,406.92356520523106
2022-04-04,406.92356520523106
2022-04-05,465.15359240490295
2022-04-06,471.8370315805891
2022-04-07,526.8751825447122
2022-04-08,542.7241144693234
2022-04-09,542.7241144693234
2022-04-10,537.1007012174199
2022-04-11,537.1007012174199
2022-04-12,506.89022507112435
2022-04-13,500.2067858954382
2022-04-14,500.2067858954382
2022-04-15,378.79950524772335
2022-04-16,378.79950524772335
2022-04-17,378.79950524772335
2022-04-18,378.79950524772335
2022-04-19,431.8879496708222
2022-04-20,431.8879496708222
2022-04-21,431.8879496708222
2022-04-22,431.8879496708222
2022-04-23,431.8879496708222
2022-04-24,431.8879496708222
2022-04-25,431.8879496708222
2022-04-26,422.44734090796294
2022-04-27,422.44734090796294
2022-04-28,231.2525215526984
2022-04-29,244.4655991956929
2022-04-30,244.4655991956929
2022-05-01,231.25252155269837
2022-05-02,231.2525215526984
2022-05-03,231.2525215526984
2022-05-04,237.93596072838454
2022-05-05,173.0224943530265
2022-05-06,171.96246842924387
2022-05-07,116.92431746512075
2022-05-08,101.07538554050961
2022-05-09,115.70210706343858
2022-05-10,115.70210706343858
2022-05-11,115.70210706343858
2022-05-12,115.70210706343858
2022-05-13,115.70210706343858
2022-05-14,129.26880266258487
2022-05-15,118.04861811956525
2022-05-16,118.04861811956525
2022-05-17,118.04861811956525
2022-05-18,118.04861811956525
2022-05-19,64.96017369646643
2022-05-20,109.62853291156276
2022-05-21,109.62853291156276
2022-05-22,109.62853291156276
2022-05-23,109.62853291156276
2022-05-24,121.93538533915239
2022-05-25,121.93538533915239
2022-05-26,121.93538533915239
2022-05-27,121.93538533915239
2022-05-28,121.93538533915239
2022-05-29,103.0988944442544
2022-05-30,103.0988944442544
2022-05-31,97.47548119235088
2022-06-01,97.47548119235088
2022-06-02,117.49413468967028
2022-06-03,122.03088005700376
2022-06-04,122.03088005700376
2022-06-05,116.40746680510027
2022-06-06,116.40746680510027
2022-06-07,116.40746680510027
2022-06-08,101.78074528217131
2022-06-09,101.78074528217131
2022-06-10,101.78074528217131
2022-06-11,101.78074528217131
2022-06-12,111.22135404503055
2022-06-13,97.65465844588425
2022-06-14,97.65465844588425
2022-06-15,97.65465844588425
2022-06-16,97.65465844588425
2022-06-17,97.65465844588425
2022-06-18,97.65465844588425
2022-06-19,52.98629923078792
2022-06-20,52.98629923078792
2022-06-21,52.98629923078792
2022-06-22,52.98629923078792
2022-06-23,40.67944680319828
2022-06-24,40.67944680319828
2022-06-25,40.67944680319828
2022-06-26,40.67944680319828
2022-06-27,40.67944680319828
2022-06-28,40.67944680319828
2022-06-29,40.67944680319828
2022-06-30,40.67944680319828
2022-07-01,40.67944680319828
2022-07-02,20.660793305878894
2022-07-03,26.82449987296131
2022-07-04,26.82449987296131
2022-07-05,26.82449987296131
2022-07-06,26.82449987296131
2022-07-07,26.82449987296131
2022-07-08,26.82449987296131
2022-07-09,26.82449987296131
2022-07-10,26.82449987296131
2022-07-11,26.82449987296131
2022-07-12,17.383891110102077
2022-07-13,17.383891110102077
2022-07-14,17.383891110102077
2022-07-15,17.383891110102077
2022-07-16,17.383891110102077
2022-07-17,17.383891110102077
2022-07-18,17.383891110102077
2022-07-19,17.383891110102077
2022-07-20,17.383891110102077
2022-07-21,17.383891110102077
2022-07-22,17.383891110102077
2022-07-23,17.383891110102077
2022-07-24,17.383891110102077
2022-07-25,17.383891110102077
2022-07-26,17.383891110102077
2022-07-27,17.383891110102077
2022-07-28,17.383891110102077
2022-07-29,17.383891110102077
2022-07-30,143.32791712515044
2022-07-31,143.32791712515044
2022-08-01,152.76852588800966
2022-08-02,135.38463477790762
2022-08-03,147.69148720549728
2022-08-04,147.69148720549728
2022-08-05,147.69148720549728
2022-08-06,153.31490045740077
2022-08-07,153.31490045740077
2022-08-08,153.31490045740077
2022-08-09,153.31490045740077
2022-08-10,153.31490045740077
2022-08-11,153.31490045740077
2022-08-12,153.31490045740077
2022-08-13,168.37892247216348
2022-08-14,174.00233572406697
2022-08-15,174.00233572406697
2022-08-16,174.00233572406697
2022-08-17,174.00233572406697
2022-08-18,174.00233572406697
2022-08-19,174.00233572406697
2022-08-20,174.00233572406697
2022-08-21,174.00233572406697
2022-08-22,174.00233572406697
2022-08-23,174.00233572406697
2022-08-24,174.00233572406697
2022-08-25,174.00233572406697
2022-08-26,174.00233572406697
2022-08-27,183.44294448692622
2022-08-28,183.44294448692622
2022-08-29,57.49891847187785
2022-08-30,57.49891847187785
2022-08-31,48.058309709018616
2022-09-01,48.058309709018616
2022-09-02,35.751457281428976
2022-09-03,35.751457281428976
2022-09-04,35.751457281428976
2022-09-05,30.128044029525483
2022-09-06,30.128044029525483
2022-09-07,38.0713263767683
2022-09-08,38.0713263767683
2022-09-09,38.0713263767683
2022-09-10,38.0713263767683
2022-09-11,43.69473962867179
2022-09-12,28.63071761390906
2022-09-13,23.00730436200557
2022-09-14,29.690743537691716
2022-09-15,29.690743537691716
2022-09-16,29.690743537691716
2022-09-17,29.690743537691716
2022-09-18,29.690743537691716
2022-09-19,29.690743537691716
2022-09-20,29.690743537691716
2022-09-21,29.690743537691716
2022-09-22,29.690743537691716
2022-09-23,29.690743537691716
2022-09-24,29.690743537691716
2022-09-25,29.690743537691716
2022-09-26,20.250134774832482
2022-09-27,20.250134774832482
2022-09-28,20.250134774832482
2022-09-29,20.250134774832482
2022-09-30,20.250134774832482
2022-10-01,20.250134774832482
2022-10-02,20.250134774832482
2022-10-03,20.250134774832482
2022-10-04,20.250134774832482
2022-10-05,20.250134774832482
2022-10-06,20.250134774832482
2022-10-07,12.306852427589666
2022-10-08,12.306852427589668
2022-10-09,12.306852427589668
2022-10-10,12.306852427589668
2022-10-11,6.683439175686176
2022-10-12,6.683439175686176
2022-10-13,6.683439175686176
2022-10-14,0.0
2022-10-15,0.0
2022-10-16,0.0
2022-10-17,0.0
2022-10-18,0.0
2022-10-19,0.0
2022-10-20,0.0
2022-10-21,0.0
2022-10-22,0.0
2022-10-23,0.0
2022-10-24,0.0
2022-10-25,0.0
2022-10-26,0.0
2022-10-27,6.683439175686176
2022-10-28,66.65439099021401
2022-10-29,66.65439099021401
2022-10-30,77.90121749402098
2022-10-31,141.9597014924552
2022-11-01,141.9597014924552
2022-11-02,141.9597014924552
2022-11-03,166.4196056392567
2022-11-04,188.80681702494007
2022-11-05,194.4302302768436
2022-11-06,202.3735126240864
2022-11-07,202.3735126240864
2022-11-08,202.3735126240864
2022-11-09,202.3735126240864
2022-11-10,202.3735126240864
2022-11-11,202.3735126240864
2022-11-12,218.22244454869752
2022-11-13,237.05893544359554
2022-11-14,237.05893544359554
2022-11-15,237.05893544359554
2022-11-16,237.05893544359554
2022-11-17,237.05893544359554
2022-11-18,237.05893544359554
2022-11-19,243.7423746192817
2022-11-20,243.7423746192817
2022-11-21,243.7423746192817
2022-11-22,243.7423746192817
2022-11-23,251.6856569665245
2022-11-24,251.6856569665245
2022-11-25,251.6856569665245
2022-11-26,245.00221779083836
2022-11-27,185.03126597631052
2022-11-28,185.03126597631052
2022-11-29,173.78443947250355
2022-11-30,305.94948169790996
2022-12-01,305.94948169790996
2022-12-02,305.94948169790996
2022-12-03,307.0095076216926
2022-12-04,335.2866072794498
2022-12-05,329.66319402754635
2022-12-06,321.71991168030354
2022-12-07,321.71991168030354
2022-12-08,321.71991168030354
2022-12-09,321.71991168030354
2022-12-10,321.71991168030354
2022-12-11,327.34332493220705
2022-12-12,311.4943930075959
2022-12-13,292.6579021126979
2022-12-14,292.6579021126979
2022-12-15,292.6579021126979
2022-12-16,292.6579021126979
2022-12-17,299.34134128838406
2022-12-18,299.34134128838406
2022-12-19,311.8480109637477
2022-12-20,317.47142421565115
2022-12-21,317.47142421565115
2022-12-22,317.47142421565115
2022-12-23,325.3770737930195
2022-12-24,325.3770737930195
2022-12-25,325.3770737930195
2022-12-26,325.3770737930195
2022-12-27,389.568064819852
2022-12-28,610.6751551575255
2022-12-29,628.5787788762312
2022-12-30,432.3552526523906
2022-12-31,432.3552526523906
2023-01-01,448.20418457700174
2023-01-02,422.6842545064176
2023-01-03,416.6883026780733
2023-01-04,416.68830267807334
2023-01-05,416.68830267807334
2023-01-06,416.68830267807334
2023-01-07,416.68830267807334
2023-01-08,475.40016035307565
2023-01-09,475.40016035307565
2023-01-10,519.3297893823491
2023-01-11,551.5604532322407
2023-01-12,551.5604532322407
2023-01-13,551.5604532322407
2023-01-14,561.0010619950999
2023-01-15,561.0010619950999
2023-01-16,554.3176228194137
2023-01-17,554.3176228194137
2023-01-18,535.1275139683639
2023-01-19,567.0878411453049
2023-01-20,567.0878411453049
2023-01-21,567.0878411453049
2023-01-22,551.2389092206937
2023-01-23,551.2389092206937
2023-01-24,551.2389092206937
2023-01-25,551.2389092206937
2023-01-26,487.04791819386116
2023-01-27,265.94082785618775
2023-01-28,248.037204137482
2023-01-29,255.98048648472482
2023-01-30,255.98048648472482
2023-01-31,240.13155456011367
2023-02-01,240.13155456011367
2023-02-02,195.46319534501737
2023-02-03,202.14663452070351
2023-02-04,202.14663452070351
2023-02-05,245.35378820145144
2023-02-06,245.35378820145144
2023-02-07,186.6419305264491
2023-02-08,186.6419305264491
2023-02-09,168.91670839381482
2023-02-10,193.34997057982895
2023-02-11,193.34997057982895
2023-02-12,198.97338383173243
2023-02-13,189.5327750688732
2023-02-14,201.83962749646284
2023-02-15,207.46304074836635
2023-02-16,207.46304074836635
2023-02-17,207.46304074836635
2023-02-18,169.87930031952192
2023-02-19,169.87930031952192
2023-02-20,169.87930031952192
2023-02-21,185.72823224413304
2023-02-22,193.67151459137585
2023-02-23,193.67151459137585
2023-02-24,193.67151459137585
2023-02-25,193.67151459137585
2023-02-26,193.67151459137585
2023-02-27,193.67151459137585
2023-02-28,196.94841678715267
2023-03-01,196.94841678715267
2023-03-02,228.21389678827904
2023-03-03,228.21389678827904
2023-03-04,309.09403225882295
2023-03-05,311.85120184599606
2023-03-06,321.2918106088553
2023-03-07,287.5252656909666
2023-03-08,287.5252656909666
2023-03-09,354.9694479905554
2023-03-10,354.9694479905554
2023-03-11,323.1416278420128
2023-03-12,293.08495240409513
2023-03-13,330.9123875451029
2023-03-14,331.9724134688855
2023-03-15,363.5951900705693
2023-03-16,351.2883376429797
2023-03-17,355.1055331539354
2023-03-18,377.8813562384279
2023-03-19,389.1015407814475
2023-03-20,389.1015407814475
2023-03-21,389.1015407814475
2023-03-22,389.1015407814475
2023-03-23,378.8760221087399
2023-03-24,494.1951090069263
2023-03-25,510.0440409315375
2023-03-26,510.0440409315375
2023-03-27,541.6668175332213
2023-03-28,608.180060501273
2023-03-29,608.180060501273
2023-03-30,596.9598759582534
2023-03-31,628.787696106796
2023-04-01,597.5222161056696
2023-04-02,597.5222161056696
2023-04-03,516.6420806351257
2023-04-04,544.785212301111
2023-04-05,535.3446035382517
2023-04-06,525.9039947753924
2023-04-07,525.9039947753924
2023-04-08,458.4598124758037
2023-04-09,458.4598124758037
2023-04-10,477.29630337070165
2023-04-11,475.97859346018396
2023-04-12,438.15115831917626
2023-04-13,447.31665106810124
2023-04-14,426.9140590094371
2023-04-15,571.1399200133903
2023-04-16,569.6425935977738
2023-04-17,565.7479880389999
2023-04-18,608.9264031821565
2023-04-19,629.176537956989
2023-04-20,629.176537956989
2023-04-21,688.948421555774
2023-04-22,739.7452396276129
2023-04-23,697.0957045673326
2023-04-24,687.9302118184078
2023-04-25,687.9302118184078
2023-04-26,729.845082630398
2023-04-27,663.3318396623463
2023-04-28,663.3318396623463
2023-04-29,663.3318396623463
2023-04-30,644.8392338354369
2023-05-01,660.7257985299225
2023-05-02,660.7257985299225
2023-05-03,666.3492117818259
2023-05-04,628.7654713529815
2023-05-05,644.6144032775927
2023-05-06,657.9496175992259
2023-05-07,665.8928999464688
2023-05-08,791.4618856575115
2023-05-09,807.3108175821226
2023-05-10,788.4743266872246
2023-05-11,763.1847859997541
2023-05-12,774.4049705427738
2023-05-13,764.1794518700663
2023-05-14,780.9698919646335
2023-05-15,653.5876287556034
2023-05-16,645.6443464083604
2023-05-17,626.7631288826421
2023-05-18,600.3751538340526
2023-05-19,580.1250190592202
2023-05-20,580.1250190592202
2023-05-21,542.7403468461187
2023-05-22,493.0035546980624
2023-05-23,420.33400286015615
2023-05-24,413.65056368447
2023-05-25,497.1955586133723
2023-05-26,454.37701663143355
2023-05-27,460.000429883337
2023-05-28,475.8493618079482
2023-05-29,490.47608333087715
2023-05-30,477.1408690092439
2023-05-31,461.25430431475826
2023-06-01,461.25430431475826
2023-06-02,521.2252561292861
2023-06-03,521.2252561292861
2023-06-04,537.6069880545665
2023-06-05,524.2717737329333
2023-06-06,521.9519046375939
2023-06-07,403.0663581022374
2023-06-08,387.21742617762624
2023-06-09,399.52427860521584
2023-06-10,399.52427860521584
2023-06-11,509.83489925674627
2023-06-12,521.5953771149449
2023-06-13,501.5280348246008
2023-06-14,542.5571676287921
2023-06-15,604.8990496622112
2023-06-16,657.98749408531
2023-06-17,629.9768694477231
2023-06-18,667.2230593013103
2023-06-19,693.8303098992984
2023-06-20,671.443098513615
2023-06-21,686.2320045144436
2023-06-22,734.7089534909431
2023-06-23,761.3162040889313
2023-06-24,677.7712091600289
2023-06-25,647.0521037282937
2023-06-26,649.3719728236329
2023-06-27,633.5230408990218
2023-06-28,618.8963193760928
2023-06-29,618.8963193760928
2023-06-30,675.8340637070072
2023-07-01,675.8340637070072
2023-07-02,610.2396986405759
2023-07-03,610.2396986405759
2023-07-04,578.0090347906843
2023-07-05,578.0090347906843
2023-07-06,572.3856215387808
2023-07-07,565.7021823630946
2023-07-08,565.7021823630946
2023-07-09,553.395329935505
2023-07-10,553.395329935505
2023-07-11,431.8645247409549
2023-07-12,414.4806336308528
2023-07-13,406.53735128361
2023-07-14,348.66462068449556
2023-07-15,286.3227386510765
2023-07-16,255.6215056136611
2023-07-17,255.6215056136611
2023-07-18,234.22424768468494
2023-07-19,207.61699708669687
2023-07-20,217.05760584955613
2023-07-21,195.5852606730415
2023-07-22,139.16502934929906
2023-07-23,112.55777875131095
2023-07-24,112.55777875131095
2023-07-25,136.3499930231649
2023-07-26,136.3499930231649
2023-07-27,143.03343219885105
2023-07-28,143.03343219885105
2023-07-29,143.03343219885105
2023-07-30,91.71910111984025
2023-07-31,91.71910111984025
2023-08-01,91.71910111984025
2023-08-02,97.34251437174373
2023-08-03,105.28579671898655
2023-08-04,117.59264914657618
2023-08-05,144.19989974456428
2023-08-06,166.73227084486155
2023-08-07,180.0674851664948
2023-08-08,180.0674851664948
2023-08-09,198.9039760613928
2023-08-10,230.5267526630766
2023-08-11,230.5267526630766
2023-08-12,307.3876509824747
2023-08-13,320.7545293338471
2023-08-14,442.688178229746
2023-08-15,499.4838581417922
2023-08-16,595.3479112263985
2023-08-17,751.4800097466745
2023-08-18,1389.055051935297
2023-08-19,1465.5065046681152
2023-08-20,1510.1748638832116
2023-08-21,1626.5329828684532
2023-08-22,1643.9168739785553
2023-08-23,1659.7658059031664
2023-08-24,1647.193776174332
2023-08-25,1667.2611184646762
2023-08-26,1660.57767928899
2023-08-27,1698.8138225992848
2023-08-28,1721.201033984968
2023-08-29,1715.5776207330644
2023-08-30,1742.6733791614824
2023-08-31,1742.6733791614824
2023-09-01,1737.049965909579
2023-09-02,1770.2451561744178
2023-09-03,1757.9383037468283
2023-09-04,1731.33105314884
2023-09-05,1708.7986820485428
2023-09-06,1695.4634677269096
2023-09-07,1873.2914087308018
2023-09-08,1854.4549178359039
2023-09-09,1822.83214123422
2023-09-10,1822.83214123422
2023-09-11,1745.971242914822
2023-09-12,1772.57849351281
2023-09-13,1650.644844616911
2023-09-14,1584.7971676408147
2023-09-15,1494.5565278081117
2023-09-16,1322.5754973632247
2023-09-17,685.0004551746024
2023-09-18,599.1083936789247
2023-09-19,554.4400344638284
2023-09-20,539.9185276673263
2023-09-21,568.7938618759048
2023-09-22,675.0511014913453
2023-09-23,825.034685698231
2023-09-24,956.4264070404571
2023-09-25,1032.6012064546735
2023-09-26,1461.3461067005182
2023-09-27,1893.439325832056
2023-09-28,1980.2385579668203
2023-09-29,2110.3527236531972
2023-09-30,2163.441168076296
2023-10-01,2320.371688435382
2023-10-02,2591.9059658700085
2023-10-03,2647.8211515889116
2023-10-04,2717.0276686194397
2023-10-05,2717.0276686194397
2023-10-06,2717.0276686194397
2023-10-07,2539.199727615547
2023-10-08,2547.14300996279
2023-10-09,2576.558637486548
2023-10-10,2576.558637486548
2023-10-11,2595.7221043768104
2023-10-12,2593.3317158562945
2023-10-13,2593.3317158562945
2023-10-14,2598.832992429559
2023-10-15,2631.4457224879498
2023-10-16,2706.435143421196
2023-10-17,2719.7703577428288
2023-10-18,2719.7703577428288
2023-10-19,2804.1264595046655
2023-10-20,2702.2898473159257
2023-10-21,2669.397500348618
2023-10-22,2556.731937571425
2023-10-23,2395.52816882152
2023-10-24,2236.125822841707
2023-10-25,2166.634462603177
2023-10-26,1737.0123289180378
2023-10-27,1290.4751807480593
2023-10-28,1203.675948613295
2023-10-29,1046.4660244985002
2023-10-30,993.3775800754014
2023-10-31,849.7822740379486
2023-11-01,545.0528063384836
2023-11-02,502.50449897095274
2023-11-03,442.73859070328376
2023-11-04,471.92273694952814
2023-11-05,471.92273694952814
2023-11-06,490.7592278444261
2023-11-07,482.8159454971833
2023-11-08,453.40031797342584
2023-11-09,453.40031797342584
2023-11-10,443.67745984602266
2023-11-11,417.3139039601979
2023-11-12,417.3139039601979
2023-11-13,398.47741306529986
2023-11-14,360.2412697550053
2023-11-15,285.2518488217597
2023-11-16,271.91663450012646
2023-11-17,271.91663450012646
2023-11-18,187.56053273828957
2023-11-19,187.56053273828957
2023-11-20,174.19365438691727
2023-11-21,164.75304562405805
2023-11-22,164.75304562405805
2023-11-23,237.82064117555035
2023-11-24,302.99871678982385
2023-11-25,271.2632201707271
2023-11-26,263.3199378234843
2023-11-27,263.3199378234843
2023-11-28,263.3199378234843
2023-11-29,263.3199378234843
2023-11-30,249.98472350185105
2023-12-01,242.04144115460824
2023-12-02,228.67456280323594
2023-12-03,219.23395404037672
2023-12-04,190.04980779413233
2023-12-05,190.04980779413233
2023-12-06,171.21331689923431
2023-12-07,171.21331689923431
2023-12-08,187.06224882384544
2023-12-09,187.06224882384544
2023-12-10,177.6216400609862
2023-12-11,166.40145551796658
2023-12-12,166.40145551796658
2023-12-13,166.40145551796658
2023-12-14,166.40145551796658
2023-12-15,182.25038744257773
2023-12-16,182.25038744257773
2023-12-17,182.25038744257773
2023-12-18,182.25038744257773
2023-12-19,182.25038744257773
2023-12-20,182.25038744257773
2023-12-21,193.47057198559736
2023-12-22,193.47057198559736
2023-12-23,120.40297643410507
2023-12-24,48.5414616441454
2023-12-25,42.918048392241914
2023-12-26,42.918048392241914
2023-12-27,42.918048392241914
2023-12-28,42.918048392241914
2023-12-29,42.918048392241914
2023-12-30,42.918048392241914
2023-12-31,42.918048392241914
2024-01-01,42.918048392241914
2024-01-02,42.918048392241914
2024-01-03,42.918048392241914
2024-01-04,42.918048392241914
2024-01-05,42.918048392241914
2024-01-06,42.918048392241914
2024-01-07,27.06911646763077
2024-01-08,27.06911646763077
2024-01-09,27.06911646763077
2024-01-10,33.75255564331692
2024-01-11,33.75255564331692
2024-01-12,33.75255564331692
2024-01-13,33.75255564331692
2024-01-14,17.903623718705774
2024-01-15,17.903623718705774
2024-01-16,17.903623718705774
2024-01-17,17.903623718705774
2024-01-18,34.747221513628894
2024-01-19,34.747221513628894
2024-01-20,23.527036970609267
2024-01-21,112.65213078398386
2024-01-22,112.65213078398385
2024-01-23,112.65213078398385
2024-01-24,144.27490738566763
2024-01-25,155.49509192868726
2024-01-26,198.94594032159847
2024-01-27,198.94594032159847
2024-01-28,198.94594032159847
2024-01-29,198.94594032159847
2024-01-30,212.28115464323173
2024-01-31,212.28115464323173
2024-02-01,212.28115464323173
2024-02-02,228.4052025817771
2024-02-03,272.6723821863077
2024-02-04,318.9218803109204
2024-02-05,318.9218803109204
2024-02-06,363.91153526397653
2024-02-07,363.91153526397653
2024-02-08,363.91153526397653
2024-02-09,357.2280960882904
2024-02-10,357.2280960882904
2024-02-11,385.5051957460476
2024-02-12,385.5051957460476
2024-02-13,385.5051957460476
2024-02-14,385.5051957460476
2024-02-15,385.5051957460476
2024-02-16,412.1124463440357
2024-02-17,679.0221620707339
2024-02-18,679.0221620707339
2024-02-19,710.8499822192765
2024-02-20,621.724888405902
2024-02-21,631.1654971687611
2024-02-22,631.165497168761
2024-02-23,599.5427205670773
2024-02-24,588.3225360240576
2024-02-25,551.5551268068326
2024-02-26,578.1623774048207
2024-02-27,578.1623774048207
2024-02-28,587.6029861676799
2024-02-29,587.60298616768
2024-03-01,587.60298616768
2024-03-02,617.6596616055976
2024-03-03,961.9724161525311
2024-03-04,923.3286497999039
2024-03-05,892.9280835999024
2024-03-06,892.9280835999024
2024-03-07,910.6344761039422
2024-03-08,1121.548348035227
2024-03-09,1139.4519717539329
2024-03-10,1263.0649973416596
2024-03-11,1263.0649973416596
2024-03-12,1264.84457312182
2024-03-13,1264.84457312182
2024-03-14,1278.1797874434533
2024-03-15,1278.1797874434533
2024-03-16,1294.0287193680645
2024-03-17,1278.6416533130962
2024-03-18,1001.571778967161
2024-03-19,1007.1951922190644
2024-03-20,1013.0403538603177
2024-03-21,1013.0403538603177
2024-03-22,1003.5997450974586
2024-03-23,1025.0720902739731
2024-03-24,1031.7555294496594
2024-03-25,1031.7555294496594
2024-03-26,1025.0720902739733
2024-03-27,1005.1482788516712
2024-03-28,1005.1482788516712
2024-03-29,995.707670088812
2024-03-30,982.3724557671787
2024-03-31,982.3724557671787
2024-04-01,952.3157803292611
2024-04-02,591.8789778437823
2024-04-03,592.9390037675649
2024-04-04,1147.0771037944542
2024-04-05,1147.0771037944542
2024-04-06,1344.7513144622576
2024-04-07,1230.855515983345
2024-04-08,1227.5786137875682
2024-04-09,1261.0014727017456
2024-04-10,1377.8765606038726
2024-04-11,1415.094369132491
2024-04-12,1524.3405815516137
2024-04-13,1622.723830828441
2024-04-14,3003.8716916174008
2024-04-15,3040.306329600352
2024-04-16,3294.5960673526993
2024-04-17,3297.3532369398727
2024-04-18,3342.1292885578114
2024-04-19,3312.399589115258
2024-04-20,3373.2381759929253
2024-04-21,3552.89255438518
2024-04-22,3558.027459806654
2024-04-23,3632.751281515201
2024-04-24,3677.4196407302975
2024-04-25,3759.9344047873105
2024-04-26,3878.3299664098286
2024-04-27,4825.748667116033
2024-04-28,4863.575449614206
2024-04-29,5021.700927659177
2024-04-30,5163.942641603803
2024-05-01,5188.009971889592
2024-05-02,5193.633385141495
2024-05-03,5238.017100710598
2024-05-04,4685.4139598692
2024-05-05,4685.4139598692
2024-05-06,4473.86027940238
2024-05-07,5151.756243419895
2024-05-08,5245.0911066052395
2024-05-09,5097.495830866194
2024-05-10,6142.294307257154
2024-05-11,6082.963105637862
2024-05-12,6063.9083016121485
2024-05-13,6210.2080163723585
2024-05-14,4829.060155583398
2024-05-15,4776.776585675836
2024-05-16,4546.580820170064
2024-05-17,4537.140211407205
2024-05-18,4678.611807630491
2024-05-19,4670.6685252832485
2024-05-20,9306.687475578863
2024-05-21,9251.79964370106
2024-05-22,9734.322909077588
2024-05-23,9686.206337967029
2024-05-24,9641.537978751932
2024-05-25,9729.093272292337
2024-05-26,9611.957553841376
2024-05-27,8690.058783205755
2024-05-28,8652.232000707581
2024-05-29,8537.402917704308
2024-05-30,8413.997694654583
2024-05-31,8411.20886103767
2024-06-01,8412.268886961452
2024-06-02,8370.642340979522
2024-06-03,8361.201732216663
2024-06-04,8395.752265161893
2024-06-05,8364.865953183307
2024-06-06,7597.8951980606635
2024-06-07,7489.93361335239
2024-06-08,8880.30240838919
2024-06-09,7742.696174381892
2024-06-10,7734.7528920346485
2024-06-11,7652.504765988481
2024-06-12,7400.110000881716
2024-06-13,7400.110000881716
2024-06-14,7428.173783219659
2024-06-15,7399.543065605749
2024-06-16,7456.346560347492
2024-06-17,7307.206797790897
2024-06-18,7662.020187024473
2024-06-19,2965.16264985119
2024-06-20,2849.836712099597
2024-06-21,2359.664823698619
2024-06-22,2331.997547176848
2024-06-23,2331.997547176848
2024-06-24,2254.98250830445
2024-06-25,2247.0392259572072
2024-06-26,2221.5192958866232
2024-06-27,2240.355786781521
2024-06-28,2205.0026740870644
2024-06-29,2197.386367735186
2024-06-30,2176.10787106631
2024-07-01,2212.499078542973
2024-07-02,2684.8165434772936
2024-07-03,2941.628599880155
2024-07-04,2919.3849193625138
2024-07-05,2901.4546536830208
2024-07-06,2893.5113713357778
2024-07-07,2939.760869460391
2024-07-08,1546.6349048364166
2024-07-09,1534.8744269782183
2024-07-10,1548.4411225773645
2024-07-11,1639.0635428063554
2024-07-12,1694.741443965713
2024-07-13,1694.741443965713
2024-07-14,1666.6776616277702
2024-07-15,1689.4534847122627
2024-07-16,1632.649989970519
2024-07-17,1589.9186914339855
2024-07-18,1787.5322132166252
2024-07-19,1794.2156523923113
2024-07-20,1784.775043629452
2024-07-21,1765.8164160559154
2024-07-22,1769.633611566871
2024-07-23,1785.5201762613565
2024-07-24,1692.4651575363375
2024-07-25,1692.4651575363375
2024-07-26,2760.1322153638866
2024-07-27,2746.9191377208926
2024-07-28,2762.5028923442587
2024-07-29,2767.1692724957247
2024-07-30,2772.792685747628
2024-07-31,2736.4014782709646
2024-08-01,2254.6434045737856
2024-08-02,1989.888065823681
2024-08-03,1985.5244957433342
2024-08-04,1985.5244957433342
2024-08-05,1985.5244957433342
2024-08-06,1945.9584367944076
2024-08-07,1939.2749976187215
2024-08-08,1926.9681451911317
2024-08-09,1921.3447319392285
2024-08-10,1850.7409652075567
2024-08-11,1796.123089971982
2024-08-12,1796.123089971982
2024-08-13,1807.3432745150014
2024-08-14,1813.7179016530217
2024-08-15,1826.0247540806115
2024-08-16,1851.6668208298343
2024-08-17,1600.1105097588206
2024-08-18,1859.0046175440648
2024-08-19,1890.6273941457487
2024-08-20,1901.8742206495556
2024-08-21,1892.4336118866963
2024-08-22,1876.5470471922108
2024-08-23,1876.5470471922108
2024-08-24,1913.5609801008231
2024-08-25,864.7304131681718
2024-08-26,859.1069999162684
2024-08-27,835.5799629456591
2024-08-28,819.6933982511734
2024-08-29,814.06998499927
2024-08-30,1444.1120747171376
2024-08-31,1444.1120747171376
2024-09-01,1444.1120747171376
2024-09-02,1436.168792369895
2024-09-03,1441.7922056217985
2024-09-04,1441.7922056217985
2024-09-05,1441.7922056217985
2024-09-06,1468.3994562197865
2024-09-07,1481.7346705414197
2024-09-08,1473.7913881941768
2024-09-09,1445.8294523496147
2024-09-10,1439.1460131739284
2024-09-11,1439.1460131739284
2024-09-12,1458.2563223638351
2024-09-13,1422.4224329656363
2024-09-14,1410.1155805380465
2024-09-15,1390.0969270407272
2024-09-16,1089.226327095526
2024-09-17,823.6487801345958
2024-09-18,792.026003532912
2024-09-19,780.779177029105
2024-09-20,790.2197857919642
2024-09-21,799.6603945548234
2024-09-22,799.6603945548234
2024-09-23,762.646461646211
2024-09-24,743.809970751313
2024-09-25,766.3423418516104
2024-09-26,766.3423418516104
2024-09-27,766.3423418516104
2024-09-28,766.3423418516104
2024-09-29,129.6168129580564
2024-09-30,129.6168129580564
2024-10-01,129.6168129580564
2024-10-02,136.3002521337426
2024-10-03,130.6768388818391
2024-10-04,130.6768388818391
2024-10-05,236.52341517524906
2024-10-06,241.53894117894475
2024-10-07,228.20372685731152
2024-10-08,228.20372685731152
2024-10-09,228.20372685731152
2024-10-10,228.20372685731152
2024-10-11,281.29217128041034
2024-10-12,325.95109848072974
2024-10-13,420.6996055460078
2024-10-14,420.6996055460078
2024-10-15,415.0761922941043
2024-10-16,415.0761922941043
2024-10-17,415.0761922941043
2024-10-18,415.0761922941043
2024-10-19,415.0761922941043
2024-10-20,422.4791813261682
2024-10-21,413.03857256330895
2024-10-22,413.03857256330895
2024-10-23,413.03857256330895
2024-10-24,413.03857256330895
2024-10-25,390.5062014630117
2024-10-26,435.94994295589777
2024-10-27,470.0042565739363
2024-10-28,486.1283045124817
2024-10-29,486.1283045124817
2024-10-30,486.1283045124817
2024-10-31,486.1283045124817
2024-11-01,479.44486533679554
2024-11-02,479.44486533679554
2024-11-03,479.44486533679554
2024-11-04,366.9148498676994
2024-11-05,335.2920732660156
2024-11-06,355.95286657189445
2024-11-07,361.57627982379796
2024-11-08,377.4252117484091
2024-11-09,415.2792888502042
2024-11-10,362.19084442710533
2024-11-11,306.0379143887577
2024-11-12,211.28940732347968
2024-11-13,244.92344521297008
2024-11-14,244.92344521297008
2024-11-15,244.92344521297008
2024-11-16,257.2302976405597
2024-11-17,257.2302976405597
2024-11-18,257.2302976405597
2024-11-19,240.3866998456366
2024-11-20,240.3866998456366
2024-11-21,240.3866998456366
2024-11-22,247.07013902132275
2024-11-23,258.2903235643424
2024-11-24,258.2903235643424
2024-11-25,289.80878318172256
2024-11-26,270.8184915784468
2024-11-27,254.6944436399014
2024-11-28,254.6944436399014
2024-11-29,254.6944436399014
2024-11-30,254.6944436399014
2024-12-01,254.6944436399014
2024-12-02,254.6944436399014
2024-12-03,254.6944436399014
2024-12-04,254.6944436399014
2024-12-05,308.22499834807246
2024-12-06,964.9658401933498
2024-12-07,959.3424269414464
2024-12-08,943.4934950168353
2024-12-09,905.6394179150402
2024-12-10,905.6394179150402
2024-12-11,886.8029270201422
2024-12-12,892.4263402720456
2024-12-13,858.7923023825552
2024-12-14,858.7923023825552
2024-12-15,858.7923023825552
2024-12-16,846.4854499549656
2024-12-17,846.4854499549656
2024-12-18,854.4287323022085
2024-12-19,863.8693410650677
2024-12-20,863.8693410650677
2024-12-21,863.8693410650677
2024-12-22,889.5890883834259
2024-12-23,900.9012749407035
2024-12-24,900.9012749407035
2024-12-25,831.8823561776801
2024-12-26,816.8183341629174
2024-12-27,816.8183341629174
2024-12-28,816.8183341629174
2024-12-29,816.8183341629174
2024-12-30,816.8183341629174
2024-12-31,816.8183341629174
2025-01-01,816.8183341629174
2025-01-02,839.2055455486008
2025-01-03,847.1488278958435
2025-01-04,825.2410497893563
2025-01-05,147.83941463820008
2025-01-06,147.83941463820008
2025-01-07,161.1746289598333
2025-01-08,161.1746289598333
2025-01-09,161.1746289598333
2025-01-10,161.1746289598333
2025-01-11,155.55121570792983
2025-01-12,161.1746289598333
2025-01-13,190.63389122001195
2025-01-14,209.47038211490994
2025-01-15,218.91099087776917
2025-01-16,218.91099087776917
2025-01-17,423.48107235392774
2025-01-18,561.2115014393612
2025-01-19,561.2115014393612
2025-01-20,592.1244553787351
2025-01-21,621.8920722079271
2025-01-22,623.9150999722826
2025-01-23,623.9150999722826
2025-01-24,705.6298317931924
2025-01-25,705.6298317931924
2025-01-26,705.6298317931924
2025-01-27,705.6298317931924
2025-01-28,705.6298317931924
2025-01-29,705.6298317931924
2025-01-30,711.2532450450958
2025-01-31,736.77317511568
2025-02-01,822.1474188646288
2025-02-02,814.2041365173859
2025-02-03,792.0219686785614
2025-02-04,799.9652510258043
2025-02-05,1520.5821189085611
2025-02-06,1507.246904586928
2025-02-07,1516.6875133497872
2025-02-08,1516.6875133497872
2025-02-09,1530.0227276714204
2025-02-10,1598.9601040191303
2025-02-11,1709.5922847086047
2025-02-12,1837.9852000131325
2025-02-13,2192.387851963875
2025-02-14,2315.0999628878794
2025-02-15,2445.5030347313254
2025-02-16,4903.4204873428735
2025-02-17,6502.969248128474
2025-02-18,7169.022894654799
2025-02-19,8051.959132041685
2025-02-20,8088.768974665602
2025-02-21,8256.462852198407
2025-02-22,8262.08626545031
2025-02-23,8172.428251282158
2025-02-24,8180.371533629401
2025-02-25,8180.371533629401
2025-02-26,8180.371533629401
2025-02-27,8180.371533629401
2025-02-28,8180.371533629401
2025-03-01,8227.359761939837
2025-03-02,8216.903853884016
2025-03-03,8124.206420764146
2025-03-04,8124.206420764146
2025-03-05,8114.765812001287
2025-03-06,8529.012785226358
2025-03-07,7887.31337980994
2025-03-08,7979.410769333634
2025-03-09,8130.090190655216
2025-03-10,8156.869963897358
2025-03-11,8523.49957144921
2025-03-12,8492.588794847448
2025-03-13,11269.945459276118
2025-03-14,11614.402619325143
2025-03-15,11546.385177546985
2025-03-16,11427.799153459267
2025-03-17,11303.019494867725
2025-03-18,8651.752145323038
2025-03-19,6926.779807879593
2025-03-20,6292.348937954953
2025-03-21,5378.499746628693
2025-03-22,5279.519100681539
2025-03-23,5087.269824284082
2025-03-24,5081.646411032178
2025-03-25,5089.58969337942
2025-03-26,5089.58969337942
2025-03-27,5104.653715394184
2025-03-28,5110.277128646087
2025-03-29,5110.277128646087
2025-03-30,5126.401176584632
2025-03-31,5079.412948274196
2025-04-01,5064.348926259434
2025-04-02,5086.531094098258
2025-04-03,5092.154507350161
2025-04-04,5092.154507350161
2025-04-05,4681.184436320867
2025-04-06,4602.266973854528
2025-04-07,4619.003719594531
2025-04-08,4481.453693380262
2025-04-09,4454.673920138121
2025-04-10,4132.944153078875
2025-04-11,4192.5622730661225
2025-04-12,1471.580884667524
2025-04-13,992.0473701382851
2025-04-14,698.0724955746102
2025-04-15,693.9464087383232
2025-04-16,702.9497170093485
2025-04-17,683.7862501190862
2025-04-18,662.0387889286372
2025-04-19,630.4160123269535
2025-04-20,705.5600249895899
2025-04-21,718.9269033409622
2025-04-22,734.7758352655734
2025-04-23,734.7758352655734
2025-04-24,896.4783484856132
2025-04-25,1027.1529683756335
2025-04-26,1012.0889463608708
2025-04-27,1047.6416384909235
2025-04-28,1047.6416384909235
2025-04-29,1042.7377750953976
2025-04-30,1042.7377750953976
2025-05-01,1070.0820075769627
2025-05-02,1032.8358177233754
2025-05-03,1038.4325890144914
2025-05-04,1038.4325890144914
2025-05-05,1027.2124044714717
2025-05-06,1080.3008488945707
2025-05-07,977.0901268827773
2025-05-08,961.2035621882916
2025-05-09,961.2035621882916
2025-05-10,902.968507374049
2025-05-11,805.3237876408543
2025-05-12,690.9229448690774
2025-05-13,3623.271843814651
2025-05-14,4137.3416592865815
2025-05-15,4127.901050523722
2025-05-16,4113.274329000793
2025-05-17,4127.901050523722
2025-05-18,4175.808191979989
2025-05-19,4175.808191979989
2025-05-20,4106.287592569257
2025-05-21,4092.9207142178843
2025-05-22,4082.695195545177
2025-05-23,4171.820289358551
2025-05-24,4002.1744937912686
2025-05-25,3916.645035977104
2025-05-26,3922.2684492290073
2025-05-27,3892.3391703508587
2025-05-28,3918.9464209488465
2025-05-29,3907.726236405827
2025-05-30,3902.1028231539235
2025-05-31,3880.382003924262
2025-06-01,3880.382003924262
2025-06-02,3874.785232633146
2025-06-03,3881.4686718088324
2025-06-04,3887.092085060736
2025-06-05,4422.571429911676
2025-06-06,4682.76338133366
2025-06-07,4938.210025581101
2025-06-08,4997.541227200394
2025-06-09,4997.541227200394
2025-06-10,5014.925118310496
2025-06-11,4956.695091110824
2025-06-12,2035.4708819904183
2025-06-13,1510.1542400146814
2025-06-14,1518.0975223619241
2025-06-15,1550.2692275784557
2025-06-16,1535.6425060555266
2025-06-17,1487.7353645992591
2025-06-18,1487.7353645992591
2025-06-19,1571.1940379652624
2025-06-20,1591.2126914625817
2025-06-21,1942.9614875629336
2025-06-22,1901.5131458227129
2025-06-23,1901.5131458227129
2025-06-24,1897.4823414285638
2025-06-25,1891.8589281766604
2025-06-26,1880.6121016728534
2025-06-27,1880.6121016728532
2025-06-28,1890.0527104357125
2025-06-29,1903.3879247573457
2025-06-30,4796.71505143666
2025-07-01,4796.71505143666
2025-07-02,4791.091638184756
2025-07-03,4873.533292822445
2025-07-04,4867.909879570541
2025-07-05,4292.908785895648
2025-07-06,4048.6033991681497
2025-07-07,3786.473315745023
2025-07-08,3727.1421141257297
2025-07-09,3768.633112799564
2025-07-10,3759.1925040367046
2025-07-11,3759.1925040367046
2025-07-12,3725.2919911270437
2025-07-13,3725.2919911270437
2025-07-14,3732.4127307945637
2025-07-15,3737.8247660068773
2025-07-16,3737.8247660068773
2025-07-17,3743.448179258781
2025-07-18,4850.1122249063465
2025-07-19,4800.972603208061
2025-07-20,4788.897232057983
2025-07-21,4431.525022705728
2025-07-22,4398.474992155503
2025-07-23,4404.098405407407
2025-07-24,4355.040765378458
2025-07-25,4374.20423226872
2025-07-26,4386.51108469631
2025-07-27,4369.344442861181
2025-07-28,4359.903834098322
2025-07-29,4374.579244414274
2025-07-30,1514.8861556244506
2025-07-31,1522.8294379716936
2025-08-01,1529.5128771473796
2025-08-02,1509.1069310339278
2025-08-03,1545.6166562644178
2025-08-04,1532.0499606652716
2025-08-05,1542.162759320566
2025-08-06,1542.162759320566
2025-08-07,1542.162759320566
2025-08-08,1514.0069749683655
2025-08-09,1542.6000598124
2025-08-10,1568.473607839136
2025-08-11,1638.9459433723368
2025-08-12,1661.478314472634
2025-08-13,1646.4142924578712
2025-08-14,1641.0469838763786
2025-08-15,1654.6136794755248
2025-08-16,1666.8938899423272
2025-08-17,659.3381944198412
2025-08-18,626.0791686759061
2025-08-19,642.2032166144515
2025-08-20,663.4817132833275
2025-08-21,648.8549917603985
2025-08-22,649.9150176841812
2025-08-23,752.6518983286655
2025-08-24,783.0148317587928
2025-08-25,805.5155388293509
2025-08-26,819.8671443383456
2025-08-27,832.1739967659353
2025-08-28,991.4319218951
2025-08-29,1027.6501265624881
2025-08-30,1034.3335657381745
2025-08-31,2379.704335031476
2025-09-01,4000.242998807601
2025-09-02,3969.3566868290145
2025-09-03,3969.3566868290145
2025-09-04,3960.121121613014
2025-09-05,3960.121121613014
2025-09-06,3983.12842597502
2025-09-07,3976.4766508290727
2025-09-08,3947.883565985038
2025-09-09,3922.010017958302
2025-09-10,3851.537682425101
2025-09-11,3829.0053113248036
2025-09-12,3900.1964476823514
2025-09-13,3867.980015835
2025-09-14,3854.4133202358535
2025-09-15,3868.1324731188315
2025-09-16,3769.024122993752
2025-09-17,3767.9640970699693
2025-09-18,3743.896766784181
2025-09-19,3722.6182701153048
2025-09-20,3740.002161225407
2025-09-21,3733.3187220497207
2025-09-22,3636.20525465714
2025-09-23,3586.67885433675
2025-09-24,3629.1953615375533
2025-09-25,3644.6119096140683
2025-09-26,3632.3050571864787
2025-09-27,3451.719946595413
2025-09-28,3388.551143214221
2025-09-29,3427.0571762393647
2025-09-30,2084.4435765332364
2025-10-01,395.1857650571886
2025-10-02,764.1784545319281
2025-10-03,906.8529710570524
2025-10-04,1243.4646386196227
2025-10-05,1275.6953024695142
2025-10-06,1266.0232124291422
2025-10-07,1259.3397732534559
2025-10-08,1270.232981801111
2025-10-09,1291.5431424997262
2025-10-10,1329.1771683846607
2025-10-11,1522.4676699068395
2025-10-12,1697.2046533779053
2025-10-13,1749.8162949402442
2025-10-14,1785.103809769052
2025-10-15,1835.31294185722
2025-10-16,1849.9396633801489
2025-10-17,1938.4691379517535
2025-10-18,2150.282128310784
2025-10-19,2226.215967527007
2025-10-20,2331.7733654372387
2025-10-21,2343.0201919410456
2025-10-22,2498.5768346973664
2025-10-23,2521.146838567538
2025-10-24,2482.909397538318
2025-10-25,2663.119353697514
2025-10-26,2676.68604929666
2025-10-27,2686.846207915897
2025-10-28,2722.2861800285364
2025-10-29,2674.776838732367
2025-10-30,2682.1798277644307
2025-10-31,2762.208523493148
2025-11-01,2418.831258806844
2025-11-02,2491.4348156384503
2025-11-03,2176.684104951203
2025-11-04,2263.227076708689
2025-11-05,2255.515275638959
2025-11-06,2262.198714814645
2025-11-07,2348.6015246877705
2025-11-08,2356.4684561724557
2025-11-09,2458.2351743113
2025-11-10,2283.7811636840192
2025-11-11,2037.853043855406
2025-11-12,2008.768439263676
2025-11-13,1982.9215331977275
2025-11-14,1901.089624507876
2025-11-15,1953.1247203622918
2025-11-16,1865.65527171447
2025-11-17,1777.1650722883971
2025-11-18,1749.29217523682
2025-11-19,1956.8946971981886
2025-11-20,2021.0504575699906
2025-11-21,1875.9944495003117
2025-11-22,2098.307957234812
2025-11-23,2084.5108722525515
2025-11-24,1865.092153744987
2025-11-25,2242.839122731233
2025-11-26,2276.28729740331
2025-11-27,2287.381666623285
2025-11-28,2680.1598381893864
2025-11-29,2663.3162403944634
2025-11-30,2583.2875446657463
2025-12-01,2607.1503061561257
2025-12-02,2391.872232799395
2025-12-03,2357.0646733012472
2025-12-04,2238.2910376938703
2025-12-05,2242.108233204826
2025-12-06,2235.42479402914
2025-12-07,2192.7145464470746
2025-12-08,2163.5374542637746
2025-12-09,2024.1367102399956
2025-12-10,2005.3002193450975
2025-12-11,2036.9229959467814
2025-12-12,2013.3959589761723
2025-12-13,2003.955350213313
2025-12-14,2015.20217671712
2025-12-15,1981.8310491134496
2025-12-16,1975.1476099377633
2025-12-17,1851.8248190048055
2025-12-18,1817.0990911617932
2025-12-19,1551.7854527104776
2025-12-20,1482.0062790867723
2025-12-21,1475.3228399110858
2025-12-22,1230.4393283064142
2025-12-23,1259.3049353209246
2025-12-24,1298.8709942698513
2025-12-25,907.5573296844588
2025-12-26,862.8889704693624
2025-12-27,816.3546291367476
2025-12-28,423.57645757064626
2025-12-29,450.3562308127871
2025-12-30,502.63980072034974
2025-12-31,455.481483536874
2026-01-01,461.10489678877747
2026-01-02,451.66428802591827
2026-01-03,457.2877012778218
2026-01-04,447.8470925149625
2026-01-05,624.2504313665466
2026-01-06,947.983388461167
2026-01-07,947.983388461167
2026-01-08,1093.3449637314047
2026-01-09,1093.3449637314047
2026-01-10,1061.722187129721
2026-01-11,1061.722187129721
2026-01-12,1061.722187129721
2026-01-13,1058.4186429731567
2026-01-14,1163.6222242427225
2026-01-15,1163.6222242427225
2026-01-16,1208.290583457819
2026-01-17,1194.9553691361857
2026-01-18,1140.9453811488183
2026-01-19,1135.3219678969149
2026-01-20,1125.8813591340556
2026-01-21,1144.7178500289538
2026-01-22,1090.5627023269726
2026-01-23,1050.996643378046
2026-01-24,1050.996643378046
2026-01-25,1045.3732301261425
2026-01-26,1033.066377698553
2026-01-27,1045.3465881653551
2026-01-28,1018.5668149232143
2026-01-29,966.2832450156517
2026-01-30,958.3399626684088
2026-01-31,952.7165494165054
2026-02-01,962.1571581793645
2026-02-02,956.533744927461
2026-02-03,956.533744927461
2026-02-04,808.4075057336341
2026-02-05,448.9252686951965
2026-02-06,448.9252686951965
2026-02-07,303.56369342495884
2026-02-08,303.56369342495884
2026-02-09,322.7271603152213
2026-02-10,322.7271603152213
2026-02-11,338.5760922398324
2026-02-12,349.4693007874876
2026-02-13,210.9750297442477
2026-02-14,281.71224387976287
2026-02-15,237.04388466466656
2026-02-16,257.0625381619859
2026-02-17,487.78770109617153
2026-02-18,487.78770109617153
2026-02-19,487.78770109617153
2026-02-20,468.9512102012735
2026-02-21,468.9512102012735
2026-02-22,522.0396546243724
2026-02-23,540.8761455192704
2026-02-24,610.0826625497986
2026-02-25,616.7661017254848
2026-02-26,598.862478006779
2026-02-27,598.862478006779
2026-02-28,1100.7541750959654
2026-03-01,1100.7541750959654
2026-03-02,1106.3775883478688
2026-03-03,1096.9369795850096
2026-03-04,1102.5603928369133
2026-03-05,1177.9629797125222
2026-03-06,1149.685880054765
2026-03-07,1128.5295200645276
2026-03-08,1135.2129592402136
2026-03-09,1135.2129592402136
2026-03-10,1135.2129592402136
2026-03-11,1116.0494923499512
2026-03-12,1116.0494923499512
2026-03-13,1100.20056042534
2026-03-14,1081.364069530442
2026-03-15,1081.364069530442
2026-03-16,1010.6268553949269
2026-03-17,1010.6268553949269
2026-03-18,990.6082018976075
2026-03-19,748.6628544204023
2026-03-20,760.9697068479919
2026-03-21,781.6571421146582
2026-03-22,789.600424461901
2026-03-23,789.600424461901
2026-03-24,736.5119800388021
2026-03-25,717.6754891439041
2026-03-26,648.4689721133759
2026-03-27,641.7855329376897
2026-03-28,641.7855329376897
2026-03-29,641.7855329376897
2026-03-30,139.89383584850333
2026-03-31,139.89383584850333
2026-04-01,142.21370494384266
2026-04-02,159.5975960539447
2026-04-03,197.18133648278916
2026-04-04,121.77874960718019
2026-04-05,189.41916547394226
2026-04-06,219.5181779293554
2026-04-07,616.3470263834507
2026-04-08,1056.452229286395
2026-04-09,1075.3334468121136
2026-04-10,1075.3334468121136
2026-04-11,1075.3334468121136
2026-04-12,1075.3334468121136
2026-04-13,1101.9406974101016
2026-04-14,1107.5641106620053
2026-04-15,1107.5641106620053
2026-04-16,1107.5641106620053
2026-04-17,1123.4130425866163
2026-04-18,1123.4130425866163
2026-04-19,1111.1061901590267
2026-04-20,1096.042168144264
2026-04-21,1088.0988857970212
2026-04-22,1088.0988857970212
2026-04-23,1088.0988857970212
2026-04-24,1088.0988857970212
2026-04-25,1110.4860971827045
2026-04-26,1110.4860971827045
2026-04-27,1117.1695363583906
2026-04-28,1117.1695363583906
2026-04-29,1117.1695363583906
2026-04-30,1117.1695363583906
2026-05-01,1109.2262540111478
2026-05-02,1091.8423629010458
2026-05-03,1048.6352092202978
2026-05-04,1048.6352092202978
2026-05-05,1007.6020439515239
2026-05-06,990.838245817744
2026-05-07,587.3259581879627
2026-05-08,147.22075528501819
2026-05-09,145.18313555422282
2026-05-10,145.18313555422282
2026-05-11,153.12641790146563
2026-05-12,264.63872310052363
2026-05-13,238.03147250253556
2026-05-14,238.03147250253556
2026-05-15,243.65488575443905
2026-05-16,249.27829900634256
2026-05-17,295.95842026768946
2026-05-18,295.95842026768946
2026-05-19,301.5818335195929
2026-05-20,295.9584202676894
2026-05-21,2346.1883667755164
