time,magnitude,depth,longitude,latitude,place,event_id,year,month,day,energy_proxy
2008-05-30 01:18:56.520000,1.9,,14.067,40.923,7 km W Qualiano (NA),1821059,2008,5,2008-05-30,707.9457843841374
2010-12-21 02:47:12.000000,1.3,,14.069,40.845,2 km W Pozzuoli (NA),2294759,2010,12,2010-12-21,89.12509381337459
2015-10-07 07:20:34.000000,1.5,,14.149,40.836,5 km S Quarto (NA),6142081,2015,10,2015-10-07,177.82794100389228
2015-10-07 07:31:32.000000,1.9,,14.152,40.828,6 km E Pozzuoli (NA),6142091,2015,10,2015-10-07,707.9457843841374
2015-10-07 07:37:40.000000,2.2,,14.146,40.83,5 km E Pozzuoli (NA),6142101,2015,10,2015-10-07,1995.262314968881
2015-10-07 07:54:13.000000,2.0,,14.149,40.831,5 km E Pozzuoli (NA),6142131,2015,10,2015-10-07,1000.0
2015-10-07 08:13:51.000000,2.3,,14.146,40.83,5 km E Pozzuoli (NA),6142141,2015,10,2015-10-07,2818.382931264452
2015-10-07 09:10:50.000000,2.5,,14.148,40.828,5 km E Pozzuoli (NA),6142151,2015,10,2015-10-07,5623.413251903491
2016-06-04 02:38:00.000000,1.5,,14.136,40.817,Ischia e costa Flegrea (Napoli),6783751,2016,6,2016-06-04,177.82794100389228
2016-06-04 02:45:59.000000,1.6,,14.135,40.823,5 km SE Pozzuoli (NA),6783791,2016,6,2016-06-04,251.18864315095823
2016-07-11 05:10:00.000000,1.5,,14.102,40.796,Ischia e costa Flegrea (Napoli),6925231,2016,7,2016-07-11,177.82794100389228
2016-08-29 15:45:00.000000,1.5,,14.15,40.828,5 km E Pozzuoli (NA),7387441,2016,8,2016-08-29,177.82794100389228
2018-03-12 13:37:16.000000,1.0,,14.15,40.826,5 km E Pozzuoli (NA),18427781,2018,3,2018-03-12,31.622776601683793
2018-03-12 13:40:46.000000,1.1,,14.148,40.83,5 km E Pozzuoli (NA),18427791,2018,3,2018-03-12,44.668359215096324
2018-03-12 13:41:23.030000,1.4,,14.1333,40.842,4 km E Pozzuoli (NA),18426471,2018,3,2018-03-12,125.89254117941663
2018-03-12 13:45:37.000000,1.3,,14.15,40.825,6 km E Pozzuoli (NA),18427801,2018,3,2018-03-12,89.12509381337459
2018-03-12 13:50:14.000000,1.4,,14.15,40.829,5 km E Pozzuoli (NA),18427831,2018,3,2018-03-12,125.89254117941663
2018-03-12 13:58:06.000000,1.8,,14.149,40.83,5 km E Pozzuoli (NA),18426821,2018,3,2018-03-12,501.18723362727246
2018-03-12 14:09:06.300000,1.8,,14.1342,40.8402,4 km E Pozzuoli (NA),18426681,2018,3,2018-03-12,501.18723362727246
2018-03-12 14:25:43.000000,1.2,,14.149,40.829,5 km E Pozzuoli (NA),18427871,2018,3,2018-03-12,63.0957344480193
2018-03-12 14:39:41.000000,1.4,,14.15,40.824,6 km E Pozzuoli (NA),18427881,2018,3,2018-03-12,125.89254117941663
2018-03-12 14:44:29.000000,1.0,,14.148,40.827,5 km E Pozzuoli (NA),18427891,2018,3,2018-03-12,31.622776601683793
2018-03-12 14:58:59.000000,1.3,,14.14,40.829,5 km E Pozzuoli (NA),18427901,2018,3,2018-03-12,89.12509381337459
2018-03-12 15:12:46.000000,1.4,,14.15,40.827,5 km E Pozzuoli (NA),18427921,2018,3,2018-03-12,125.89254117941663
2018-04-21 04:26:18.000000,1.7,,14.138,40.828,4 km SE Pozzuoli (NA),18935231,2018,4,2018-04-21,354.8133892335753
2018-06-14 21:57:37.100000,1.3,,14.1358,40.8368,4 km E Pozzuoli (NA),19726281,2018,6,2018-06-14,89.12509381337459
2018-06-14 22:13:24.030000,1.4,,14.1367,40.8383,4 km E Pozzuoli (NA),19726411,2018,6,2018-06-14,125.89254117941663
2018-09-15 09:23:57.000000,1.6,,14.142,40.811,Golfo di Napoli e Capri (Napoli),20682901,2018,9,2018-09-15,251.18864315095823
2018-09-18 21:36:42.790000,2.1,,14.1627,40.8447,4 km SE Quarto (NA),20713961,2018,9,2018-09-18,1412.5375446227554
2018-10-08 01:34:45.000000,1.5,,14.134,40.827,4 km SE Pozzuoli (NA),20858171,2018,10,2018-10-08,177.82794100389228
2018-10-12 07:43:35.000000,2.0,,14.145,40.836,5 km E Pozzuoli (NA),20888871,2018,10,2018-10-12,1000.0
2019-01-10 00:28:11.000000,1.9,,14.169,40.843,4 km SE Quarto (NA),21357541,2019,1,2019-01-10,707.9457843841374
2019-03-15 04:26:41.310000,2.0,,14.1417,40.841,4 km S Quarto (NA),21843321,2019,3,2019-03-15,1000.0
2019-04-10 22:56:47.000000,1.8,,14.146,40.829,5 km E Pozzuoli (NA),22029011,2019,4,2019-04-10,501.18723362727246
2019-04-16 10:23:42.170000,1.2,,14.1362,40.8232,5 km SE Pozzuoli (NA),22058971,2019,4,2019-04-16,63.0957344480193
2019-06-12 00:30:45.460000,1.7,,14.0918,40.8362,1 km S Pozzuoli (NA),22438881,2019,6,2019-06-12,354.8133892335753
2019-07-24 06:38:37.000650,1.7,,14.146,40.82217,5 km SE Pozzuoli (NA),22730571,2019,7,2019-07-24,354.8133892335753
2019-09-05 04:03:01.000660,1.6,,14.10067,40.815,Ischia e costa Flegrea (Napoli),23025521,2019,9,2019-09-05,251.18864315095823
2019-10-05 05:08:37.230000,2.3,,14.1415,40.8383,4 km E Pozzuoli (NA),23222571,2019,10,2019-10-05,2818.382931264452
2019-11-20 03:44:08.000210,1.7,,14.12233,40.83083,3 km SE Pozzuoli (NA),23468521,2019,11,2019-11-20,354.8133892335753
2019-12-06 00:17:24.120000,2.4,,14.1523,40.8255,6 km E Pozzuoli (NA),23542681,2019,12,2019-12-06,3981.071705534969
2019-12-06 00:50:50.800000,1.4,,14.1383,40.8298,4 km E Pozzuoli (NA),23542751,2019,12,2019-12-06,125.89254117941663
2019-12-06 21:44:51.720000,1.6,,14.0968,40.9195,5 km W Qualiano (NA),23546501,2019,12,2019-12-06,251.18864315095823
2020-04-08 00:50:29.860000,2.1,,14.1435,40.8278,5 km E Pozzuoli (NA),24236231,2020,4,2020-04-08,1412.5375446227554
2020-04-10 09:49:56.080000,1.5,,14.1288,40.8455,3 km E Pozzuoli (NA),24246911,2020,4,2020-04-10,177.82794100389228
2020-04-17 18:31:01.880000,1.1,,14.13333,40.82033,5 km SE Pozzuoli (NA),24279781,2020,4,2020-04-17,44.668359215096324
2020-04-20 22:32:09.210000,1.0,,14.14533,40.829,5 km E Pozzuoli (NA),24292791,2020,4,2020-04-20,31.622776601683793
2020-04-26 02:16:32.289000,2.0,,14.14767,40.82867,5 km E Pozzuoli (NA),24317411,2020,4,2020-04-26,1000.0
2020-04-26 02:26:51.789000,1.6,,14.14817,40.82833,5 km E Pozzuoli (NA),24317261,2020,4,2020-04-26,251.18864315095823
2020-04-26 02:41:13.770000,1.9,,14.1507,40.8572,2 km S Quarto (NA),24317251,2020,4,2020-04-26,707.9457843841374
2020-04-26 02:59:02.780000,2.4,,14.1498,40.8623,2 km S Quarto (NA),24317311,2020,4,2020-04-26,3981.071705534969
2020-04-26 03:32:27.279000,1.0,,14.14583,40.83133,5 km E Pozzuoli (NA),24317701,2020,4,2020-04-26,31.622776601683793
2020-04-26 03:35:56.539000,1.3,,14.14583,40.82867,5 km E Pozzuoli (NA),24317801,2020,4,2020-04-26,89.12509381337459
2020-04-26 04:32:25.290000,1.5,,14.1447,40.8313,5 km E Pozzuoli (NA),24317761,2020,4,2020-04-26,177.82794100389228
2020-05-13 18:15:13.690000,1.4,,14.09883,40.82467,Ischia e costa Flegrea (Napoli),24415911,2020,5,2020-05-13,125.89254117941663
2020-05-28 18:47:30.760000,1.5,,14.0965,40.821,Ischia e costa Flegrea (Napoli),24523531,2020,5,2020-05-28,177.82794100389228
2020-06-18 19:25:56.440000,1.2,,14.14217,40.831,5 km E Pozzuoli (NA),24665731,2020,6,2020-06-18,63.0957344480193
2020-07-11 21:22:37.809000,1.1,,14.15,40.83083,5 km E Pozzuoli (NA),24816981,2020,7,2020-07-11,44.668359215096324
2020-07-11 21:23:10.779000,1.0,,14.146,40.83083,5 km E Pozzuoli (NA),24817011,2020,7,2020-07-11,31.622776601683793
2020-07-14 19:07:08.730000,1.0,,14.13883,40.82167,5 km SE Pozzuoli (NA),24833971,2020,7,2020-07-14,31.622776601683793
2020-08-01 03:48:13.619000,1.0,,14.14267,40.827,5 km E Pozzuoli (NA),24949401,2020,8,2020-08-01,31.622776601683793
2020-09-10 01:48:31.799000,1.1,,14.12283,40.81783,Ischia e costa Flegrea (Napoli),25241051,2020,9,2020-09-10,44.668359215096324
2020-09-10 01:48:57.549000,1.1,,14.1235,40.81667,Ischia e costa Flegrea (Napoli),25241101,2020,9,2020-09-10,44.668359215096324
2020-09-11 17:32:30.549000,1.1,,14.14167,40.828,5 km E Pozzuoli (NA),25252611,2020,9,2020-09-11,44.668359215096324
2020-09-18 09:10:25.960000,1.2,,14.13467,40.8235,5 km SE Pozzuoli (NA),25293641,2020,9,2020-09-18,63.0957344480193
2020-09-18 09:28:17.380000,1.2,,14.13367,40.82783,4 km SE Pozzuoli (NA),25293681,2020,9,2020-09-18,63.0957344480193
2020-09-20 14:44:16.589000,1.2,,14.1365,40.82667,4 km SE Pozzuoli (NA),25310731,2020,9,2020-09-20,63.0957344480193
2020-10-09 01:23:18.079000,1.1,,14.12317,40.82283,4 km SE Pozzuoli (NA),25477681,2020,10,2020-10-09,44.668359215096324
2020-10-15 03:59:33.640000,1.1,,14.13183,40.82267,4 km SE Pozzuoli (NA),25494111,2020,10,2020-10-15,44.668359215096324
2020-10-15 22:05:53.619000,1.5,,14.11433,40.809,Ischia e costa Flegrea (Napoli),25499051,2020,10,2020-10-15,177.82794100389228
2020-10-21 03:26:08.670000,1.3,,14.13333,40.8375,4 km E Pozzuoli (NA),25528881,2020,10,2020-10-21,89.12509381337459
2020-11-04 20:56:57.009000,1.0,,14.142,40.82567,5 km SE Pozzuoli (NA),25616601,2020,11,2020-11-04,31.622776601683793
2020-11-06 05:14:49.869000,1.2,,14.117,40.82283,Ischia e costa Flegrea (Napoli),25624261,2020,11,2020-11-06,63.0957344480193
2020-11-08 04:48:00.150000,1.0,,14.13,40.82283,4 km SE Pozzuoli (NA),25634321,2020,11,2020-11-08,31.622776601683793
2020-11-15 03:14:10.470000,1.0,,14.1375,40.827,4 km SE Pozzuoli (NA),25673011,2020,11,2020-11-15,31.622776601683793
2020-12-02 19:23:16.630000,1.9,,14.1395,40.824667,5 km SE Pozzuoli (NA),25750391,2020,12,2020-12-02,707.9457843841374
2020-12-03 22:57:44.099000,1.1,,14.1195,40.8205,4 km SE Pozzuoli (NA),25770531,2020,12,2020-12-03,44.668359215096324
2020-12-03 23:22:40.960000,1.0,,14.121667,40.820167,Ischia e costa Flegrea (Napoli),25753471,2020,12,2020-12-03,31.622776601683793
2020-12-19 15:21:42.769000,1.0,,14.136,40.8235,5 km SE Pozzuoli (NA),25815531,2020,12,2020-12-19,31.622776601683793
2020-12-19 17:10:44.019000,1.0,,14.134833,40.824667,4 km SE Pozzuoli (NA),25816161,2020,12,2020-12-19,31.622776601683793
2020-12-19 21:54:53.200000,2.7,,14.141833,40.831333,5 km E Pozzuoli (NA),25817161,2020,12,2020-12-19,11220.184543019654
2020-12-19 21:54:57.430000,2.7,,14.144833,40.831333,5 km E Pozzuoli (NA),25827491,2020,12,2020-12-19,11220.184543019654
2020-12-20 03:13:48.650000,2.4,,14.14,40.8235,5 km SE Pozzuoli (NA),25817921,2020,12,2020-12-20,3981.071705534969
2020-12-20 03:20:26.690000,1.5,,14.137,40.8235,5 km SE Pozzuoli (NA),25817991,2020,12,2020-12-20,177.82794100389228
2020-12-23 01:59:42.290000,1.8,,14.1393,40.8333,Campi Flegrei,25830621,2020,12,2020-12-23,501.18723362727246
2020-12-26 12:31:21.960000,1.2,,14.1425,40.8307,Campi Flegrei,25846601,2020,12,2020-12-26,63.0957344480193
2020-12-27 06:59:06.630000,1.1,,14.1405,40.825,5 km SE Pozzuoli (NA),25848281,2020,12,2020-12-27,44.668359215096324
2020-12-27 23:15:00.509000,1.3,,14.115,40.809833,Ischia e costa Flegrea (Napoli),25849911,2020,12,2020-12-27,89.12509381337459
2020-12-28 08:09:42.770000,2.3,,14.1503,40.8282,Campi Flegrei,25853021,2020,12,2020-12-28,2818.382931264452
2021-01-01 02:13:58.519000,1.0,,14.133667,40.827333,4 km SE Pozzuoli (NA),25883901,2021,1,2021-01-01,31.622776601683793
2021-01-01 02:40:31.589000,1.0,,14.133,40.824667,4 km SE Pozzuoli (NA),25883961,2021,1,2021-01-01,31.622776601683793
2021-01-02 09:00:07.920000,1.1,,14.1325,40.827667,4 km SE Pozzuoli (NA),25889061,2021,1,2021-01-02,44.668359215096324
2021-01-02 09:18:10.190000,1.6,,14.130667,40.825333,4 km SE Pozzuoli (NA),25889151,2021,1,2021-01-02,251.18864315095823
2021-01-06 14:47:17.849000,1.2,,14.136167,40.826667,4 km SE Pozzuoli (NA),25902251,2021,1,2021-01-06,63.0957344480193
2021-01-10 23:54:51.320000,1.3,,14.1392,40.8353,Campi Flegrei,25915251,2021,1,2021-01-10,89.12509381337459
2021-01-11 10:24:10.900000,1.5,,14.151667,40.831333,5 km S Quarto (NA),25916061,2021,1,2021-01-11,177.82794100389228
2021-01-12 10:26:35.730000,1.0,,14.120333,40.825167,3 km SE Pozzuoli (NA),25918851,2021,1,2021-01-12,31.622776601683793
2021-01-12 11:29:18.089000,1.2,,14.122333,40.822833,4 km SE Pozzuoli (NA),25919071,2021,1,2021-01-12,63.0957344480193
2021-01-20 02:58:27.109000,1.1,,14.1225,40.826167,Campi Flegrei,25949221,2021,1,2021-01-20,44.668359215096324
2021-02-07 03:13:45.170000,1.9,,14.1153,40.8118,Campi Flegrei,26044201,2021,2,2021-02-07,707.9457843841374
2021-02-20 23:41:35.640000,1.8,,14.114,40.829,Campi Flegrei,26119981,2021,2,2021-02-20,501.18723362727246
2021-02-25 19:41:54.240000,1.1,,14.140167,40.827,Campi Flegrei,26139171,2021,2,2021-02-25,44.668359215096324
2021-03-14 15:59:55.690000,1.3,,14.1283,40.8315,Campi Flegrei,26240491,2021,3,2021-03-14,89.12509381337459
2021-03-15 08:32:06.370000,1.3,,14.139,40.8312,Campi Flegrei,26243881,2021,3,2021-03-15,89.12509381337459
2021-03-31 14:06:36.400000,1.3,,14.113,40.798667,Campi Flegrei,26352651,2021,3,2021-03-31,89.12509381337459
2021-03-31 23:10:48.950000,2.2,,14.1075,40.8022,Campi Flegrei,26354921,2021,3,2021-03-31,1995.262314968881
2021-04-07 00:05:14.089000,1.1,,14.138333,40.8255,Campi Flegrei,26404411,2021,4,2021-04-07,44.668359215096324
2021-04-07 02:08:45.530000,1.6,,14.1533,40.8242,Campi Flegrei,26405241,2021,4,2021-04-07,251.18864315095823
2021-04-08 09:10:47.109000,1.0,,14.123,40.8285,Campi Flegrei,26414781,2021,4,2021-04-08,31.622776601683793
2021-04-28 02:25:21.500000,1.0,,14.140167,40.822833,Campi Flegrei,26530981,2021,4,2021-04-28,31.622776601683793
2021-04-29 02:40:18.769000,1.1,,14.126833,40.824167,Campi Flegrei,26536131,2021,4,2021-04-29,44.668359215096324
2021-04-29 02:57:39.890000,1.4,,14.1285,40.826667,Campi Flegrei,26536201,2021,4,2021-04-29,125.89254117941663
2021-04-29 22:38:08.460000,1.0,,14.138,40.823,Campi Flegrei,26545101,2021,4,2021-04-29,31.622776601683793
2021-05-05 07:08:06.010000,2.1,,14.1422,40.8302,Campi Flegrei,26595121,2021,5,2021-05-05,1412.5375446227554
2021-05-06 16:35:42.640000,1.0,,14.135167,40.822833,Campi Flegrei,26612111,2021,5,2021-05-06,31.622776601683793
2021-05-07 17:26:36.789000,1.0,,14.1335,40.822833,Campi Flegrei,26624471,2021,5,2021-05-07,31.622776601683793
2021-05-19 02:47:22.089000,1.0,,14.133,40.827333,Campi Flegrei,26774291,2021,5,2021-05-19,31.622776601683793
2021-05-25 03:34:55.859000,1.1,,14.141333,40.831333,Campi Flegrei,26774381,2021,5,2021-05-25,44.668359215096324
2021-05-31 21:19:13.579000,1.3,,14.140833,40.8405,Campi Flegrei,26823431,2021,5,2021-05-31,89.12509381337459
2021-05-31 21:22:01.849000,1.3,,14.138,40.844,Campi Flegrei,26823441,2021,5,2021-05-31,89.12509381337459
2021-05-31 21:22:13.940000,1.3,,14.140833,40.842,Campi Flegrei,26823451,2021,5,2021-05-31,89.12509381337459
2021-05-31 21:22:56.430000,1.4,,14.136833,40.842,Campi Flegrei,26823511,2021,5,2021-05-31,125.89254117941663
2021-05-31 21:25:32.000000,1.0,,14.136,40.842,Campi Flegrei,26823461,2021,5,2021-05-31,31.622776601683793
2021-05-31 21:32:07.560000,1.9,,14.1337,40.8467,Campi Flegrei,26823281,2021,5,2021-05-31,707.9457843841374
2021-05-31 21:33:10.099000,1.3,,14.137167,40.840333,Campi Flegrei,26823551,2021,5,2021-05-31,89.12509381337459
2021-05-31 21:36:16.460000,1.0,,14.135833,40.839833,Campi Flegrei,26823541,2021,5,2021-05-31,31.622776601683793
2021-05-31 21:38:09.290000,1.7,,14.1308,40.8408,Campi Flegrei,26823311,2021,5,2021-05-31,354.8133892335753
2021-05-31 21:42:16.859000,1.0,,14.136833,40.838167,Campi Flegrei,26823561,2021,5,2021-05-31,31.622776601683793
2021-05-31 21:45:58.250000,1.0,,14.133833,40.840333,Campi Flegrei,26823581,2021,5,2021-05-31,31.622776601683793
2021-05-31 22:07:31.450000,1.1,,14.140833,40.842,Campi Flegrei,26823571,2021,5,2021-05-31,44.668359215096324
2021-06-01 18:05:29.109000,1.0,,14.140167,40.8265,Campi Flegrei,26831281,2021,6,2021-06-01,31.622776601683793
2021-06-03 06:01:03.410000,1.0,,14.140167,40.8265,Campi Flegrei,26841571,2021,6,2021-06-03,31.622776601683793
2021-06-07 05:31:01.600000,1.6,,14.0997,40.8082,Campi Flegrei,26877091,2021,6,2021-06-07,251.18864315095823
2021-06-19 18:27:40.960000,1.8,,14.1402,40.8313,Campi Flegrei,27134451,2021,6,2021-06-19,501.18723362727246
2021-06-28 06:05:22.039000,1.3,,14.121667,40.819833,Campi Flegrei,27291031,2021,6,2021-06-28,89.12509381337459
2021-07-02 05:54:23.280000,1.6,,14.1505,40.8278,Campi Flegrei,27336881,2021,7,2021-07-02,251.18864315095823
2021-07-08 08:57:08.210000,1.7,,14.1062,40.7878,Campi Flegrei,27435061,2021,7,2021-07-08,354.8133892335753
2021-07-09 03:28:20.830000,1.4,,14.136,40.8318,Campi Flegrei,27452711,2021,7,2021-07-09,125.89254117941663
2021-07-16 14:10:20.250000,1.7,,14.1183,40.8325,Campi Flegrei,27580751,2021,7,2021-07-16,354.8133892335753
2021-08-03 03:50:58.140000,1.7,,14.1157,40.7958,Campi Flegrei,27789661,2021,8,2021-08-03,354.8133892335753
2021-08-06 14:51:09.030000,1.9,,14.1058,40.8027,Campi Flegrei,27847011,2021,8,2021-08-06,707.9457843841374
2021-08-12 00:52:01.329000,1.0,,14.128,40.834167,Campi Flegrei,27920371,2021,8,2021-08-12,31.622776601683793
2021-09-01 06:41:16.099000,1.0,,14.137833,40.8245,Campi Flegrei,28152861,2021,9,2021-09-01,31.622776601683793
2021-10-09 15:05:15.900000,1.3,,14.1388,40.8323,Campi Flegrei,28547781,2021,10,2021-10-09,89.12509381337459
2021-10-21 00:47:38.490000,1.5,,14.140333,40.820333,Campi Flegrei,28676661,2021,10,2021-10-21,177.82794100389228
2021-10-24 20:01:27.580000,1.7,,14.1467,40.8392,Campi Flegrei,28718701,2021,10,2021-10-24,354.8133892335753
2021-10-25 15:02:00.619000,1.0,,14.135,40.818833,Campi Flegrei,28725081,2021,10,2021-10-25,31.622776601683793
2021-10-29 13:26:47.299000,1.1,,14.1385,40.826333,Campi Flegrei,28755561,2021,10,2021-10-29,44.668359215096324
2021-11-06 22:01:45.250000,1.2,,14.140167,40.838833,Campi Flegrei,28853361,2021,11,2021-11-06,63.0957344480193
2021-11-06 22:01:56.059000,1.1,,14.140167,40.8315,Campi Flegrei,28853381,2021,11,2021-11-06,44.668359215096324
2021-11-06 22:16:57.809000,1.3,,14.1385,40.839667,Campi Flegrei,28853351,2021,11,2021-11-06,89.12509381337459
2021-11-25 04:38:30.560000,1.4,,14.1122,40.8012,Campi Flegrei,28979291,2021,11,2021-11-25,125.89254117941663
2021-11-25 05:12:47.680000,1.6,,14.1133,40.7993,Campi Flegrei,28979471,2021,11,2021-11-25,251.18864315095823
2021-11-25 05:59:22.890000,1.0,,14.112667,40.797,Campi Flegrei,28979851,2021,11,2021-11-25,31.622776601683793
2021-12-02 06:33:03.049000,1.7,,14.1395,40.831333,Campi Flegrei,29054571,2021,12,2021-12-02,354.8133892335753
2021-12-03 12:10:59.390000,2.1,,14.127,40.8247,Campi Flegrei,29074151,2021,12,2021-12-03,1412.5375446227554
2021-12-25 11:15:30.650000,1.4,,14.1363,40.8377,Campi Flegrei,29312541,2021,12,2021-12-25,125.89254117941663
2021-12-26 03:52:20.270000,1.8,,14.1098,40.8132,Campi Flegrei,29323111,2021,12,2021-12-26,501.18723362727246
2021-12-27 04:54:44.660000,1.1,,14.132333,40.8225,Campi Flegrei,29333571,2021,12,2021-12-27,44.668359215096324
2021-12-27 09:40:18.940000,1.4,,14.1278,40.8298,Campi Flegrei,29335141,2021,12,2021-12-27,125.89254117941663
2021-12-27 11:22:06.410000,1.1,,14.132333,40.823167,Campi Flegrei,29336261,2021,12,2021-12-27,44.668359215096324
2021-12-27 13:29:43.530000,1.6,,14.1125,40.8363,Campi Flegrei,29336961,2021,12,2021-12-27,251.18864315095823
2022-01-03 05:38:20.750000,1.2,,14.137,40.828167,Campi Flegrei,29388181,2022,1,2022-01-03,63.0957344480193
2022-01-05 00:20:57.130000,1.3,,14.127,40.8288,Campi Flegrei,29411641,2022,1,2022-01-05,89.12509381337459
2022-01-05 00:42:10.570000,1.4,,14.1273,40.8288,Campi Flegrei,29411731,2022,1,2022-01-05,125.89254117941663
2022-01-06 19:37:15.110000,2.1,,14.1388,40.8423,Campi Flegrei,29440761,2022,1,2022-01-06,1412.5375446227554
2022-01-06 19:38:14.670000,1.0,,14.144667,40.825667,Campi Flegrei,29440901,2022,1,2022-01-06,31.622776601683793
2022-01-13 16:58:49.930000,1.2,,14.1332,40.8427,Campi Flegrei,29550921,2022,1,2022-01-13,63.0957344480193
2022-01-13 17:02:04.660000,1.2,,14.1335,40.8402,Campi Flegrei,29551011,2022,1,2022-01-13,63.0957344480193
2022-01-14 20:54:52.200000,1.0,,14.131333,40.824167,Campi Flegrei,29560251,2022,1,2022-01-14,31.622776601683793
2022-01-21 03:53:27.549000,1.0,,14.142833,40.827333,Campi Flegrei,29611111,2022,1,2022-01-21,31.622776601683793
2022-01-21 14:30:14.820000,1.5,,14.1378,40.7958,Campi Flegrei,29613401,2022,1,2022-01-21,177.82794100389228
2022-01-21 14:56:42.559000,1.0,,14.134667,40.8375,Campi Flegrei,29614201,2022,1,2022-01-21,31.622776601683793
2022-01-26 03:04:54.410000,1.4,,14.1367,40.8293,Campi Flegrei,29665901,2022,1,2022-01-26,125.89254117941663
2022-01-31 04:48:12.299000,1.4,,14.128,40.832,Campi Flegrei,29721941,2022,1,2022-01-31,125.89254117941663
2022-02-01 02:18:39.400000,1.4,,14.144,40.832667,Campi Flegrei,29735121,2022,2,2022-02-01,125.89254117941663
2022-02-04 03:41:57.579000,2.1,,14.144667,40.8225,Campi Flegrei,29795491,2022,2,2022-02-04,1412.5375446227554
2022-02-06 09:13:58.650000,1.0,,14.159667,40.820667,Campi Flegrei,29813211,2022,2,2022-02-06,31.622776601683793
2022-02-06 14:12:10.019000,1.5,,14.142167,40.827,Campi Flegrei,29817521,2022,2,2022-02-06,177.82794100389228
2022-02-07 15:53:49.509000,1.0,,14.114,40.831,Campi Flegrei,29840881,2022,2,2022-02-07,31.622776601683793
2022-02-09 18:36:57.100000,1.3,,14.1177,40.7973,Campi Flegrei,29882601,2022,2,2022-02-09,89.12509381337459
2022-02-09 19:04:18.050000,1.8,,14.1112,40.8023,Campi Flegrei,29882891,2022,2,2022-02-09,501.18723362727246
2022-02-09 19:05:43.640000,1.7,,14.1107,40.803,Campi Flegrei,29882921,2022,2,2022-02-09,354.8133892335753
2022-02-09 19:12:40.250000,1.5,,14.1117,40.8028,Campi Flegrei,29882981,2022,2,2022-02-09,177.82794100389228
2022-02-18 19:37:08.160000,1.9,,14.1462,40.8153,Campi Flegrei,29965021,2022,2,2022-02-18,707.9457843841374
2022-03-06 05:14:37.940000,1.1,,14.139,40.837667,Campi Flegrei,30137611,2022,3,2022-03-06,44.668359215096324
2022-03-11 22:53:37.880000,1.0,,14.1485,40.825667,Campi Flegrei,30176461,2022,3,2022-03-11,31.622776601683793
2022-03-13 13:58:45.420000,1.1,,14.145833,40.8295,Campi Flegrei,30185821,2022,3,2022-03-13,44.668359215096324
2022-03-13 15:48:48.500000,1.4,,14.141333,40.833667,Campi Flegrei,30186471,2022,3,2022-03-13,125.89254117941663
2022-03-13 20:55:19.180000,1.1,,14.1235,40.826333,Campi Flegrei,30187941,2022,3,2022-03-13,44.668359215096324
2022-03-13 21:02:48.579000,1.0,,14.120333,40.829167,Campi Flegrei,30188081,2022,3,2022-03-13,31.622776601683793
2022-03-14 05:30:03.930000,1.1,,14.122,40.827667,Campi Flegrei,30189451,2022,3,2022-03-14,44.668359215096324
2022-03-16 14:14:35.180000,2.7,,14.1368,40.8318,Campi Flegrei,30205901,2022,3,2022-03-16,11220.184543019654
2022-03-16 14:31:32.730000,1.5,,14.1377,40.8283,Campi Flegrei,30206011,2022,3,2022-03-16,177.82794100389228
2022-03-16 14:39:54.589000,1.1,,14.138333,40.8315,Campi Flegrei,30206701,2022,3,2022-03-16,44.668359215096324
2022-03-16 20:29:38.410000,1.1,,14.09,40.823,Campi Flegrei,30208241,2022,3,2022-03-16,44.668359215096324
2022-03-27 20:49:52.670000,1.3,,14.1477,40.8352,Campi Flegrei,30332831,2022,3,2022-03-27,89.12509381337459
2022-03-29 17:45:32.790000,3.0,,14.149,40.8337,Campi Flegrei,30350681,2022,3,2022-03-29,31622.776601683792
2022-03-29 22:06:32.680000,1.1,,14.152833,40.827833,Campi Flegrei,30352001,2022,3,2022-03-29,44.668359215096324
2022-03-29 23:31:13.289000,1.1,,14.154833,40.827167,Campi Flegrei,30352101,2022,3,2022-03-29,44.668359215096324
2022-03-30 01:58:43.769000,1.0,,14.123333,40.8315,Campi Flegrei,30352591,2022,3,2022-03-30,31.622776601683793
2022-04-01 08:36:04.850000,1.7,,14.1173,40.8297,Campi Flegrei,30387631,2022,4,2022-04-01,354.8133892335753
2022-04-05 03:37:59.089000,2.0,,14.136167,40.825333,Campi Flegrei,30432351,2022,4,2022-04-05,1000.0
2022-04-05 03:43:30.030000,1.9,,14.1333,40.8238,Campi Flegrei,30432271,2022,4,2022-04-05,707.9457843841374
2022-04-05 04:00:02.769000,1.1,,14.1365,40.8285,Campi Flegrei,30432501,2022,4,2022-04-05,44.668359215096324
2022-04-06 00:33:19.940000,1.1,,14.138167,40.827833,Campi Flegrei,30442921,2022,4,2022-04-06,44.668359215096324
2022-04-07 00:16:14.490000,1.9,,14.1332,40.823,Campi Flegrei,30450461,2022,4,2022-04-07,707.9457843841374
2022-04-07 17:46:05.039000,1.3,,14.145667,40.8335,Campi Flegrei,30462441,2022,4,2022-04-07,89.12509381337459
2022-04-07 21:57:51.299000,1.0,,14.143,40.823333,Campi Flegrei,30466291,2022,4,2022-04-07,31.622776601683793
2022-04-07 21:58:25.980000,1.1,,14.143167,40.821,Campi Flegrei,30466161,2022,4,2022-04-07,44.668359215096324
2022-04-07 22:07:49.339000,1.1,,14.139,40.820333,Campi Flegrei,30466431,2022,4,2022-04-07,44.668359215096324
2022-04-08 19:28:52.710000,1.6,,14.1257,40.823,Campi Flegrei,30488221,2022,4,2022-04-08,251.18864315095823
2022-04-15 03:11:42.370000,1.4,,14.1183,40.8308,Campi Flegrei,30579471,2022,4,2022-04-15,125.89254117941663
2022-04-19 02:05:53.730000,2.3,,14.1328,40.8202,Campi Flegrei,30671901,2022,4,2022-04-19,2818.382931264452
2022-04-29 14:17:32.370000,1.7,,14.1358,40.8282,Campi Flegrei,30842851,2022,4,2022-04-29,354.8133892335753
2022-05-01 04:36:52.980000,1.0,,14.141333,40.825167,Campi Flegrei,30862631,2022,5,2022-05-01,31.622776601683793
2022-05-04 03:17:17.720000,1.1,,14.133167,40.828167,Campi Flegrei,30908141,2022,5,2022-05-04,44.668359215096324
2022-05-06 01:45:11.650000,1.0,,14.115667,40.804,Campi Flegrei,30936871,2022,5,2022-05-06,31.622776601683793
2022-05-09 10:40:25.609000,1.2,,14.145167,40.826167,Campi Flegrei,30987691,2022,5,2022-05-09,63.0957344480193
2022-05-09 10:40:52.329000,1.1,,14.144333,40.825833,Campi Flegrei,30987741,2022,5,2022-05-09,44.668359215096324
2022-05-14 04:25:55.650000,1.2,,14.138,40.839333,Campi Flegrei,31050891,2022,5,2022-05-14,63.0957344480193
2022-05-14 04:29:34.910000,1.0,,14.140833,40.8385,Campi Flegrei,31050921,2022,5,2022-05-14,31.622776601683793
2022-05-20 16:40:40.070000,2.2,,14.1033,40.8057,Campi Flegrei,31162011,2022,5,2022-05-20,1995.262314968881
2022-05-24 09:04:38.099000,1.0,,14.135833,40.823333,Campi Flegrei,31211311,2022,5,2022-05-24,31.622776601683793
2022-05-24 11:31:09.630000,1.1,,14.133833,40.824167,Campi Flegrei,31213781,2022,5,2022-05-24,44.668359215096324
2022-06-02 02:57:04.420000,1.5,,14.1245,40.835167,Campi Flegrei,31332361,2022,6,2022-06-02,177.82794100389228
2022-06-02 10:43:47.289000,1.1,,14.126167,40.834333,Campi Flegrei,31337681,2022,6,2022-06-02,44.668359215096324
2022-06-03 13:10:23.460000,1.4,,14.1383,40.8238,Campi Flegrei,31352001,2022,6,2022-06-03,125.89254117941663
2022-06-12 04:34:50.839000,1.3,,14.134333,40.828333,Campi Flegrei,31485151,2022,6,2022-06-12,89.12509381337459
2022-07-03 15:31:32.740000,1.2,,14.137,40.8315,Campi Flegrei,31765471,2022,7,2022-07-03,63.0957344480193
2022-07-03 15:41:11.390000,1.3,,14.140167,40.8315,Campi Flegrei,31765421,2022,7,2022-07-03,89.12509381337459
2022-07-30 03:27:48.819000,2.7,,14.144,40.827333,Campi Flegrei,32166291,2022,7,2022-07-30,11220.184543019654
2022-07-30 13:23:46.480000,1.5,,14.147667,40.837833,Campi Flegrei,32171951,2022,7,2022-07-30,177.82794100389228
2022-07-30 13:45:07.490000,1.1,,14.142167,40.842667,Campi Flegrei,32172171,2022,7,2022-07-30,44.668359215096324
2022-08-01 01:02:49.269000,1.3,,14.160167,40.8195,Campi Flegrei,32191651,2022,8,2022-08-01,89.12509381337459
2022-08-03 23:50:43.660000,1.0,,14.148667,40.828,Campi Flegrei,32238931,2022,8,2022-08-03,31.622776601683793
2022-08-03 23:51:36.309000,1.1,,14.148667,40.8265,Campi Flegrei,32238801,2022,8,2022-08-03,44.668359215096324
2022-08-06 02:52:52.750000,1.0,,14.153,40.825833,Campi Flegrei,32269481,2022,8,2022-08-06,31.622776601683793
2022-08-13 23:13:38.779000,1.3,,14.142333,40.826667,Campi Flegrei,32389421,2022,8,2022-08-13,89.12509381337459
2022-08-13 23:16:00.180000,1.0,,14.146,40.826833,Campi Flegrei,32389481,2022,8,2022-08-13,31.622776601683793
2022-08-14 00:01:49.500000,1.0,,14.142333,40.825667,Campi Flegrei,32389711,2022,8,2022-08-14,31.622776601683793
2022-08-27 08:47:50.750000,1.3,,14.145,40.8315,Campi Flegrei,32544261,2022,8,2022-08-27,89.12509381337459
2022-09-07 20:35:01.400000,1.2,,14.153167,40.825167,Campi Flegrei,32674401,2022,9,2022-09-07,63.0957344480193
2022-09-11 23:14:46.049000,1.0,,14.139833,40.826,Campi Flegrei,32718721,2022,9,2022-09-11,31.622776601683793
2022-09-14 12:04:31.970000,1.1,,14.140167,40.828,Campi Flegrei,32739871,2022,9,2022-09-14,44.668359215096324
2022-10-27 05:06:27.430000,1.1,,14.120333,40.83,Campi Flegrei,33195561,2022,10,2022-10-27,44.668359215096324
2022-10-28 03:17:14.260000,2.1,,14.1173,40.8165,Campi Flegrei,33203521,2022,10,2022-10-28,1412.5375446227554
2022-10-28 22:52:12.690000,1.8,,14.1095,40.8125,Campi Flegrei,33210761,2022,10,2022-10-28,501.18723362727246
2022-10-30 05:52:39.289000,1.0,,14.127167,40.8355,Campi Flegrei,33221891,2022,10,2022-10-30,31.622776601683793
2022-10-30 12:25:08.849000,1.0,,14.1315,40.838167,Campi Flegrei,33225571,2022,10,2022-10-30,31.622776601683793
2022-10-31 01:02:45.060000,1.9,,14.1337,40.8188,Campi Flegrei,33231051,2022,10,2022-10-31,707.9457843841374
2022-10-31 05:28:28.549000,1.0,,14.140167,40.826167,Campi Flegrei,33231841,2022,10,2022-10-31,31.622776601683793
2022-10-31 13:36:32.630000,1.8,,14.1103,40.8025,Campi Flegrei,33235191,2022,10,2022-10-31,501.18723362727246
2022-10-31 19:07:32.319000,1.3,,14.141333,40.825167,Campi Flegrei,33238471,2022,10,2022-10-31,89.12509381337459
2022-11-03 23:03:03.779000,1.7,,14.141667,40.8245,Campi Flegrei,33271551,2022,11,2022-11-03,354.8133892335753
2022-11-03 23:46:42.589000,1.0,,14.139833,40.8265,Campi Flegrei,33271761,2022,11,2022-11-03,31.622776601683793
2022-11-04 22:14:28.369000,1.8,,14.137,40.827333,Campi Flegrei,33278211,2022,11,2022-11-04,501.18723362727246
2022-11-05 11:50:50.289000,1.0,,14.140167,40.8315,Campi Flegrei,33279651,2022,11,2022-11-05,31.622776601683793
2022-11-06 15:59:23.400000,1.2,,14.136333,40.820333,Campi Flegrei,33284161,2022,11,2022-11-06,63.0957344480193
2022-11-12 21:37:53.950000,1.6,,14.111,40.8035,Campi Flegrei,33361881,2022,11,2022-11-12,251.18864315095823
2022-11-13 06:30:58.560000,1.7,,14.1555,40.8312,Campi Flegrei,33364771,2022,11,2022-11-13,354.8133892335753
2022-11-19 01:08:41.730000,1.1,,14.132167,40.820833,Campi Flegrei,33417391,2022,11,2022-11-19,44.668359215096324
2022-11-23 06:55:29.079000,1.2,,14.156667,40.814667,Campi Flegrei,33467161,2022,11,2022-11-23,63.0957344480193
2022-11-30 02:34:39.039000,2.6,,14.148833,40.831333,Campi Flegrei,33524091,2022,11,2022-11-30,7943.282347242822
2022-11-30 02:35:40.410000,2.3,,14.155833,40.829833,Campi Flegrei,33524111,2022,11,2022-11-30,2818.382931264452
2022-11-30 02:35:53.710000,2.0,,14.148667,40.826167,Campi Flegrei,33524181,2022,11,2022-11-30,1000.0
2022-11-30 02:36:14.250000,1.8,,14.156,40.8275,Campi Flegrei,33524191,2022,11,2022-11-30,501.18723362727246
2022-12-03 04:13:40.019000,1.1,,14.146,40.8305,Campi Flegrei,33547701,2022,12,2022-12-03,44.668359215096324
2022-12-03 04:13:50.599000,1.7,,14.140167,40.8315,Campi Flegrei,33547621,2022,12,2022-12-03,354.8133892335753
2022-12-04 09:35:45.369000,1.3,,14.133333,40.831667,Campi Flegrei,33555931,2022,12,2022-12-04,89.12509381337459
2022-12-04 09:41:28.950000,1.8,,14.120333,40.828167,Campi Flegrei,33555871,2022,12,2022-12-04,501.18723362727246
2022-12-04 11:42:50.960000,1.7,,14.1187,40.8213,Campi Flegrei,33556781,2022,12,2022-12-04,354.8133892335753
2022-12-11 01:47:46.480000,1.0,,14.140167,40.834167,Campi Flegrei,33621521,2022,12,2022-12-11,31.622776601683793
2022-12-17 08:40:52.900000,1.1,,14.139167,40.818667,Campi Flegrei,33671011,2022,12,2022-12-17,44.668359215096324
2022-12-19 02:57:56.099000,1.0,,14.115,40.833,Campi Flegrei,33682651,2022,12,2022-12-19,31.622776601683793
2022-12-19 13:22:50.789000,1.0,,14.143167,40.823833,Campi Flegrei,33685511,2022,12,2022-12-19,31.622776601683793
2022-12-19 16:18:08.849000,1.2,,14.120333,40.818833,Campi Flegrei,33686281,2022,12,2022-12-19,63.0957344480193
2022-12-20 23:48:22.390000,1.0,,14.137,40.797333,Campi Flegrei,33695261,2022,12,2022-12-20,31.622776601683793
2022-12-23 16:22:02.790000,1.6,,14.1153,40.8247,Campi Flegrei,33714811,2022,12,2022-12-23,251.18864315095823
2022-12-27 12:56:21.540000,1.9,,14.1362,40.8185,Campi Flegrei,33741271,2022,12,2022-12-27,707.9457843841374
2022-12-27 20:17:43.180000,2.1,,14.144833,40.818333,Campi Flegrei,33744361,2022,12,2022-12-27,1412.5375446227554
2022-12-28 02:32:34.839000,2.2,,14.143833,40.819833,Campi Flegrei,33746081,2022,12,2022-12-28,1995.262314968881
2022-12-28 02:35:57.370000,2.5,,14.1445,40.8193,Campi Flegrei,33745871,2022,12,2022-12-28,5623.413251903491
2022-12-28 02:37:27.789000,1.0,,14.142667,40.821167,Campi Flegrei,33746891,2022,12,2022-12-28,31.622776601683793
2022-12-28 03:03:53.000000,2.4,,14.1418,40.8188,Campi Flegrei,33745931,2022,12,2022-12-28,3981.071705534969
2022-12-28 03:04:32.519000,1.2,,14.143833,40.819667,Campi Flegrei,33746331,2022,12,2022-12-28,63.0957344480193
2022-12-28 03:04:57.349000,1.0,,14.146667,40.819333,Campi Flegrei,33746311,2022,12,2022-12-28,31.622776601683793
2022-12-28 05:18:05.130000,1.4,,14.149,40.824,Campi Flegrei,33746631,2022,12,2022-12-28,125.89254117941663
2022-12-28 05:46:59.069000,1.2,,14.149167,40.8245,Campi Flegrei,33746661,2022,12,2022-12-28,63.0957344480193
2022-12-29 12:20:30.670000,1.4,,14.145167,40.825167,Campi Flegrei,33759701,2022,12,2022-12-29,125.89254117941663
2022-12-29 12:37:50.130000,1.1,,14.148167,40.8315,Campi Flegrei,33759751,2022,12,2022-12-29,44.668359215096324
2023-01-01 10:05:05.559000,1.6,,14.145667,40.820167,Campi Flegrei,33780521,2023,1,2023-01-01,251.18864315095823
2023-01-03 13:54:18.300000,2.2,,14.154,40.8263,Campi Flegrei,33796441,2023,1,2023-01-03,1995.262314968881
2023-01-08 02:27:45.430000,1.0,,14.152333,40.8225,Campi Flegrei,33830611,2023,1,2023-01-08,31.622776601683793
2023-01-08 02:28:23.540000,2.3,,14.138,40.9192,Campi Flegrei,33830201,2023,1,2023-01-08,2818.382931264452
2023-01-10 05:14:37.299000,1.0,,14.155333,40.816333,Campi Flegrei,33854551,2023,1,2023-01-10,31.622776601683793
2023-01-10 13:02:51.759000,2.0,,14.140167,40.8275,Campi Flegrei,33858191,2023,1,2023-01-10,1000.0
2023-01-10 16:52:51.130000,1.1,,14.142167,40.8265,Campi Flegrei,33859951,2023,1,2023-01-10,44.668359215096324
2023-01-10 18:28:00.670000,1.0,,14.136167,40.8235,Campi Flegrei,33860571,2023,1,2023-01-10,31.622776601683793
2023-01-11 01:28:16.819000,1.9,,14.133,40.8315,Campi Flegrei,33862891,2023,1,2023-01-11,707.9457843841374
2023-01-11 01:32:14.809000,1.0,,14.1385,40.829333,Campi Flegrei,33862871,2023,1,2023-01-11,31.622776601683793
2023-01-14 23:58:33.170000,1.3,,14.135833,40.806333,Campi Flegrei,33888811,2023,1,2023-01-14,89.12509381337459
2023-01-19 08:44:29.370000,2.1,,14.1283,40.8148,Campi Flegrei,33946951,2023,1,2023-01-19,1412.5375446227554
2023-01-29 23:10:57.039000,1.2,,14.139,40.822667,Campi Flegrei,34001721,2023,1,2023-01-29,63.0957344480193
2023-02-03 08:19:31.869000,1.1,,14.140167,40.827167,Campi Flegrei,34027761,2023,2,2023-02-03,44.668359215096324
2023-02-05 00:44:59.819000,1.0,,14.108167,40.800333,Campi Flegrei,34043691,2023,2,2023-02-05,31.622776601683793
2023-02-05 00:45:34.930000,2.1,,14.1057,40.8037,Campi Flegrei,34043501,2023,2,2023-02-05,1412.5375446227554
2023-02-09 23:52:01.260000,1.3,,14.1408,40.8108,Campi Flegrei,34102591,2023,2,2023-02-09,89.12509381337459
2023-02-09 23:52:32.110000,1.8,,14.1583,40.8158,Campi Flegrei,34102631,2023,2,2023-02-09,501.18723362727246
2023-02-10 04:22:08.710000,1.7,,14.1443,40.8098,Campi Flegrei,34103641,2023,2,2023-02-10,354.8133892335753
2023-02-10 17:16:38.120000,1.4,,14.1485,40.815,Campi Flegrei,34106281,2023,2,2023-02-10,125.89254117941663
2023-02-10 18:14:31.680000,1.9,,14.1168,40.826,Campi Flegrei,34106541,2023,2,2023-02-10,707.9457843841374
2023-02-12 00:38:33.390000,1.0,,14.116833,40.825833,Campi Flegrei,34114561,2023,2,2023-02-12,31.622776601683793
2023-02-14 14:12:53.680000,1.0,,14.084333,40.823667,Campi Flegrei,34126771,2023,2,2023-02-14,31.622776601683793
2023-02-14 19:27:36.789000,1.1,,14.099167,40.811,Campi Flegrei,34127291,2023,2,2023-02-14,44.668359215096324
2023-02-15 20:07:46.180000,1.0,,14.154333,40.806167,Campi Flegrei,34129891,2023,2,2023-02-15,31.622776601683793
2023-02-21 00:37:16.320000,1.6,,14.1162,40.8187,Campi Flegrei,34161741,2023,2,2023-02-21,251.18864315095823
2023-02-22 07:09:05.180000,1.2,,14.147,40.831333,Campi Flegrei,34172651,2023,2,2023-02-22,63.0957344480193
2023-02-28 02:27:29.680000,1.4,,14.151,40.829167,Campi Flegrei,34216661,2023,2,2023-02-28,125.89254117941663
2023-03-02 03:26:11.440000,1.0,,14.120333,40.822833,Campi Flegrei,34228121,2023,3,2023-03-02,31.622776601683793
2023-03-02 03:34:40.690000,1.5,,14.121333,40.822833,Campi Flegrei,34228111,2023,3,2023-03-02,177.82794100389228
2023-03-02 12:01:42.259000,1.1,,14.136833,40.823,Campi Flegrei,34229931,2023,3,2023-03-02,44.668359215096324
2023-03-02 22:30:16.880000,1.0,,14.137167,40.820333,Campi Flegrei,34232121,2023,3,2023-03-02,31.622776601683793
2023-03-04 13:15:19.640000,1.7,,14.1222,40.8257,Campi Flegrei,34240361,2023,3,2023-03-04,354.8133892335753
2023-03-04 13:37:40.289000,1.7,,14.117833,40.832333,Campi Flegrei,34240791,2023,3,2023-03-04,354.8133892335753
2023-03-04 13:53:58.390000,2.1,,14.1235,40.8365,Campi Flegrei,34240861,2023,3,2023-03-04,1412.5375446227554
2023-03-04 15:00:48.240000,1.0,,14.129833,40.8305,Campi Flegrei,34241041,2023,3,2023-03-04,31.622776601683793
2023-03-05 23:06:50.039000,1.3,,14.135333,40.823667,Campi Flegrei,34248401,2023,3,2023-03-05,89.12509381337459
2023-03-06 16:04:10.089000,1.3,,14.136167,40.826,Campi Flegrei,34256711,2023,3,2023-03-06,89.12509381337459
2023-03-07 09:15:37.200000,1.3,,14.1287,40.7992,Campi Flegrei,34260931,2023,3,2023-03-07,89.12509381337459
2023-03-09 02:51:14.960000,1.5,,14.1153,40.8217,Campi Flegrei,34283031,2023,3,2023-03-09,177.82794100389228
2023-03-09 03:02:42.420000,2.2,,14.1175,40.839833,Campi Flegrei,34283141,2023,3,2023-03-09,1995.262314968881
2023-03-09 12:31:34.610000,1.3,,14.1238,40.8292,Campi Flegrei,34289551,2023,3,2023-03-09,89.12509381337459
2023-03-12 01:55:11.640000,1.9,,14.1355,40.8218,Campi Flegrei,34334731,2023,3,2023-03-12,707.9457843841374
2023-03-13 22:40:53.560000,1.9,,14.1582,40.8307,Campi Flegrei,34351831,2023,3,2023-03-13,707.9457843841374
2023-03-13 22:41:22.799000,1.4,,14.139167,40.831333,Campi Flegrei,34352061,2023,3,2023-03-13,125.89254117941663
2023-03-14 07:53:50.390000,1.1,,14.1145,40.825,Campi Flegrei,34356921,2023,3,2023-03-14,44.668359215096324
2023-03-15 09:44:23.360000,2.0,,14.1158,40.7982,Campi Flegrei,34371151,2023,3,2023-03-15,1000.0
2023-03-17 02:42:10.829000,1.3,,14.142333,40.824167,Campi Flegrei,34397091,2023,3,2023-03-17,89.12509381337459
2023-03-18 16:16:14.290000,1.5,,14.1477,40.8282,Campi Flegrei,34410041,2023,3,2023-03-18,177.82794100389228
2023-03-18 16:21:48.650000,1.3,,14.148167,40.832167,Campi Flegrei,34410321,2023,3,2023-03-18,89.12509381337459
2023-03-19 17:24:46.480000,1.4,,14.117333,40.8295,Campi Flegrei,34417321,2023,3,2023-03-19,125.89254117941663
2023-03-23 14:59:44.140000,1.0,,14.120333,40.834833,Campi Flegrei,34445021,2023,3,2023-03-23,31.622776601683793
2023-03-24 05:24:43.250000,2.4,,14.156,40.824,Campi Flegrei,34448221,2023,3,2023-03-24,3981.071705534969
2023-03-24 07:35:45.160000,1.0,,14.139333,40.829833,Campi Flegrei,34449341,2023,3,2023-03-24,31.622776601683793
2023-03-24 07:36:11.069000,1.0,,14.1405,40.829167,Campi Flegrei,34449291,2023,3,2023-03-24,31.622776601683793
2023-03-24 07:38:21.119000,1.0,,14.143,40.828333,Campi Flegrei,34449351,2023,3,2023-03-24,31.622776601683793
2023-03-24 14:35:40.150000,1.7,,14.1407,40.8243,Campi Flegrei,34452621,2023,3,2023-03-24,354.8133892335753
2023-03-24 19:41:12.270000,1.7,,14.1502,40.8233,Campi Flegrei,34454711,2023,3,2023-03-24,354.8133892335753
2023-03-24 19:42:11.369000,1.0,,14.151667,40.831333,Campi Flegrei,34454831,2023,3,2023-03-24,31.622776601683793
2023-03-25 07:31:42.070000,1.6,,14.1285,40.82,Campi Flegrei,34457701,2023,3,2023-03-25,251.18864315095823
2023-03-27 14:35:45.760000,2.0,,14.126,40.8213,Campi Flegrei,34487611,2023,3,2023-03-27,1000.0
2023-03-28 09:38:35.960000,1.8,,14.1185,40.8342,Campi Flegrei,34494341,2023,3,2023-03-28,501.18723362727246
2023-03-28 09:42:02.300000,1.7,,14.1233,40.8372,Campi Flegrei,34494401,2023,3,2023-03-28,354.8133892335753
2023-03-28 10:22:37.330000,1.6,,14.1112,40.8272,Campi Flegrei,34495161,2023,3,2023-03-28,251.18864315095823
2023-03-28 12:17:24.720000,1.3,,14.143833,40.834167,Campi Flegrei,34496471,2023,3,2023-03-28,89.12509381337459
2023-03-31 13:07:06.539000,1.8,,14.145,40.8265,Campi Flegrei,34525921,2023,3,2023-03-31,501.18723362727246
2023-03-31 13:08:56.910000,1.3,,14.139667,40.825833,Campi Flegrei,34525761,2023,3,2023-03-31,89.12509381337459
2023-04-04 14:45:15.410000,2.1,,14.0722,40.7852,Campi Flegrei,34584611,2023,4,2023-04-04,1412.5375446227554
2023-04-10 03:54:45.110000,1.7,,14.1433,40.8323,Campi Flegrei,34628561,2023,4,2023-04-10,354.8133892335753
2023-04-11 11:02:34.460000,1.3,,14.104167,40.8015,Campi Flegrei,34646191,2023,4,2023-04-11,89.12509381337459
2023-04-11 23:52:42.030000,1.6,,14.1353,40.8347,Campi Flegrei,34651541,2023,4,2023-04-11,251.18864315095823
2023-04-13 19:09:03.360000,1.6,,14.1368,40.8377,Campi Flegrei,34672651,2023,4,2023-04-13,251.18864315095823
2023-04-14 03:43:23.190000,1.4,,14.1582,40.8163,Campi Flegrei,34676681,2023,4,2023-04-14,125.89254117941663
2023-04-15 05:44:15.870000,1.8,,14.1523,40.8142,Campi Flegrei,34689311,2023,4,2023-04-15,501.18723362727246
2023-04-15 05:49:24.660000,1.6,,14.1568,40.815,Campi Flegrei,34689401,2023,4,2023-04-15,251.18864315095823
2023-04-15 05:50:48.840000,1.5,,14.159,40.8163,Campi Flegrei,34689411,2023,4,2023-04-15,177.82794100389228
2023-04-15 05:54:36.480000,2.3,,14.1545,40.8133,Campi Flegrei,34689461,2023,4,2023-04-15,2818.382931264452
2023-04-15 11:11:01.960000,2.0,,14.1118,40.803,Campi Flegrei,34691571,2023,4,2023-04-15,1000.0
2023-04-15 16:11:46.250000,1.2,,14.1543,40.8192,Campi Flegrei,34693591,2023,4,2023-04-15,63.0957344480193
2023-04-16 23:12:43.210000,1.2,,14.1415,40.831667,Campi Flegrei,34700951,2023,4,2023-04-16,63.0957344480193
2023-04-17 08:50:48.640000,1.3,,14.1408,40.8318,Campi Flegrei,34703551,2023,4,2023-04-17,89.12509381337459
2023-04-17 23:59:45.890000,1.3,,14.1167,40.8007,Campi Flegrei,34708971,2023,4,2023-04-17,89.12509381337459
2023-04-18 00:00:03.359000,2.0,,14.1125,40.801833,Campi Flegrei,34709081,2023,4,2023-04-18,1000.0
2023-04-18 00:03:25.510000,1.3,,14.1108,40.8208,Campi Flegrei,34709021,2023,4,2023-04-18,89.12509381337459
2023-04-18 00:21:31.769000,1.5,,14.118167,40.802667,Campi Flegrei,34709111,2023,4,2023-04-18,177.82794100389228
2023-04-19 18:00:46.299000,1.1,,14.144833,40.829333,Campi Flegrei,34728631,2023,4,2023-04-19,44.668359215096324
2023-04-19 18:01:06.740000,1.2,,14.140667,40.822333,Campi Flegrei,34728641,2023,4,2023-04-19,63.0957344480193
2023-04-19 18:03:00.470000,1.0,,14.141667,40.826,Campi Flegrei,34728831,2023,4,2023-04-19,31.622776601683793
2023-04-21 03:11:42.770000,2.3,,14.1137,40.8145,Campi Flegrei,34741241,2023,4,2023-04-21,2818.382931264452
2023-04-21 13:24:16.170000,1.1,,14.111667,40.834833,Campi Flegrei,34746171,2023,4,2023-04-21,44.668359215096324
2023-04-22 03:24:34.710000,2.1,,14.0928,40.8142,Campi Flegrei,34750691,2023,4,2023-04-22,1412.5375446227554
2023-04-22 13:21:36.610000,1.7,,14.1425,40.8198,Campi Flegrei,34755701,2023,4,2023-04-22,354.8133892335753
2023-04-23 00:35:20.270000,2.5,,14.1408,40.8173,Campi Flegrei,34760611,2023,4,2023-04-23,5623.413251903491
2023-04-23 10:14:42.930000,1.0,,14.142333,40.821667,Campi Flegrei,34765451,2023,4,2023-04-23,31.622776601683793
2023-04-24 21:30:44.920000,1.1,,14.150167,40.825333,Campi Flegrei,34793131,2023,4,2023-04-24,44.668359215096324
2023-04-26 02:37:07.279000,1.2,,14.151667,40.831333,Campi Flegrei,34805911,2023,4,2023-04-26,63.0957344480193
2023-04-26 02:58:42.519000,1.0,,14.155667,40.827667,Campi Flegrei,34806151,2023,4,2023-04-26,31.622776601683793
2023-04-26 03:03:18.530000,2.1,,14.1468,40.8208,Campi Flegrei,34805961,2023,4,2023-04-26,1412.5375446227554
2023-04-26 03:05:34.210000,1.8,,14.1493,40.8243,Campi Flegrei,34805991,2023,4,2023-04-26,501.18723362727246
2023-04-30 07:51:50.430000,1.5,,14.1062,40.8085,Campi Flegrei,34848621,2023,4,2023-04-30,177.82794100389228
2023-05-01 04:02:01.250000,1.2,,14.1353,40.8308,Campi Flegrei,34856811,2023,5,2023-05-01,63.0957344480193
2023-05-01 15:27:08.900000,1.2,,14.113667,40.8325,Campi Flegrei,34861851,2023,5,2023-05-01,63.0957344480193
2023-05-03 03:08:37.579000,1.0,,14.151167,40.805833,Campi Flegrei,34869741,2023,5,2023-05-03,31.622776601683793
2023-05-05 17:41:05.309000,1.6,,14.104333,40.806,Campi Flegrei,34896641,2023,5,2023-05-05,251.18864315095823
2023-05-06 16:18:08.180000,1.5,,14.1317,40.8222,Campi Flegrei,34905701,2023,5,2023-05-06,177.82794100389228
2023-05-07 11:45:34.490000,1.2,,14.1382,40.8313,Campi Flegrei,34913841,2023,5,2023-05-07,63.0957344480193
2023-05-08 02:28:34.660000,2.3,,14.1358,40.8317,Campi Flegrei,34919151,2023,5,2023-05-08,2818.382931264452
2023-05-08 02:33:03.720000,1.0,,14.141667,40.829167,Campi Flegrei,34919361,2023,5,2023-05-08,31.622776601683793
2023-05-08 22:33:16.950000,1.7,,14.1477,40.8292,Campi Flegrei,34928001,2023,5,2023-05-08,354.8133892335753
2023-05-08 22:33:51.319000,1.5,,14.136,40.825833,Campi Flegrei,34928891,2023,5,2023-05-08,177.82794100389228
2023-05-08 22:35:43.340000,1.7,,14.1333,40.8227,Campi Flegrei,34928031,2023,5,2023-05-08,354.8133892335753
2023-05-08 22:38:26.069000,1.6,,14.136333,40.824,Campi Flegrei,34928281,2023,5,2023-05-08,251.18864315095823
2023-05-09 08:41:01.430000,1.6,,14.1397,40.8205,Campi Flegrei,34932111,2023,5,2023-05-09,251.18864315095823
2023-05-12 11:05:56.740000,1.4,,14.1385,40.8255,Campi Flegrei,34962131,2023,5,2023-05-12,125.89254117941663
2023-05-13 09:07:38.760000,1.0,,14.125,40.8378,Campi Flegrei,34971711,2023,5,2023-05-13,31.622776601683793
2023-05-14 04:24:20.450000,1.0,,14.129833,40.833167,Campi Flegrei,34977941,2023,5,2023-05-14,31.622776601683793
2023-05-14 20:35:28.440000,1.8,,14.0987,40.8098,Campi Flegrei,34982661,2023,5,2023-05-14,501.18723362727246
2023-05-15 17:46:24.579000,1.0,,14.140167,40.826667,Campi Flegrei,34989861,2023,5,2023-05-15,31.622776601683793
2023-05-15 21:44:06.530000,1.4,,14.127,40.8275,Campi Flegrei,34991271,2023,5,2023-05-15,125.89254117941663
2023-05-18 11:38:03.940000,1.8,,14.1082,40.8008,Campi Flegrei,35006491,2023,5,2023-05-18,501.18723362727246
2023-05-18 16:40:24.589000,1.0,,14.153,40.8115,Campi Flegrei,35009791,2023,5,2023-05-18,31.622776601683793
2023-05-21 19:16:38.940000,1.8,,14.123,40.8147,Campi Flegrei,35037081,2023,5,2023-05-21,501.18723362727246
2023-05-22 17:15:23.680000,1.1,,14.145333,40.825833,Campi Flegrei,35045631,2023,5,2023-05-22,44.668359215096324
2023-05-23 10:54:32.730000,1.2,,14.1258,40.8208,Campi Flegrei,35051681,2023,5,2023-05-23,63.0957344480193
2023-05-25 03:37:24.609000,1.2,,14.107667,40.801,Campi Flegrei,35074711,2023,5,2023-05-25,63.0957344480193
2023-05-25 08:57:13.380000,1.9,,14.1133,40.819,Campi Flegrei,35077091,2023,5,2023-05-25,707.9457843841374
2023-05-25 09:03:41.080000,1.8,,14.1143,40.8208,Campi Flegrei,35077151,2023,5,2023-05-25,501.18723362727246
2023-05-25 14:24:05.370000,1.9,,14.1167,40.829,Campi Flegrei,35080581,2023,5,2023-05-25,707.9457843841374
2023-05-26 23:09:59.109000,1.2,,14.1285,40.832667,Campi Flegrei,35094791,2023,5,2023-05-26,63.0957344480193
2023-05-26 23:33:16.150000,1.5,,14.138,40.826667,Campi Flegrei,35094971,2023,5,2023-05-26,177.82794100389228
2023-05-26 23:45:37.160000,1.3,,14.137667,40.830167,Campi Flegrei,35094991,2023,5,2023-05-26,89.12509381337459
2023-05-27 12:20:26.720000,1.0,,14.131,40.833333,Campi Flegrei,35100991,2023,5,2023-05-27,31.622776601683793
2023-05-28 20:54:57.000000,1.6,,14.148333,40.834,Campi Flegrei,35117561,2023,5,2023-05-28,251.18864315095823
2023-05-29 03:02:27.000000,1.2,,14.117,40.802333,Campi Flegrei,35119061,2023,5,2023-05-29,63.0957344480193
2023-05-29 06:29:53.519000,1.1,,14.143667,40.8265,Campi Flegrei,35120521,2023,5,2023-05-29,44.668359215096324
2023-06-02 09:43:54.260000,2.1,,14.1388,40.8275,Campi Flegrei,35173261,2023,6,2023-06-02,1412.5375446227554
2023-06-02 09:44:34.190000,1.8,,14.144667,40.824833,Campi Flegrei,35173761,2023,6,2023-06-02,501.18723362727246
2023-06-02 10:10:26.269000,1.0,,14.144333,40.822167,Campi Flegrei,35174131,2023,6,2023-06-02,31.622776601683793
2023-06-04 14:15:23.980000,1.9,,14.1172,40.8022,Campi Flegrei,35210301,2023,6,2023-06-04,707.9457843841374
2023-06-04 14:27:32.109000,1.0,,14.133167,40.816333,Campi Flegrei,35210761,2023,6,2023-06-04,31.622776601683793
2023-06-06 03:03:24.490000,1.0,,14.148,40.826333,Campi Flegrei,35228071,2023,6,2023-06-06,31.622776601683793
2023-06-07 00:40:11.589000,1.1,,14.14,40.825667,Campi Flegrei,35236011,2023,6,2023-06-07,44.668359215096324
2023-06-09 02:58:28.640000,1.1,,14.157167,40.809833,Campi Flegrei,35259481,2023,6,2023-06-09,44.668359215096324
2023-06-09 05:13:23.309000,1.0,,14.155167,40.809,Campi Flegrei,35260001,2023,6,2023-06-09,31.622776601683793
2023-06-11 06:17:39.670000,1.9,,14.1545,40.8257,Campi Flegrei,35277861,2023,6,2023-06-11,707.9457843841374
2023-06-11 06:44:25.530000,2.4,,14.113,40.8313,Campi Flegrei,35278141,2023,6,2023-06-11,3981.071705534969
2023-06-11 08:50:33.140000,1.8,,14.1117,40.8175,Campi Flegrei,35279011,2023,6,2023-06-11,501.18723362727246
2023-06-11 23:19:37.119000,1.3,,14.139,40.8315,Campi Flegrei,35284851,2023,6,2023-06-11,89.12509381337459
2023-06-12 04:55:39.859000,1.2,,14.140833,40.802167,Campi Flegrei,35285881,2023,6,2023-06-12,63.0957344480193
2023-06-12 14:33:55.170000,1.3,,14.134333,40.8315,Campi Flegrei,35291651,2023,6,2023-06-12,89.12509381337459
2023-06-13 00:35:57.039000,1.2,,14.133,40.833,Campi Flegrei,35294581,2023,6,2023-06-13,63.0957344480193
2023-06-14 12:58:12.600000,1.9,,14.1237,40.8323,Campi Flegrei,35310301,2023,6,2023-06-14,707.9457843841374
2023-06-14 13:01:37.569000,1.0,,14.125167,40.835667,Campi Flegrei,35310601,2023,6,2023-06-14,31.622776601683793
2023-06-14 15:04:20.299000,1.0,,14.151667,40.827667,Campi Flegrei,35311521,2023,6,2023-06-14,31.622776601683793
2023-06-14 15:19:53.710000,1.1,,14.1455,40.824333,Campi Flegrei,35311641,2023,6,2023-06-14,44.668359215096324
2023-06-14 23:18:54.360000,1.5,,14.1223,40.8348,Campi Flegrei,35312721,2023,6,2023-06-14,177.82794100389228
2023-06-15 14:31:12.309000,1.3,,14.139667,40.831333,Campi Flegrei,35316631,2023,6,2023-06-15,89.12509381337459
2023-06-15 15:38:27.140000,1.5,,14.1335,40.8298,Campi Flegrei,35317001,2023,6,2023-06-15,177.82794100389228
2023-06-15 15:39:40.120000,2.0,,14.1412,40.8268,Campi Flegrei,35317061,2023,6,2023-06-15,1000.0
2023-06-15 15:41:33.279000,1.2,,14.146,40.827667,Campi Flegrei,35317431,2023,6,2023-06-15,63.0957344480193
2023-06-16 12:59:22.880000,2.3,,14.0992,40.802,Campi Flegrei,35324471,2023,6,2023-06-16,2818.382931264452
2023-06-18 02:32:48.769000,1.0,,14.1415,40.831333,Campi Flegrei,35335891,2023,6,2023-06-18,31.622776601683793
2023-06-18 12:46:10.470000,2.0,,14.1548,40.817,Campi Flegrei,35339531,2023,6,2023-06-18,1000.0
2023-06-19 02:41:06.820000,1.9,,14.138,40.8213,Campi Flegrei,35342901,2023,6,2023-06-19,707.9457843841374
2023-06-21 08:08:35.200000,1.6,,14.1297,40.8435,Campi Flegrei,35357401,2023,6,2023-06-21,251.18864315095823
2023-06-21 20:29:56.339000,1.0,,14.139333,40.826167,Campi Flegrei,35361681,2023,6,2023-06-21,31.622776601683793
2023-06-22 01:30:54.870000,1.7,,14.1062,40.7982,Campi Flegrei,35362901,2023,6,2023-06-22,354.8133892335753
2023-06-22 23:44:40.810000,2.1,,14.1148,40.7952,Campi Flegrei,35369351,2023,6,2023-06-22,1412.5375446227554
2023-06-23 01:20:27.250000,1.9,,14.1105,40.8,Campi Flegrei,35369681,2023,6,2023-06-23,707.9457843841374
2023-06-26 22:27:43.259000,1.2,,14.149167,40.8255,Campi Flegrei,35397911,2023,6,2023-06-26,63.0957344480193
2023-06-30 02:27:34.840000,1.8,,14.1422,40.8257,Campi Flegrei,35418771,2023,6,2023-06-30,501.18723362727246
2023-06-30 13:10:03.160000,1.2,,14.149833,40.831333,Campi Flegrei,35427581,2023,6,2023-06-30,63.0957344480193
2023-06-30 13:17:10.430000,1.9,,14.143833,40.829167,Campi Flegrei,35427981,2023,6,2023-06-30,707.9457843841374
2023-07-16 05:59:49.190000,1.8,,14.1353,40.8242,Campi Flegrei,35573031,2023,7,2023-07-16,501.18723362727246
2023-07-18 22:25:39.320000,1.6,,14.1413,40.8297,Campi Flegrei,35594321,2023,7,2023-07-18,251.18864315095823
2023-07-20 07:54:30.819000,1.3,,14.142333,40.827667,Campi Flegrei,35604041,2023,7,2023-07-20,89.12509381337459
2023-07-25 18:03:25.840000,1.6,,14.1327,40.8283,Campi Flegrei,35650261,2023,7,2023-07-25,251.18864315095823
2023-07-25 20:32:01.380000,1.2,,14.139,40.827833,Campi Flegrei,35651031,2023,7,2023-07-25,63.0957344480193
2023-07-26 18:27:42.759000,1.2,,14.124333,40.832333,Campi Flegrei,35659161,2023,7,2023-07-26,63.0957344480193
2023-07-27 08:52:26.430000,1.1,,14.139833,40.827,Campi Flegrei,35662961,2023,7,2023-07-27,44.668359215096324
2023-07-30 03:23:21.000000,1.0,,14.114667,40.826,Campi Flegrei,35688701,2023,7,2023-07-30,31.622776601683793
2023-08-02 14:07:46.029000,1.0,,14.110167,40.803333,Campi Flegrei,35722811,2023,8,2023-08-02,31.622776601683793
2023-08-03 23:48:37.970000,1.2,,14.113333,40.798833,Campi Flegrei,35736151,2023,8,2023-08-03,63.0957344480193
2023-08-04 00:08:34.849000,1.1,,14.114,40.814333,Campi Flegrei,35736161,2023,8,2023-08-04,44.668359215096324
2023-08-04 02:20:35.700000,1.0,,14.135667,40.8235,Campi Flegrei,35736521,2023,8,2023-08-04,31.622776601683793
2023-08-05 09:57:43.670000,1.9,,14.1053,40.803,Campi Flegrei,35748971,2023,8,2023-08-05,707.9457843841374
2023-08-06 08:45:20.109000,1.1,,14.136333,40.8315,Campi Flegrei,35755601,2023,8,2023-08-06,44.668359215096324
2023-08-06 14:02:52.680000,1.6,,14.1307,40.8243,Campi Flegrei,35758011,2023,8,2023-08-06,251.18864315095823
2023-08-07 22:09:50.770000,1.5,,14.1357,40.8247,Campi Flegrei,35766761,2023,8,2023-08-07,177.82794100389228
2023-08-09 05:26:35.220000,1.7,,14.119,40.8245,Campi Flegrei,35776931,2023,8,2023-08-09,354.8133892335753
2023-08-10 00:51:27.280000,2.0,,14.0957,40.8102,Campi Flegrei,35783841,2023,8,2023-08-10,1000.0
2023-08-12 01:10:26.680000,1.6,,14.114,40.7977,Campi Flegrei,35802191,2023,8,2023-08-12,251.18864315095823
2023-08-12 14:00:02.090000,1.8,,14.1117,40.7987,Campi Flegrei,35808151,2023,8,2023-08-12,501.18723362727246
2023-08-12 15:52:41.800000,1.5,,14.1162,40.7953,Campi Flegrei,35809101,2023,8,2023-08-12,177.82794100389228
2023-08-12 18:36:42.200000,1.3,,14.139167,40.821667,Campi Flegrei,35810991,2023,8,2023-08-12,89.12509381337459
2023-08-12 21:45:32.320000,1.6,,14.1393,40.8198,Campi Flegrei,35811951,2023,8,2023-08-12,251.18864315095823
2023-08-13 02:17:17.329000,1.1,,14.137167,40.821667,Campi Flegrei,35812921,2023,8,2023-08-13,44.668359215096324
2023-08-13 16:40:32.750000,1.1,,14.140167,40.829167,Campi Flegrei,35819811,2023,8,2023-08-13,44.668359215096324
2023-08-14 03:18:49.910000,1.9,,14.1595,40.8152,Campi Flegrei,35823681,2023,8,2023-08-14,707.9457843841374
2023-08-14 13:03:17.830000,1.9,,14.1333,40.8333,Campi Flegrei,35827711,2023,8,2023-08-14,707.9457843841374
2023-08-14 13:16:50.740000,1.0,,14.136333,40.832667,Campi Flegrei,35827991,2023,8,2023-08-14,31.622776601683793
2023-08-14 22:46:51.000000,2.4,,14.1103,40.8148,Campi Flegrei,35832811,2023,8,2023-08-14,3981.071705534969
2023-08-15 01:56:12.900000,1.9,,14.1073,40.8203,Campi Flegrei,35833701,2023,8,2023-08-15,707.9457843841374
2023-08-15 11:44:01.789000,1.0,,14.140167,40.826833,Campi Flegrei,35839171,2023,8,2023-08-15,31.622776601683793
2023-08-15 12:25:10.559000,1.0,,14.138167,40.821667,Campi Flegrei,35839501,2023,8,2023-08-15,31.622776601683793
2023-08-15 14:44:26.579000,1.1,,14.135667,40.836333,Campi Flegrei,35841391,2023,8,2023-08-15,44.668359215096324
2023-08-15 22:18:35.549000,1.1,,14.150833,40.822667,Campi Flegrei,35845301,2023,8,2023-08-15,44.668359215096324
2023-08-15 22:19:04.849000,1.2,,14.149,40.823833,Campi Flegrei,35845331,2023,8,2023-08-15,63.0957344480193
2023-08-15 22:24:57.569000,1.1,,14.122,40.832333,Campi Flegrei,35845501,2023,8,2023-08-15,44.668359215096324
2023-08-15 22:37:36.860000,1.5,,14.1315,40.8305,Campi Flegrei,35845371,2023,8,2023-08-15,177.82794100389228
2023-08-16 02:15:24.849000,1.0,,14.14,40.824167,Campi Flegrei,35847301,2023,8,2023-08-16,31.622776601683793
2023-08-16 02:48:38.180000,1.2,,14.141167,40.823667,Campi Flegrei,35846651,2023,8,2023-08-16,63.0957344480193
2023-08-16 08:22:06.830000,1.9,,14.1133,40.8212,Campi Flegrei,35848701,2023,8,2023-08-16,707.9457843841374
2023-08-16 08:23:00.029000,1.2,,14.113,40.825,Campi Flegrei,35849061,2023,8,2023-08-16,63.0957344480193
2023-08-16 08:27:08.910000,2.0,,14.1127,40.8202,Campi Flegrei,35848851,2023,8,2023-08-16,1000.0
2023-08-16 08:27:41.350000,1.3,,14.1157,40.8183,Campi Flegrei,35848821,2023,8,2023-08-16,89.12509381337459
2023-08-16 13:15:27.670000,1.1,,14.119667,40.8245,Campi Flegrei,35853151,2023,8,2023-08-16,44.668359215096324
2023-08-17 03:59:57.140000,2.4,,14.142833,40.820333,Campi Flegrei,35860601,2023,8,2023-08-17,3981.071705534969
2023-08-17 11:40:45.809000,1.2,,14.146,40.8315,Campi Flegrei,35864341,2023,8,2023-08-17,63.0957344480193
2023-08-17 23:57:47.320000,2.1,,14.1448,40.8192,Campi Flegrei,35870031,2023,8,2023-08-17,1412.5375446227554
2023-08-17 23:58:19.059000,2.0,,14.146833,40.819667,Campi Flegrei,35870161,2023,8,2023-08-17,1000.0
2023-08-17 23:58:51.420000,1.6,,14.1505,40.826667,Campi Flegrei,35870211,2023,8,2023-08-17,251.18864315095823
2023-08-17 23:59:23.319000,1.2,,14.143667,40.823833,Campi Flegrei,35870241,2023,8,2023-08-17,63.0957344480193
2023-08-17 23:59:50.069000,1.2,,14.141167,40.82,Campi Flegrei,35870251,2023,8,2023-08-17,63.0957344480193
2023-08-18 00:00:24.089000,1.5,,14.1455,40.819333,Campi Flegrei,35870301,2023,8,2023-08-18,177.82794100389228
2023-08-18 00:01:28.130000,2.1,,14.1448,40.8195,Campi Flegrei,35870061,2023,8,2023-08-18,1412.5375446227554
2023-08-18 02:11:49.550000,1.8,,14.1472,40.8225,Campi Flegrei,35870551,2023,8,2023-08-18,501.18723362727246
2023-08-18 03:10:42.690000,1.1,,14.140667,40.819167,Campi Flegrei,35870871,2023,8,2023-08-18,44.668359215096324
2023-08-18 03:25:13.039000,1.6,,14.136333,40.8155,Campi Flegrei,35872621,2023,8,2023-08-18,251.18864315095823
2023-08-18 03:31:26.600000,1.7,,14.1452,40.8193,Campi Flegrei,35870931,2023,8,2023-08-18,354.8133892335753
2023-08-18 03:43:54.930000,1.3,,14.151667,40.825667,Campi Flegrei,35872791,2023,8,2023-08-18,89.12509381337459
2023-08-18 03:44:00.549000,1.0,,14.148333,40.825667,Campi Flegrei,35873181,2023,8,2023-08-18,31.622776601683793
2023-08-18 03:47:05.460000,1.1,,14.1485,40.825167,Campi Flegrei,35873041,2023,8,2023-08-18,44.668359215096324
2023-08-18 03:52:13.369000,1.1,,14.149,40.822167,Campi Flegrei,35874311,2023,8,2023-08-18,44.668359215096324
2023-08-18 04:08:02.520000,1.4,,14.1437,40.8295,Campi Flegrei,35871171,2023,8,2023-08-18,125.89254117941663
2023-08-18 04:09:59.300000,2.3,,14.1522,40.8257,Campi Flegrei,35871201,2023,8,2023-08-18,2818.382931264452
2023-08-18 04:10:29.740000,2.1,,14.1472,40.8207,Campi Flegrei,35871241,2023,8,2023-08-18,1412.5375446227554
2023-08-18 04:14:14.420000,1.9,,14.1468,40.8225,Campi Flegrei,35871271,2023,8,2023-08-18,707.9457843841374
2023-08-18 04:14:49.270000,1.6,,14.1475,40.8247,Campi Flegrei,35871321,2023,8,2023-08-18,251.18864315095823
2023-08-18 04:18:06.240000,2.8,,14.1392,40.8327,Campi Flegrei,35871351,2023,8,2023-08-18,15848.931924611108
2023-08-18 04:20:02.089000,1.1,,14.140833,40.83,Campi Flegrei,35872481,2023,8,2023-08-18,44.668359215096324
2023-08-18 04:20:10.930000,1.1,,14.1405,40.829167,Campi Flegrei,35872491,2023,8,2023-08-18,44.668359215096324
2023-08-18 04:20:22.000000,1.1,,14.1465,40.829833,Campi Flegrei,35872511,2023,8,2023-08-18,44.668359215096324
2023-08-18 04:21:26.440000,1.3,,14.140167,40.8295,Campi Flegrei,35872541,2023,8,2023-08-18,89.12509381337459
2023-08-18 04:22:49.660000,2.3,,14.1475,40.8258,Campi Flegrei,35871461,2023,8,2023-08-18,2818.382931264452
2023-08-18 04:56:53.850000,1.7,,14.149,40.8222,Campi Flegrei,35871831,2023,8,2023-08-18,354.8133892335753
2023-08-18 05:02:05.859000,1.1,,14.147,40.826333,Campi Flegrei,35872341,2023,8,2023-08-18,44.668359215096324
2023-08-18 05:12:51.740000,2.1,,14.1418,40.8253,Campi Flegrei,35871901,2023,8,2023-08-18,1412.5375446227554
2023-08-18 05:15:10.090000,1.7,,14.1413,40.8198,Campi Flegrei,35871921,2023,8,2023-08-18,354.8133892335753
2023-08-18 05:18:03.210000,1.6,,14.140167,40.8275,Campi Flegrei,35874891,2023,8,2023-08-18,251.18864315095823
2023-08-18 05:23:06.170000,1.8,,14.135,40.822833,Campi Flegrei,35872811,2023,8,2023-08-18,501.18723362727246
2023-08-18 05:38:36.150000,1.0,,14.146167,40.8315,Campi Flegrei,35874711,2023,8,2023-08-18,31.622776601683793
2023-08-18 07:58:53.360000,1.6,,14.1447,40.8253,Campi Flegrei,35873751,2023,8,2023-08-18,251.18864315095823
2023-08-19 03:00:41.780000,2.2,,14.1067,40.8032,Campi Flegrei,35882561,2023,8,2023-08-19,1995.262314968881
2023-08-19 07:48:30.650000,1.8,,14.1102,40.7995,Campi Flegrei,35884341,2023,8,2023-08-19,501.18723362727246
2023-08-19 08:27:18.320000,1.7,,14.1268,40.7998,Campi Flegrei,35884651,2023,8,2023-08-19,354.8133892335753
2023-08-20 19:58:07.860000,2.2,,14.1133,40.8142,Campi Flegrei,35899641,2023,8,2023-08-20,1995.262314968881
2023-08-21 02:48:23.320000,1.9,,14.1218,40.8153,Campi Flegrei,35901001,2023,8,2023-08-21,707.9457843841374
2023-08-21 02:48:59.120000,1.9,,14.1212,40.8355,Campi Flegrei,35900971,2023,8,2023-08-21,707.9457843841374
2023-08-21 02:52:40.810000,1.6,,14.1198,40.8307,Campi Flegrei,35901071,2023,8,2023-08-21,251.18864315095823
2023-08-21 03:08:03.759000,1.0,,14.127167,40.828833,Campi Flegrei,35901351,2023,8,2023-08-21,31.622776601683793
2023-08-21 03:09:45.670000,1.0,,14.126333,40.835333,Campi Flegrei,35901361,2023,8,2023-08-21,31.622776601683793
2023-08-21 03:40:53.190000,1.3,,14.122667,40.8335,Campi Flegrei,35901371,2023,8,2023-08-21,89.12509381337459
2023-08-21 07:00:34.620000,1.9,,14.1165,40.8185,Campi Flegrei,35902351,2023,8,2023-08-21,707.9457843841374
2023-08-22 09:39:27.240000,1.2,,14.1268,40.8228,Campi Flegrei,35913401,2023,8,2023-08-22,63.0957344480193
2023-08-22 09:47:21.780000,1.3,,14.1303,40.8202,Campi Flegrei,35913551,2023,8,2023-08-22,89.12509381337459
2023-08-23 16:30:14.160000,1.6,,14.1302,40.8315,Campi Flegrei,35927431,2023,8,2023-08-23,251.18864315095823
2023-08-24 01:48:10.609000,1.4,,14.153833,40.826833,Campi Flegrei,35930351,2023,8,2023-08-24,125.89254117941663
2023-08-25 01:24:08.820000,1.8,,14.1248,40.8158,Campi Flegrei,35939831,2023,8,2023-08-25,501.18723362727246
2023-08-25 23:35:11.329000,1.0,,14.127667,40.8315,Campi Flegrei,35947721,2023,8,2023-08-25,31.622776601683793
2023-08-27 21:14:22.880000,1.6,,14.1142,40.7995,Campi Flegrei,35963041,2023,8,2023-08-27,251.18864315095823
2023-08-27 21:26:56.220000,1.8,,14.111,40.806,Campi Flegrei,35963171,2023,8,2023-08-27,501.18723362727246
2023-08-28 02:05:16.850000,1.8,,14.117,40.7968,Campi Flegrei,35964611,2023,8,2023-08-28,501.18723362727246
2023-08-30 05:06:13.410000,1.6,,14.1188,40.8102,Campi Flegrei,35986371,2023,8,2023-08-30,251.18864315095823
2023-08-30 12:25:12.579000,1.0,,14.133667,40.824167,Campi Flegrei,35989281,2023,8,2023-08-30,31.622776601683793
2023-08-30 12:29:10.049000,1.0,,14.135833,40.825667,Campi Flegrei,35989331,2023,8,2023-08-30,31.622776601683793
2023-09-02 23:04:44.600000,1.6,,14.1467,40.8228,Campi Flegrei,36017221,2023,9,2023-09-02,251.18864315095823
2023-09-02 23:07:28.170000,1.6,,14.151667,40.831333,Campi Flegrei,36017551,2023,9,2023-09-02,251.18864315095823
2023-09-02 23:07:57.390000,1.3,,14.1435,40.8315,Campi Flegrei,36017541,2023,9,2023-09-02,89.12509381337459
2023-09-07 17:45:29.410000,3.0,,14.1437,40.8267,Campi Flegrei,36084091,2023,9,2023-09-07,31622.776601683792
2023-09-12 02:28:49.920000,1.9,,14.1437,40.8263,Campi Flegrei,36114561,2023,9,2023-09-12,707.9457843841374
2023-09-12 13:50:59.180000,1.1,,14.1115,40.804667,Campi Flegrei,36118351,2023,9,2023-09-12,44.668359215096324
2023-09-12 21:16:53.619000,1.1,,14.104167,40.805167,Campi Flegrei,36120421,2023,9,2023-09-12,44.668359215096324
2023-09-14 08:04:13.599000,1.5,,14.125833,40.833,Campi Flegrei,36131841,2023,9,2023-09-14,177.82794100389228
2023-09-15 02:06:48.799000,1.0,,14.133167,40.833833,Campi Flegrei,36137951,2023,9,2023-09-15,31.622776601683793
2023-09-20 03:04:44.410000,1.3,,14.151833,40.824833,Campi Flegrei,36208111,2023,9,2023-09-20,89.12509381337459
2023-09-20 03:32:22.430000,1.0,,14.140167,40.826667,Campi Flegrei,36208391,2023,9,2023-09-20,31.622776601683793
2023-09-20 17:45:05.550000,2.0,,14.1337,40.8148,Campi Flegrei,36219061,2023,9,2023-09-20,1000.0
2023-09-20 19:40:43.250000,1.1,,14.141833,40.825833,Campi Flegrei,36219721,2023,9,2023-09-20,44.668359215096324
2023-09-20 19:46:12.509000,1.0,,14.142333,40.825833,Campi Flegrei,36219731,2023,9,2023-09-20,31.622776601683793
2023-09-20 22:54:28.880000,2.0,,14.1607,40.8172,Campi Flegrei,36220591,2023,9,2023-09-20,1000.0
2023-09-20 23:47:39.010000,1.4,,14.149,40.8093,Campi Flegrei,36220801,2023,9,2023-09-20,125.89254117941663
2023-09-21 19:26:23.890000,1.0,,14.154,40.817667,Campi Flegrei,36235001,2023,9,2023-09-21,31.622776601683793
2023-09-21 20:46:37.220000,1.0,,14.158,40.817333,Campi Flegrei,36235271,2023,9,2023-09-21,31.622776601683793
2023-09-21 21:21:38.200000,1.6,,14.135,40.8253,Campi Flegrei,36235681,2023,9,2023-09-21,251.18864315095823
2023-09-21 22:46:15.670000,1.4,,14.136333,40.820667,Campi Flegrei,36236961,2023,9,2023-09-21,125.89254117941663
2023-09-21 23:16:32.859000,1.2,,14.077833,40.827,Campi Flegrei,36237221,2023,9,2023-09-21,63.0957344480193
2023-09-22 03:21:06.040000,1.2,,14.1367,40.8347,Campi Flegrei,36238691,2023,9,2023-09-22,63.0957344480193
2023-09-22 09:01:59.720000,2.4,,14.147,40.8252,Campi Flegrei,36243631,2023,9,2023-09-22,3981.071705534969
2023-09-22 21:46:10.000000,1.9,,14.1173,40.8148,Campi Flegrei,36252711,2023,9,2023-09-22,707.9457843841374
2023-09-22 21:48:05.049000,1.0,,14.117,40.822833,Campi Flegrei,36252861,2023,9,2023-09-22,31.622776601683793
2023-09-22 23:39:03.950000,1.7,,14.1347,40.8353,Campi Flegrei,36253131,2023,9,2023-09-22,354.8133892335753
2023-09-23 01:07:47.510000,1.8,,14.1337,40.8317,Campi Flegrei,36253771,2023,9,2023-09-23,501.18723362727246
2023-09-23 01:12:03.590000,1.7,,14.1023,40.8023,Campi Flegrei,36253841,2023,9,2023-09-23,354.8133892335753
2023-09-23 01:22:29.650000,1.3,,14.1365,40.8285,Campi Flegrei,36253951,2023,9,2023-09-23,89.12509381337459
2023-09-23 01:45:17.259000,1.0,,14.140833,40.833333,Campi Flegrei,36254161,2023,9,2023-09-23,31.622776601683793
2023-09-23 03:18:56.200000,1.9,,14.1263,40.8163,Campi Flegrei,36254381,2023,9,2023-09-23,707.9457843841374
2023-09-23 03:52:50.730000,1.4,,14.132333,40.8315,Campi Flegrei,36254511,2023,9,2023-09-23,125.89254117941663
2023-09-23 05:58:44.200000,1.7,,14.0948,40.8233,Campi Flegrei,36255341,2023,9,2023-09-23,354.8133892335753
2023-09-23 12:29:56.230000,1.2,,14.129,40.822833,Campi Flegrei,36262571,2023,9,2023-09-23,63.0957344480193
2023-09-23 12:42:22.160000,1.6,,14.1303,40.8178,Campi Flegrei,36262651,2023,9,2023-09-23,251.18864315095823
2023-09-23 13:08:32.910000,1.7,,14.1287,40.828,Campi Flegrei,36263041,2023,9,2023-09-23,354.8133892335753
2023-09-23 13:50:33.900000,1.0,,14.0975,40.825667,Campi Flegrei,36263881,2023,9,2023-09-23,31.622776601683793
2023-09-24 08:14:06.779000,1.1,,14.084333,40.811333,Campi Flegrei,36268961,2023,9,2023-09-24,44.668359215096324
2023-09-24 11:53:12.380000,2.1,,14.1397,40.8243,Campi Flegrei,36270991,2023,9,2023-09-24,1412.5375446227554
2023-09-24 11:56:35.039000,1.0,,14.140167,40.822,Campi Flegrei,36271181,2023,9,2023-09-24,31.622776601683793
2023-09-24 15:35:01.820000,2.2,,14.1617,40.8167,Campi Flegrei,36272401,2023,9,2023-09-24,1995.262314968881
2023-09-24 16:33:23.620000,1.9,,14.0908,40.8227,Campi Flegrei,36272751,2023,9,2023-09-24,707.9457843841374
2023-09-24 19:44:20.380000,1.6,,14.1422,40.825,Campi Flegrei,36273321,2023,9,2023-09-24,251.18864315095823
2023-09-24 19:50:01.110000,1.8,,14.1427,40.8248,Campi Flegrei,36273391,2023,9,2023-09-24,501.18723362727246
2023-09-25 01:51:37.089000,1.0,,14.128,40.836833,Campi Flegrei,36274721,2023,9,2023-09-25,31.622776601683793
2023-09-25 14:34:04.130000,2.1,,14.1202,40.8143,Campi Flegrei,36279241,2023,9,2023-09-25,1412.5375446227554
2023-09-25 14:58:11.029000,1.4,,14.135667,40.828667,Campi Flegrei,36279491,2023,9,2023-09-25,125.89254117941663
2023-09-25 14:58:18.170000,1.3,,14.143,40.824167,Campi Flegrei,36279531,2023,9,2023-09-25,89.12509381337459
2023-09-25 17:29:37.559000,1.1,,14.106167,40.825,Campi Flegrei,36280591,2023,9,2023-09-25,44.668359215096324
2023-09-25 17:29:53.160000,1.0,,14.122833,40.838833,Campi Flegrei,36280631,2023,9,2023-09-25,31.622776601683793
2023-09-26 00:08:27.680000,1.1,,14.141667,40.829167,Campi Flegrei,36282861,2023,9,2023-09-26,44.668359215096324
2023-09-26 01:34:55.640000,1.1,,14.132667,40.827333,Campi Flegrei,36283381,2023,9,2023-09-26,44.668359215096324
2023-09-26 03:06:29.520000,2.2,,14.1317,40.8242,Campi Flegrei,36284381,2023,9,2023-09-26,1995.262314968881
2023-09-26 03:07:32.269000,1.2,,14.142,40.8315,Campi Flegrei,36285191,2023,9,2023-09-26,63.0957344480193
2023-09-26 03:07:41.940000,1.7,,14.1338,40.8273,Campi Flegrei,36284411,2023,9,2023-09-26,354.8133892335753
2023-09-26 03:07:48.599000,1.4,,14.151667,40.8215,Campi Flegrei,36285231,2023,9,2023-09-26,125.89254117941663
2023-09-26 03:54:56.210000,1.6,,14.1342,40.8222,Campi Flegrei,36284991,2023,9,2023-09-26,251.18864315095823
2023-09-26 06:31:42.690000,2.2,,14.1068,40.8008,Campi Flegrei,36287451,2023,9,2023-09-26,1995.262314968881
2023-09-26 06:50:20.710000,1.3,,14.131667,40.828833,Campi Flegrei,36288351,2023,9,2023-09-26,89.12509381337459
2023-09-26 07:10:29.160000,2.5,,14.1127,40.8005,Campi Flegrei,36288401,2023,9,2023-09-26,5623.413251903491
2023-09-26 07:14:13.509000,1.1,,14.1,40.804667,Campi Flegrei,36289481,2023,9,2023-09-26,44.668359215096324
2023-09-26 09:25:46.760000,1.8,,14.1138,40.7993,Campi Flegrei,36291271,2023,9,2023-09-26,501.18723362727246
2023-09-26 13:55:15.890000,2.3,,14.1392,40.828,Campi Flegrei,36295381,2023,9,2023-09-26,2818.382931264452
2023-09-26 17:32:11.100000,1.7,,14.1328,40.8247,Campi Flegrei,36297311,2023,9,2023-09-26,354.8133892335753
2023-09-26 20:07:30.509000,1.2,,14.147,40.819833,Campi Flegrei,36298011,2023,9,2023-09-26,63.0957344480193
2023-09-26 20:49:14.780000,2.2,,14.142,40.82,Campi Flegrei,36298161,2023,9,2023-09-26,1995.262314968881
2023-09-26 20:53:13.839000,1.0,,14.140833,40.835333,Campi Flegrei,36298321,2023,9,2023-09-26,31.622776601683793
2023-09-26 21:36:37.880000,2.1,,14.1448,40.8108,Campi Flegrei,36298401,2023,9,2023-09-26,1412.5375446227554
2023-09-26 22:30:20.420000,1.6,,14.148,40.8128,Campi Flegrei,36298781,2023,9,2023-09-26,251.18864315095823
2023-09-26 23:51:38.260000,1.5,,14.1523,40.8155,Campi Flegrei,36299001,2023,9,2023-09-26,177.82794100389228
2023-09-27 00:04:09.000000,1.0,,14.157333,40.818167,Campi Flegrei,36299061,2023,9,2023-09-27,31.622776601683793
2023-09-27 01:35:34.650000,3.1,,14.1577,40.815,Campi Flegrei,36299321,2023,9,2023-09-27,44668.359215096345
2023-09-27 08:45:27.090000,2.2,,14.1392,40.8182,Campi Flegrei,36301881,2023,9,2023-09-27,1995.262314968881
2023-09-27 09:16:17.810000,2.5,,14.1428,40.8183,Campi Flegrei,36302081,2023,9,2023-09-27,5623.413251903491
2023-09-27 10:07:21.490000,1.0,,14.146333,40.825167,Campi Flegrei,36302761,2023,9,2023-09-27,31.622776601683793
2023-09-27 10:08:04.410000,1.1,,14.143667,40.8275,Campi Flegrei,36302751,2023,9,2023-09-27,44.668359215096324
2023-09-27 19:57:10.059000,1.0,,14.140167,40.8165,Campi Flegrei,36308421,2023,9,2023-09-27,31.622776601683793
2023-09-27 19:57:58.829000,1.0,,14.1465,40.824333,Campi Flegrei,36308771,2023,9,2023-09-27,31.622776601683793
2023-09-27 19:59:35.549000,1.2,,14.1505,40.825333,Campi Flegrei,36308741,2023,9,2023-09-27,63.0957344480193
2023-09-27 20:25:36.400000,1.6,,14.1353,40.8277,Campi Flegrei,36308241,2023,9,2023-09-27,251.18864315095823
2023-09-27 20:30:12.670000,1.2,,14.135167,40.8265,Campi Flegrei,36308581,2023,9,2023-09-27,63.0957344480193
2023-09-27 20:45:36.109000,1.2,,14.149,40.825167,Campi Flegrei,36308591,2023,9,2023-09-27,63.0957344480193
2023-09-27 21:00:25.360000,1.9,,14.1418,40.8278,Campi Flegrei,36308431,2023,9,2023-09-27,707.9457843841374
2023-09-27 22:24:41.430000,1.0,,14.150333,40.823167,Campi Flegrei,36309111,2023,9,2023-09-27,31.622776601683793
2023-09-27 23:14:29.710000,1.8,,14.1272,40.8183,Campi Flegrei,36309141,2023,9,2023-09-27,501.18723362727246
2023-09-28 08:49:52.109000,1.0,,14.1365,40.828667,Campi Flegrei,36312401,2023,9,2023-09-28,31.622776601683793
2023-09-28 08:50:46.710000,1.1,,14.153333,40.8255,Campi Flegrei,36312311,2023,9,2023-09-28,44.668359215096324
2023-09-28 14:42:02.660000,2.0,,14.1247,40.8128,Campi Flegrei,36314941,2023,9,2023-09-28,1000.0
2023-09-28 14:51:52.339000,1.0,,14.145667,40.828333,Campi Flegrei,36315121,2023,9,2023-09-28,31.622776601683793
2023-09-28 18:01:26.839000,1.0,,14.101333,40.812,Campi Flegrei,36318421,2023,9,2023-09-28,31.622776601683793
2023-09-28 18:38:22.620000,2.0,,14.1348,40.8228,Campi Flegrei,36318591,2023,9,2023-09-28,1000.0
2023-09-29 00:20:39.110000,1.9,,14.1332,40.8257,Campi Flegrei,36321791,2023,9,2023-09-29,707.9457843841374
2023-09-29 00:28:24.460000,1.0,,14.1215,40.838,Campi Flegrei,36322001,2023,9,2023-09-29,31.622776601683793
2023-09-29 09:54:18.630000,1.1,,14.1455,40.8213,Campi Flegrei,36328931,2023,9,2023-09-29,44.668359215096324
2023-09-29 09:56:38.120000,1.5,,14.16,40.8228,Campi Flegrei,36328961,2023,9,2023-09-29,177.82794100389228
2023-09-29 20:04:27.630000,2.0,,14.1262,40.8235,Campi Flegrei,36334781,2023,9,2023-09-29,1000.0
2023-09-29 20:53:59.720000,1.1,,14.129167,40.834333,Campi Flegrei,36335031,2023,9,2023-09-29,44.668359215096324
2023-09-29 21:25:06.770000,1.8,,14.117,40.8123,Campi Flegrei,36335271,2023,9,2023-09-29,501.18723362727246
2023-09-29 21:35:27.210000,1.1,,14.116333,40.833667,Campi Flegrei,36335581,2023,9,2023-09-29,44.668359215096324
2023-09-29 21:57:57.530000,2.1,,14.1352,40.8237,Campi Flegrei,36335741,2023,9,2023-09-29,1412.5375446227554
2023-09-30 01:46:47.560000,2.3,,14.1152,40.8038,Campi Flegrei,36336741,2023,9,2023-09-30,2818.382931264452
2023-10-01 01:15:29.020000,2.1,,14.1202,40.7978,Campi Flegrei,36347261,2023,10,2023-10-01,1412.5375446227554
2023-10-01 01:18:54.900000,1.4,,14.151667,40.831333,Campi Flegrei,36347421,2023,10,2023-10-01,125.89254117941663
2023-10-01 04:42:33.850000,2.3,,14.1067,40.799,Campi Flegrei,36348261,2023,10,2023-10-01,2818.382931264452
2023-10-01 06:22:00.920000,1.3,,14.100167,40.803,Campi Flegrei,36348911,2023,10,2023-10-01,89.12509381337459
2023-10-01 13:33:07.600000,1.9,,14.1383,40.8277,Campi Flegrei,36352551,2023,10,2023-10-01,707.9457843841374
2023-10-01 13:55:37.630000,1.0,,14.126667,40.833167,Campi Flegrei,36353141,2023,10,2023-10-01,31.622776601683793
2023-10-01 20:29:15.849000,1.1,,14.136667,40.830667,Campi Flegrei,36356591,2023,10,2023-10-01,44.668359215096324
2023-10-01 23:54:40.660000,1.1,,14.145667,40.831333,Campi Flegrei,36357261,2023,10,2023-10-01,44.668359215096324
2023-10-02 01:10:48.740000,1.1,,14.149,40.816333,Campi Flegrei,36357521,2023,10,2023-10-02,44.668359215096324
2023-10-02 01:15:06.410000,1.0,,14.1375,40.829167,Campi Flegrei,36357531,2023,10,2023-10-02,31.622776601683793
2023-10-02 08:15:16.109000,1.2,,14.1415,40.831333,Campi Flegrei,36360351,2023,10,2023-10-02,63.0957344480193
2023-10-02 09:05:38.509000,1.2,,14.1425,40.831333,Campi Flegrei,36361161,2023,10,2023-10-02,63.0957344480193
2023-10-02 09:07:29.440000,1.1,,14.147833,40.831333,Campi Flegrei,36361171,2023,10,2023-10-02,44.668359215096324
2023-10-02 18:53:29.310000,1.9,,14.132,40.8188,Campi Flegrei,36365311,2023,10,2023-10-02,707.9457843841374
2023-10-02 20:08:27.160000,3.2,,14.1472,40.8295,Campi Flegrei,36365741,2023,10,2023-10-02,63095.73444801943
2023-10-03 00:27:22.990000,1.0,,14.1385,40.821,Campi Flegrei,36366571,2023,10,2023-10-03,31.622776601683793
2023-10-03 01:53:44.920000,1.0,,14.140833,40.824667,Campi Flegrei,36366961,2023,10,2023-10-03,31.622776601683793
2023-10-03 02:15:24.849000,2.2,,14.14,40.82,Campi Flegrei,36367171,2023,10,2023-10-03,1995.262314968881
2023-10-04 08:18:28.950000,2.1,,14.1385,40.8195,Campi Flegrei,36381491,2023,10,2023-10-04,1412.5375446227554
2023-10-04 08:46:55.400000,2.0,,14.1333,40.8342,Campi Flegrei,36381821,2023,10,2023-10-04,1000.0
2023-10-08 02:18:45.779000,1.2,,14.114,40.8345,Campi Flegrei,36420121,2023,10,2023-10-08,63.0957344480193
2023-10-09 03:12:59.790000,1.6,,14.1148,40.7983,Campi Flegrei,36430361,2023,10,2023-10-09,251.18864315095823
2023-10-09 07:16:48.779000,1.2,,14.1345,40.8385,Campi Flegrei,36432341,2023,10,2023-10-09,63.0957344480193
2023-10-09 07:26:54.859000,1.0,,14.144167,40.836333,Campi Flegrei,36432371,2023,10,2023-10-09,31.622776601683793
2023-10-11 09:20:28.490000,1.2,,14.1428,40.8258,Campi Flegrei,36450311,2023,10,2023-10-11,63.0957344480193
2023-10-11 13:56:54.330000,1.4,,14.0938,40.8238,Campi Flegrei,36452421,2023,10,2023-10-11,125.89254117941663
2023-10-12 21:05:27.120000,2.1,,14.1407,40.8293,Campi Flegrei,36463621,2023,10,2023-10-12,1412.5375446227554
2023-10-14 16:49:44.850000,1.7,,14.1293,40.8197,Campi Flegrei,36484281,2023,10,2023-10-14,354.8133892335753
2023-10-15 14:18:58.860000,1.6,,14.1243,40.845,Campi Flegrei,36493731,2023,10,2023-10-15,251.18864315095823
2023-10-15 17:57:58.020000,1.8,,14.1148,40.829,Campi Flegrei,36495891,2023,10,2023-10-15,501.18723362727246
2023-10-16 10:36:20.830000,2.5,,14.1482,40.8252,Campi Flegrei,36499161,2023,10,2023-10-16,5623.413251903491
2023-10-17 21:19:18.590000,1.5,,14.1343,40.8343,Campi Flegrei,36510641,2023,10,2023-10-17,177.82794100389228
2023-10-19 01:11:02.829000,1.2,,14.113667,40.8295,Campi Flegrei,36520181,2023,10,2023-10-19,63.0957344480193
2023-10-19 04:00:37.760000,1.3,,14.1375,40.8232,Campi Flegrei,36520611,2023,10,2023-10-19,89.12509381337459
2023-10-19 04:00:44.810000,1.5,,14.14,40.8228,Campi Flegrei,36520631,2023,10,2023-10-19,177.82794100389228
2023-10-19 04:01:06.819000,1.0,,14.137167,40.8255,Campi Flegrei,36520771,2023,10,2023-10-19,31.622776601683793
2023-10-19 04:01:12.990000,1.0,,14.1435,40.824667,Campi Flegrei,36520981,2023,10,2023-10-19,31.622776601683793
2023-10-19 04:01:30.569000,1.0,,14.147333,40.8265,Campi Flegrei,36520991,2023,10,2023-10-19,31.622776601683793
2023-10-19 04:01:51.089000,1.1,,14.140333,40.826333,Campi Flegrei,36521131,2023,10,2023-10-19,44.668359215096324
2023-10-19 04:02:48.220000,1.7,,14.1432,40.8268,Campi Flegrei,36520641,2023,10,2023-10-19,354.8133892335753
2023-10-19 04:05:36.990000,1.0,,14.138,40.824667,Campi Flegrei,36520811,2023,10,2023-10-19,31.622776601683793
2023-10-19 16:08:48.119000,1.0,,14.153,40.825333,Campi Flegrei,36529181,2023,10,2023-10-19,31.622776601683793
2023-10-21 15:55:06.990000,1.1,,14.102667,40.819,Campi Flegrei,36559121,2023,10,2023-10-21,44.668359215096324
2023-10-21 22:16:36.890000,1.1,,14.153333,40.822333,Campi Flegrei,36560281,2023,10,2023-10-21,44.668359215096324
2023-10-22 17:02:59.769000,1.3,,14.1255,40.816333,Campi Flegrei,36565471,2023,10,2023-10-22,89.12509381337459
2023-10-25 18:44:19.850000,1.1,,14.1397,40.8428,Campi Flegrei,36603651,2023,10,2023-10-25,44.668359215096324
2023-10-26 03:55:11.579000,1.2,,14.1205,40.812,Campi Flegrei,36605511,2023,10,2023-10-26,63.0957344480193
2023-10-26 11:17:46.940000,1.6,,14.1538,40.8177,Campi Flegrei,36609751,2023,10,2023-10-26,251.18864315095823
2023-10-26 20:13:48.440000,1.0,,14.1525,40.820333,Campi Flegrei,36613631,2023,10,2023-10-26,31.622776601683793
2023-10-26 21:24:08.650000,1.2,,14.1487,40.8277,Campi Flegrei,36614051,2023,10,2023-10-26,63.0957344480193
2023-10-27 07:47:18.410000,1.2,,14.1375,40.833833,Campi Flegrei,36624321,2023,10,2023-10-27,63.0957344480193
2023-10-31 14:06:39.330000,1.5,,14.0953,40.8248,Campi Flegrei,36692131,2023,10,2023-10-31,177.82794100389228
2023-11-01 08:28:40.730000,1.2,,14.1233,40.8402,Campi Flegrei,36697251,2023,11,2023-11-01,63.0957344480193
2023-11-02 00:01:38.980000,1.1,,14.130167,40.832167,Campi Flegrei,36701841,2023,11,2023-11-02,44.668359215096324
2023-11-02 00:01:43.920000,1.1,,14.136833,40.827667,Campi Flegrei,36701861,2023,11,2023-11-02,44.668359215096324
2023-11-03 13:52:12.270000,1.3,,14.1323,40.84,Campi Flegrei,36748211,2023,11,2023-11-03,89.12509381337459
2023-11-04 14:14:08.850000,1.5,,14.153,40.8168,Campi Flegrei,36755771,2023,11,2023-11-04,177.82794100389228
2023-11-04 20:07:55.130000,1.6,,14.1172,40.8488,Campi Flegrei,36758501,2023,11,2023-11-04,251.18864315095823
2023-11-06 02:15:00.000000,1.7,,14.1167,40.8495,Campi Flegrei,36794701,2023,11,2023-11-06,354.8133892335753
2023-11-10 17:51:57.940000,1.3,,14.1365,40.8273,Campi Flegrei,36833081,2023,11,2023-11-10,89.12509381337459
2023-11-11 19:15:55.730000,1.4,,14.1303,40.8355,Campi Flegrei,36846781,2023,11,2023-11-11,125.89254117941663
2023-11-23 03:59:44.069000,1.3,,14.140333,40.8275,Campi Flegrei,36944171,2023,11,2023-11-23,89.12509381337459
2023-11-23 15:37:10.019000,1.0,,14.133167,40.829167,Campi Flegrei,36950591,2023,11,2023-11-23,31.622776601683793
2023-11-23 18:27:28.100000,1.5,,14.1337,40.8323,Campi Flegrei,36951801,2023,11,2023-11-23,177.82794100389228
2023-11-23 18:41:47.500000,2.2,,14.131,40.8273,Campi Flegrei,36951941,2023,11,2023-11-23,1995.262314968881
2023-11-24 08:59:36.549000,1.3,,14.135667,40.8225,Campi Flegrei,36955691,2023,11,2023-11-24,89.12509381337459
2023-11-24 08:59:47.359000,1.0,,14.139,40.819833,Campi Flegrei,36955731,2023,11,2023-11-24,31.622776601683793
2023-11-24 09:00:20.230000,1.2,,14.136667,40.8215,Campi Flegrei,36955741,2023,11,2023-11-24,63.0957344480193
2023-11-24 09:03:36.299000,1.0,,14.1375,40.821667,Campi Flegrei,36955751,2023,11,2023-11-24,31.622776601683793
2023-11-24 09:39:18.299000,1.4,,14.138667,40.823167,Campi Flegrei,36956101,2023,11,2023-11-24,125.89254117941663
2023-11-24 19:19:33.000000,1.2,,14.140167,40.828333,Campi Flegrei,36961201,2023,11,2023-11-24,63.0957344480193
2023-11-24 19:20:38.690000,1.2,,14.141,40.8285,Campi Flegrei,36961211,2023,11,2023-11-24,63.0957344480193
2023-11-24 19:21:31.339000,1.1,,14.140167,40.828,Campi Flegrei,36961311,2023,11,2023-11-24,44.668359215096324
2023-11-24 20:20:21.220000,1.3,,14.1307,40.8327,Campi Flegrei,36961471,2023,11,2023-11-24,89.12509381337459
2023-11-25 02:37:48.529000,1.0,,14.1395,40.826167,Campi Flegrei,36963461,2023,11,2023-11-25,31.622776601683793
2023-12-08 17:37:49.260000,1.6,,14.1197,40.8318,Campi Flegrei,37089441,2023,12,2023-12-08,251.18864315095823
2023-12-15 00:26:46.020000,1.6,,14.1393,40.8327,Campi Flegrei,37130741,2023,12,2023-12-15,251.18864315095823
2023-12-21 21:13:38.390000,1.4,,14.1153,40.7962,Campi Flegrei,37197011,2023,12,2023-12-21,125.89254117941663
2024-01-10 21:53:44.089000,1.1,,14.146,40.830333,Campi Flegrei,37311961,2024,1,2024-01-10,44.668359215096324
2024-01-18 04:17:01.730000,1.4,,14.132833,40.8305,Campi Flegrei,37365881,2024,1,2024-01-18,125.89254117941663
2024-01-18 20:20:28.509000,1.0,,14.125167,40.828667,Campi Flegrei,37379841,2024,1,2024-01-18,31.622776601683793
2024-01-21 09:35:04.859000,2.6,,14.106667,40.806333,Campi Flegrei,37397681,2024,1,2024-01-21,7943.282347242822
2024-01-24 14:05:26.380000,2.0,,14.175,40.844833,Campi Flegrei,37414311,2024,1,2024-01-24,1000.0
2024-01-25 17:44:49.450000,1.4,,14.135833,40.824333,Campi Flegrei,37422551,2024,1,2024-01-25,125.89254117941663
2024-01-26 04:17:49.309000,1.4,,14.159167,40.816833,Campi Flegrei,37425341,2024,1,2024-01-26,125.89254117941663
2024-01-26 05:54:02.579000,1.0,,14.140833,40.816167,Campi Flegrei,37425611,2024,1,2024-01-26,31.622776601683793
2024-01-26 12:55:32.759000,1.9,,14.107167,40.814,Campi Flegrei,37428661,2024,1,2024-01-26,707.9457843841374
2024-01-30 03:38:34.640000,1.5,,14.117167,40.793333,Campi Flegrei,37455941,2024,1,2024-01-30,177.82794100389228
2024-02-02 08:01:41.690000,1.3,,14.109833,40.804333,Campi Flegrei,37477541,2024,2,2024-02-02,89.12509381337459
2024-02-02 15:17:03.250000,1.1,,14.121667,40.819667,Campi Flegrei,37480651,2024,2,2024-02-02,44.668359215096324
2024-02-03 01:33:25.480000,1.1,,14.1395,40.836833,Campi Flegrei,37482711,2024,2,2024-02-03,44.668359215096324
2024-02-03 10:07:27.240000,2.1,,14.128667,40.834333,Campi Flegrei,37485211,2024,2,2024-02-03,1412.5375446227554
2024-02-04 21:41:49.970000,1.2,,14.1345,40.828667,Campi Flegrei,37494951,2024,2,2024-02-04,63.0957344480193
2024-02-04 23:05:20.839000,2.0,,14.1375,40.8335,Campi Flegrei,37495431,2024,2,2024-02-04,1000.0
2024-02-04 23:57:25.690000,1.1,,14.140167,40.834,Campi Flegrei,37495691,2024,2,2024-02-04,44.668359215096324
2024-02-06 02:23:49.750000,2.0,,14.117,40.8085,Campi Flegrei,37505091,2024,2,2024-02-06,1000.0
2024-02-06 03:31:07.920000,1.1,,14.131,40.8355,Campi Flegrei,37505361,2024,2,2024-02-06,44.668359215096324
2024-02-06 03:31:32.559000,1.1,,14.135333,40.833667,Campi Flegrei,37505371,2024,2,2024-02-06,44.668359215096324
2024-02-11 05:26:47.750000,1.7,,14.144333,40.831333,Campi Flegrei,37571211,2024,2,2024-02-11,354.8133892335753
2024-02-11 05:31:25.970000,1.3,,14.149833,40.834333,Campi Flegrei,37571391,2024,2,2024-02-11,89.12509381337459
2024-02-16 16:59:02.029000,1.9,,14.127,40.832,Campi Flegrei,37610721,2024,2,2024-02-16,707.9457843841374
2024-02-17 18:09:50.630000,2.7,,14.0975,40.811333,Campi Flegrei,37620461,2024,2,2024-02-17,11220.184543019654
2024-02-17 19:22:09.220000,3.0,,14.110667,40.838333,Campi Flegrei,37620831,2024,2,2024-02-17,31622.776601683792
2024-02-19 00:56:34.210000,1.8,,14.098,40.827,Campi Flegrei,37630171,2024,2,2024-02-19,501.18723362727246
2024-02-19 01:02:04.500000,1.3,,14.140167,40.829167,Campi Flegrei,37630341,2024,2,2024-02-19,89.12509381337459
2024-02-21 19:37:44.859000,1.3,,14.1455,40.803667,Campi Flegrei,37655131,2024,2,2024-02-21,89.12509381337459
2024-02-25 22:00:11.210000,1.1,,14.146167,40.826833,Campi Flegrei,37711801,2024,2,2024-02-25,44.668359215096324
2024-02-26 04:25:20.319000,1.9,,14.1265,40.8305,Campi Flegrei,37712751,2024,2,2024-02-26,707.9457843841374
2024-02-28 08:27:36.920000,1.3,,14.086833,40.828167,Campi Flegrei,37727091,2024,2,2024-02-28,89.12509381337459
2024-02-29 04:45:48.109000,1.5,,14.140167,40.826167,Campi Flegrei,37737841,2024,2,2024-02-29,177.82794100389228
2024-03-02 21:58:18.869000,1.4,,14.143333,40.821667,Campi Flegrei,37756821,2024,3,2024-03-02,125.89254117941663
2024-03-02 22:03:57.660000,1.7,,14.143833,40.822667,Campi Flegrei,37756811,2024,3,2024-03-02,354.8133892335753
2024-03-03 09:01:55.619000,3.4,,14.159,40.8165,Campi Flegrei,37758961,2024,3,2024-03-03,125892.54117941661
2024-03-03 14:01:22.170000,1.0,,14.157,40.819167,Campi Flegrei,37760971,2024,3,2024-03-03,31.622776601683793
2024-03-04 20:58:42.359000,1.0,,14.141833,40.828667,Campi Flegrei,37767081,2024,3,2024-03-04,31.622776601683793
2024-03-05 05:36:32.420000,1.6,,14.1215,40.834667,Campi Flegrei,37768021,2024,3,2024-03-05,251.18864315095823
2024-03-07 16:55:33.180000,1.0,,14.137,40.825,Campi Flegrei,37790971,2024,3,2024-03-07,31.622776601683793
2024-03-07 22:07:51.450000,1.8,,14.144333,40.82,Campi Flegrei,37792471,2024,3,2024-03-07,501.18723362727246
2024-03-07 22:09:44.529000,1.6,,14.145333,40.82,Campi Flegrei,37792481,2024,3,2024-03-07,251.18864315095823
2024-03-07 22:17:44.210000,1.7,,14.144667,40.818833,Campi Flegrei,37792491,2024,3,2024-03-07,354.8133892335753
2024-03-08 02:41:14.859000,1.8,,14.130833,40.824667,Campi Flegrei,37793691,2024,3,2024-03-08,501.18723362727246
2024-03-08 02:52:20.849000,1.2,,14.1265,40.825,Campi Flegrei,37793681,2024,3,2024-03-08,63.0957344480193
2024-03-08 03:30:35.640000,1.5,,14.131333,40.825,Campi Flegrei,37793921,2024,3,2024-03-08,177.82794100389228
2024-03-08 08:36:12.930000,1.4,,14.146167,40.819833,Campi Flegrei,37796111,2024,3,2024-03-08,125.89254117941663
2024-03-08 11:49:43.000000,1.0,,14.143667,40.8165,Campi Flegrei,37797921,2024,3,2024-03-08,31.622776601683793
2024-03-08 12:02:15.079000,1.0,,14.1455,40.819333,Campi Flegrei,37798011,2024,3,2024-03-08,31.622776601683793
2024-03-08 13:04:49.019000,2.3,,14.146833,40.819333,Campi Flegrei,37798401,2024,3,2024-03-08,2818.382931264452
2024-03-08 16:26:51.509000,2.2,,14.142,40.8185,Campi Flegrei,37799711,2024,3,2024-03-08,1995.262314968881
2024-03-08 16:48:46.450000,2.1,,14.140667,40.819,Campi Flegrei,37799781,2024,3,2024-03-08,1412.5375446227554
2024-03-08 17:16:16.140000,1.3,,14.1405,40.8195,Campi Flegrei,37799971,2024,3,2024-03-08,89.12509381337459
2024-03-09 11:58:54.609000,1.4,,14.088667,40.827,Campi Flegrei,37804941,2024,3,2024-03-09,125.89254117941663
2024-03-09 22:02:28.009000,1.1,,14.139667,40.818667,Campi Flegrei,37808261,2024,3,2024-03-09,44.668359215096324
2024-03-10 15:14:51.859000,1.6,,14.144667,40.819667,Campi Flegrei,37819861,2024,3,2024-03-10,251.18864315095823
2024-03-10 17:13:09.309000,2.2,,14.15,40.8195,Campi Flegrei,37821731,2024,3,2024-03-10,1995.262314968881
2024-03-10 17:15:06.839000,2.4,,14.144667,40.8205,Campi Flegrei,37821691,2024,3,2024-03-10,3981.071705534969
2024-03-12 21:00:51.269000,1.4,,14.138333,40.825333,Campi Flegrei,37836501,2024,3,2024-03-12,125.89254117941663
2024-03-12 21:25:50.180000,1.7,,14.1405,40.834833,Campi Flegrei,37836771,2024,3,2024-03-12,354.8133892335753
2024-03-14 16:27:17.779000,1.5,,14.113667,40.805,Campi Flegrei,37850671,2024,3,2024-03-14,177.82794100389228
2024-03-16 18:56:18.269000,1.6,,14.150333,40.828,Campi Flegrei,37867441,2024,3,2024-03-16,251.18864315095823
2024-03-17 15:20:28.269000,1.4,,14.128667,40.827833,Campi Flegrei,37874311,2024,3,2024-03-17,125.89254117941663
2024-03-18 22:25:17.599000,1.1,,14.112667,40.8345,Campi Flegrei,37887451,2024,3,2024-03-18,44.668359215096324
2024-03-19 12:48:04.400000,1.0,,14.139333,40.828833,Campi Flegrei,37893871,2024,3,2024-03-19,31.622776601683793
2024-03-20 09:17:36.240000,1.7,,14.149833,40.832833,Campi Flegrei,37901621,2024,3,2024-03-20,354.8133892335753
2024-03-20 13:51:30.529000,1.7,,14.140167,40.829167,Campi Flegrei,37903921,2024,3,2024-03-20,354.8133892335753
2024-03-23 05:43:52.640000,1.0,,14.142333,40.827333,Campi Flegrei,37928291,2024,3,2024-03-23,31.622776601683793
2024-03-23 21:20:10.250000,1.6,,14.133333,40.833667,Campi Flegrei,37942871,2024,3,2024-03-23,251.18864315095823
2024-03-24 06:41:59.720000,1.1,,14.132333,40.83,Campi Flegrei,37945421,2024,3,2024-03-24,44.668359215096324
2024-03-27 14:12:20.759000,1.1,,14.1195,40.84,Campi Flegrei,37984091,2024,3,2024-03-27,44.668359215096324
2024-04-03 02:37:32.500000,1.1,,14.139167,40.826,Campi Flegrei,38092231,2024,4,2024-04-03,44.668359215096324
2024-04-04 05:14:36.519000,2.7,,14.114,40.825833,Campi Flegrei,38104221,2024,4,2024-04-04,11220.184543019654
2024-04-04 05:15:02.250000,1.4,,14.115333,40.822833,Campi Flegrei,38105071,2024,4,2024-04-04,125.89254117941663
2024-04-04 05:17:09.519000,1.5,,14.115,40.826333,Campi Flegrei,38104631,2024,4,2024-04-04,177.82794100389228
2024-04-04 05:18:41.849000,1.3,,14.1125,40.827167,Campi Flegrei,38104701,2024,4,2024-04-04,89.12509381337459
2024-04-04 05:26:26.880000,1.2,,14.114,40.825,Campi Flegrei,38104611,2024,4,2024-04-04,63.0957344480193
2024-04-04 05:26:42.029000,1.1,,14.1155,40.824667,Campi Flegrei,38104621,2024,4,2024-04-04,44.668359215096324
2024-04-04 05:32:56.809000,2.9,,14.115,40.8255,Campi Flegrei,38104271,2024,4,2024-04-04,22387.21138568338
2024-04-04 05:33:01.619000,3.2,,14.115833,40.825167,Campi Flegrei,38106881,2024,4,2024-04-04,63095.73444801943
2024-04-04 12:00:13.859000,1.1,,14.119333,40.8245,Campi Flegrei,38107361,2024,4,2024-04-04,44.668359215096324
2024-04-04 22:02:08.109000,1.2,,14.144833,40.825667,Campi Flegrei,38112101,2024,4,2024-04-04,63.0957344480193
2024-04-06 02:00:14.400000,1.4,,14.133833,40.833167,Campi Flegrei,38122421,2024,4,2024-04-06,125.89254117941663
2024-04-06 02:01:12.539000,2.2,,14.136833,40.834,Campi Flegrei,38122361,2024,4,2024-04-06,1995.262314968881
2024-04-06 03:21:07.200000,1.2,,14.131167,40.820333,Campi Flegrei,38122621,2024,4,2024-04-06,63.0957344480193
2024-04-06 05:33:47.970000,1.1,,14.140167,40.8315,Campi Flegrei,38123241,2024,4,2024-04-06,44.668359215096324
2024-04-06 11:59:31.900000,2.5,,14.1145,40.803667,Campi Flegrei,38126061,2024,4,2024-04-06,5623.413251903491
2024-04-06 12:00:41.730000,1.9,,14.113333,40.802833,Campi Flegrei,38126201,2024,4,2024-04-06,707.9457843841374
2024-04-06 12:05:17.420000,1.3,,14.107667,40.806,Campi Flegrei,38126351,2024,4,2024-04-06,89.12509381337459
2024-04-06 13:14:11.079000,1.9,,14.112333,40.803167,Campi Flegrei,38127191,2024,4,2024-04-06,707.9457843841374
2024-04-06 13:26:23.109000,1.1,,14.116,40.805167,Campi Flegrei,38127171,2024,4,2024-04-06,44.668359215096324
2024-04-06 18:18:50.950000,2.1,,14.123167,40.833667,Campi Flegrei,38129481,2024,4,2024-04-06,1412.5375446227554
2024-04-06 19:58:39.440000,1.2,,14.127333,40.831667,Campi Flegrei,38129741,2024,4,2024-04-06,63.0957344480193
2024-04-07 00:13:15.549000,1.1,,14.144167,40.826167,Campi Flegrei,38130641,2024,4,2024-04-07,44.668359215096324
2024-04-07 13:08:41.069000,1.0,,14.144333,40.830667,Campi Flegrei,38134931,2024,4,2024-04-07,31.622776601683793
2024-04-07 13:08:59.869000,2.0,,14.1465,40.831333,Campi Flegrei,38135051,2024,4,2024-04-07,1000.0
2024-04-07 17:42:52.390000,2.3,,14.15,40.828,Campi Flegrei,38137741,2024,4,2024-04-07,2818.382931264452
2024-04-08 15:03:35.769000,1.1,,14.1305,40.820833,Campi Flegrei,38145911,2024,4,2024-04-08,44.668359215096324
2024-04-08 23:23:16.130000,1.2,,14.1355,40.834167,Campi Flegrei,38148381,2024,4,2024-04-08,63.0957344480193
2024-04-09 03:39:44.309000,1.7,,14.138667,40.825667,Campi Flegrei,38149121,2024,4,2024-04-09,354.8133892335753
2024-04-09 10:33:25.619000,1.0,,14.1435,40.831333,Campi Flegrei,38154011,2024,4,2024-04-09,31.622776601683793
2024-04-09 20:32:10.109000,2.8,,14.147167,40.832833,Campi Flegrei,38159761,2024,4,2024-04-09,15848.931924611108
2024-04-09 20:53:52.170000,1.1,,14.140167,40.835833,Campi Flegrei,38159771,2024,4,2024-04-09,44.668359215096324
2024-04-10 00:52:23.130000,1.0,,14.143,40.834,Campi Flegrei,38160361,2024,4,2024-04-10,31.622776601683793
2024-04-10 06:29:17.210000,2.0,,14.121333,40.832833,Campi Flegrei,38162571,2024,4,2024-04-10,1000.0
2024-04-10 07:06:38.279000,1.7,,14.138667,40.831667,Campi Flegrei,38162981,2024,4,2024-04-10,354.8133892335753
2024-04-10 08:06:50.680000,1.3,,14.137,40.833167,Campi Flegrei,38163441,2024,4,2024-04-10,89.12509381337459
2024-04-10 20:28:25.240000,2.2,,14.092,40.8345,Campi Flegrei,38170971,2024,4,2024-04-10,1995.262314968881
2024-04-10 23:49:33.470000,1.1,,14.138333,40.835,Campi Flegrei,38171411,2024,4,2024-04-10,44.668359215096324
2024-04-11 05:23:25.849000,2.1,,14.135833,40.833667,Campi Flegrei,38172611,2024,4,2024-04-11,1412.5375446227554
2024-04-11 05:23:43.420000,1.2,,14.1315,40.832167,Campi Flegrei,38175771,2024,4,2024-04-11,63.0957344480193
2024-04-11 07:40:34.359000,1.0,,14.135667,40.8315,Campi Flegrei,38173751,2024,4,2024-04-11,31.622776601683793
2024-04-11 12:46:43.609000,1.3,,14.0815,40.816333,Campi Flegrei,38176551,2024,4,2024-04-11,89.12509381337459
2024-04-11 18:19:13.910000,1.1,,14.131667,40.822333,Campi Flegrei,38180031,2024,4,2024-04-11,44.668359215096324
2024-04-12 02:17:25.279000,1.6,,14.133,40.833667,Campi Flegrei,38181371,2024,4,2024-04-12,251.18864315095823
2024-04-12 02:34:06.599000,2.3,,14.113667,40.800833,Campi Flegrei,38181541,2024,4,2024-04-12,2818.382931264452
2024-04-12 02:35:15.250000,1.6,,14.115667,40.8075,Campi Flegrei,38181551,2024,4,2024-04-12,251.18864315095823
2024-04-12 03:09:08.359000,1.0,,14.148667,40.825833,Campi Flegrei,38181631,2024,4,2024-04-12,31.622776601683793
2024-04-12 14:47:17.529000,1.7,,14.1435,40.827167,Campi Flegrei,38189361,2024,4,2024-04-12,354.8133892335753
2024-04-13 05:03:30.720000,1.4,,14.120833,40.806333,Campi Flegrei,38219551,2024,4,2024-04-13,125.89254117941663
2024-04-13 15:14:49.930000,2.4,,14.115,40.799333,Campi Flegrei,38200611,2024,4,2024-04-13,3981.071705534969
2024-04-13 16:12:31.839000,1.3,,14.120333,40.8075,Campi Flegrei,42003131,2024,4,2024-04-13,89.12509381337459
2024-04-13 20:40:09.759000,1.1,,14.127333,40.8295,Campi Flegrei,38202801,2024,4,2024-04-13,44.668359215096324
2024-04-13 21:41:10.849000,1.5,,14.089833,40.818667,Campi Flegrei,38203061,2024,4,2024-04-13,177.82794100389228
2024-04-13 22:27:27.890000,1.2,,14.0935,40.8225,Campi Flegrei,38203331,2024,4,2024-04-13,63.0957344480193
2024-04-14 01:34:47.559000,1.2,,14.09,40.830333,Campi Flegrei,38203871,2024,4,2024-04-14,63.0957344480193
2024-04-14 02:25:23.940000,1.2,,14.146,40.829667,Campi Flegrei,38204231,2024,4,2024-04-14,63.0957344480193
2024-04-14 07:41:53.150000,1.5,,14.138667,40.826667,Campi Flegrei,38206461,2024,4,2024-04-14,177.82794100389228
2024-04-14 07:44:24.099000,3.7,,14.137333,40.828167,Campi Flegrei,38206821,2024,4,2024-04-14,354813.389233576
2024-04-14 07:45:12.940000,2.0,,14.129167,40.828667,Campi Flegrei,38207231,2024,4,2024-04-14,1000.0
2024-04-14 07:46:03.970000,2.0,,14.142,40.831833,Campi Flegrei,38207291,2024,4,2024-04-14,1000.0
2024-04-14 07:46:54.339000,1.6,,14.144167,40.833167,Campi Flegrei,38207921,2024,4,2024-04-14,251.18864315095823
2024-04-14 07:46:58.740000,3.1,,14.1365,40.830833,Campi Flegrei,38206811,2024,4,2024-04-14,44668.359215096345
2024-04-14 07:47:20.960000,1.5,,14.135,40.8315,Campi Flegrei,38207861,2024,4,2024-04-14,177.82794100389228
2024-04-14 07:47:47.809000,1.4,,14.136,40.826167,Campi Flegrei,38208051,2024,4,2024-04-14,125.89254117941663
2024-04-14 07:52:40.009000,1.2,,14.131167,40.825167,Campi Flegrei,38210391,2024,4,2024-04-14,63.0957344480193
2024-04-14 07:53:01.720000,1.1,,14.142,40.828833,Campi Flegrei,38210451,2024,4,2024-04-14,44.668359215096324
2024-04-14 07:57:58.049000,2.5,,14.140167,40.824667,Campi Flegrei,38208091,2024,4,2024-04-14,5623.413251903491
2024-04-14 08:01:43.700000,3.0,,14.138167,40.829,Campi Flegrei,38207461,2024,4,2024-04-14,31622.776601683792
2024-04-14 08:03:44.509000,2.1,,14.139333,40.829167,Campi Flegrei,38208251,2024,4,2024-04-14,1412.5375446227554
2024-04-14 08:08:31.279000,2.4,,14.137833,40.8285,Campi Flegrei,38208171,2024,4,2024-04-14,3981.071705534969
2024-04-14 08:15:28.269000,1.3,,14.129833,40.825167,Campi Flegrei,38210341,2024,4,2024-04-14,89.12509381337459
2024-04-14 11:15:33.269000,1.0,,14.138667,40.8275,Campi Flegrei,38210161,2024,4,2024-04-14,31.622776601683793
2024-04-14 11:25:57.170000,1.2,,14.132,40.824333,Campi Flegrei,38210291,2024,4,2024-04-14,63.0957344480193
2024-04-14 11:26:15.099000,1.1,,14.1365,40.8225,Campi Flegrei,38210351,2024,4,2024-04-14,44.668359215096324
2024-04-14 11:32:14.900000,1.9,,14.132333,40.8235,Campi Flegrei,38210491,2024,4,2024-04-14,707.9457843841374
2024-04-14 13:10:37.000000,1.0,,14.140167,40.825667,Campi Flegrei,38211041,2024,4,2024-04-14,31.622776601683793
2024-04-14 15:44:14.460000,1.4,,14.1395,40.8265,Campi Flegrei,38212551,2024,4,2024-04-14,125.89254117941663
2024-04-15 05:10:06.329000,2.0,,14.133667,40.823,Campi Flegrei,38216951,2024,4,2024-04-15,1000.0
2024-04-15 14:54:09.539000,1.4,,14.118,40.839,Campi Flegrei,38226831,2024,4,2024-04-15,125.89254117941663
2024-04-15 21:13:26.250000,1.3,,14.14,40.821667,Campi Flegrei,38232161,2024,4,2024-04-15,89.12509381337459
2024-04-16 01:34:20.470000,1.9,,14.133167,40.822333,Campi Flegrei,38234581,2024,4,2024-04-16,707.9457843841374
2024-04-16 02:11:32.559000,2.3,,14.147333,40.831333,Campi Flegrei,38234861,2024,4,2024-04-16,2818.382931264452
2024-04-16 02:14:26.859000,1.1,,14.140167,40.827167,Campi Flegrei,38234841,2024,4,2024-04-16,44.668359215096324
2024-04-16 02:35:20.700000,1.5,,14.144,40.83,Campi Flegrei,38235071,2024,4,2024-04-16,177.82794100389228
2024-04-16 03:38:05.549000,2.5,,14.151667,40.828667,Campi Flegrei,38235761,2024,4,2024-04-16,5623.413251903491
2024-04-16 06:43:16.640000,1.3,,14.136833,40.821667,Campi Flegrei,38239021,2024,4,2024-04-16,89.12509381337459
2024-04-16 10:17:55.509000,2.3,,14.085,40.824833,Campi Flegrei,38243141,2024,4,2024-04-16,2818.382931264452
2024-04-16 10:18:17.230000,1.3,,14.096667,40.823167,Campi Flegrei,38243221,2024,4,2024-04-16,89.12509381337459
2024-04-16 11:28:14.799000,1.7,,14.086333,40.822,Campi Flegrei,38244751,2024,4,2024-04-16,354.8133892335753
2024-04-17 07:44:50.630000,1.3,,14.130833,40.832833,Campi Flegrei,38258041,2024,4,2024-04-17,89.12509381337459
2024-04-18 02:01:07.279000,1.2,,14.133,40.833167,Campi Flegrei,38265801,2024,4,2024-04-18,63.0957344480193
2024-04-18 10:09:40.519000,1.9,,14.137,40.828833,Campi Flegrei,38269561,2024,4,2024-04-18,707.9457843841374
2024-04-18 21:32:47.470000,1.6,,14.125,40.8345,Campi Flegrei,38274001,2024,4,2024-04-18,251.18864315095823
2024-04-19 10:57:35.519000,1.2,,14.134,40.827833,Campi Flegrei,38280301,2024,4,2024-04-19,63.0957344480193
2024-04-20 14:27:29.450000,1.6,,14.133333,40.824,Campi Flegrei,38294721,2024,4,2024-04-20,251.18864315095823
2024-04-20 15:04:31.069000,2.0,,14.136167,40.8245,Campi Flegrei,38294961,2024,4,2024-04-20,1000.0
2024-04-20 21:30:46.869000,1.1,,14.132,40.826,Campi Flegrei,38297201,2024,4,2024-04-20,44.668359215096324
2024-04-20 21:40:32.519000,1.1,,14.1325,40.826,Campi Flegrei,38297321,2024,4,2024-04-20,44.668359215096324
2024-04-21 02:58:48.460000,1.1,,14.13,40.8345,Campi Flegrei,38298201,2024,4,2024-04-21,44.668359215096324
2024-04-21 06:46:13.140000,2.1,,14.131167,40.824,Campi Flegrei,38299531,2024,4,2024-04-21,1412.5375446227554
2024-04-21 06:46:37.329000,1.2,,14.131,40.825667,Campi Flegrei,38299941,2024,4,2024-04-21,63.0957344480193
2024-04-21 06:46:43.779000,1.8,,14.129667,40.826667,Campi Flegrei,38299521,2024,4,2024-04-21,501.18723362727246
2024-04-21 06:46:52.589000,1.4,,14.131333,40.824833,Campi Flegrei,38300211,2024,4,2024-04-21,125.89254117941663
2024-04-21 07:10:32.730000,1.0,,14.1335,40.824667,Campi Flegrei,38299801,2024,4,2024-04-21,31.622776601683793
2024-04-21 07:12:29.710000,1.2,,14.131667,40.825167,Campi Flegrei,38299501,2024,4,2024-04-21,63.0957344480193
2024-04-21 13:55:48.759000,1.3,,14.1335,40.8315,Campi Flegrei,38303341,2024,4,2024-04-21,89.12509381337459
2024-04-21 13:56:22.980000,1.3,,14.1345,40.833833,Campi Flegrei,38303441,2024,4,2024-04-21,89.12509381337459
2024-04-21 13:58:07.529000,1.1,,14.133,40.833333,Campi Flegrei,38303561,2024,4,2024-04-21,44.668359215096324
2024-04-21 14:36:22.579000,1.3,,14.129333,40.824167,Campi Flegrei,38303921,2024,4,2024-04-21,89.12509381337459
2024-04-21 19:00:43.750000,1.0,,14.128167,40.825833,Campi Flegrei,38305961,2024,4,2024-04-21,31.622776601683793
2024-04-21 19:30:11.539000,1.6,,14.124833,40.8,Campi Flegrei,38306221,2024,4,2024-04-21,251.18864315095823
2024-04-21 20:35:15.019000,1.2,,14.135667,40.833167,Campi Flegrei,38306561,2024,4,2024-04-21,63.0957344480193
2024-04-21 20:35:59.069000,1.6,,14.130833,40.836167,Campi Flegrei,38306571,2024,4,2024-04-21,251.18864315095823
2024-04-22 11:37:51.029000,1.9,,14.125167,40.835833,Campi Flegrei,38314731,2024,4,2024-04-22,707.9457843841374
2024-04-23 01:36:34.369000,1.6,,14.121667,40.8275,Campi Flegrei,38319681,2024,4,2024-04-23,251.18864315095823
2024-04-23 01:36:59.599000,1.3,,14.121833,40.826,Campi Flegrei,38319701,2024,4,2024-04-23,89.12509381337459
2024-04-23 01:40:36.940000,1.2,,14.124833,40.828167,Campi Flegrei,38319691,2024,4,2024-04-23,63.0957344480193
2024-04-23 02:17:43.819000,1.5,,14.1165,40.8265,Campi Flegrei,38319881,2024,4,2024-04-23,177.82794100389228
2024-04-23 02:30:57.990000,1.1,,14.124,40.829333,Campi Flegrei,38319871,2024,4,2024-04-23,44.668359215096324
2024-04-23 02:49:14.630000,1.1,,14.1565,40.820333,Campi Flegrei,38319941,2024,4,2024-04-23,44.668359215096324
2024-04-23 14:07:40.990000,1.6,,14.113,40.828167,Campi Flegrei,38326711,2024,4,2024-04-23,251.18864315095823
2024-04-23 14:12:10.579000,1.0,,14.120167,40.835167,Campi Flegrei,38326951,2024,4,2024-04-23,31.622776601683793
2024-04-24 04:20:23.970000,2.2,,14.104167,40.8075,Campi Flegrei,38333941,2024,4,2024-04-24,1995.262314968881
2024-04-25 04:30:42.380000,1.0,,14.1555,40.810667,Campi Flegrei,38346421,2024,4,2024-04-25,31.622776601683793
2024-04-25 05:15:20.059000,1.3,,14.138167,40.828333,Campi Flegrei,38346931,2024,4,2024-04-25,89.12509381337459
2024-04-25 07:47:31.289000,1.4,,14.138833,40.798667,Campi Flegrei,38347611,2024,4,2024-04-25,125.89254117941663
2024-04-25 10:26:28.329000,1.4,,14.1415,40.829167,Campi Flegrei,38349381,2024,4,2024-04-25,125.89254117941663
2024-04-25 10:50:34.440000,1.2,,14.134833,40.827,Campi Flegrei,38349681,2024,4,2024-04-25,63.0957344480193
2024-04-25 12:44:52.410000,1.4,,14.136333,40.8255,Campi Flegrei,38350691,2024,4,2024-04-25,125.89254117941663
2024-04-25 13:17:31.500000,1.2,,14.141333,40.826833,Campi Flegrei,38350891,2024,4,2024-04-25,63.0957344480193
2024-04-25 14:29:01.210000,1.1,,14.1285,40.832667,Campi Flegrei,38351851,2024,4,2024-04-25,44.668359215096324
2024-04-25 14:29:09.490000,1.4,,14.135167,40.822667,Campi Flegrei,38352011,2024,4,2024-04-25,125.89254117941663
2024-04-26 01:38:05.940000,1.0,,14.145,40.833167,Campi Flegrei,38354841,2024,4,2024-04-26,31.622776601683793
2024-04-26 01:47:42.309000,2.6,,14.147833,40.832833,Campi Flegrei,38354751,2024,4,2024-04-26,7943.282347242822
2024-04-26 01:50:18.539000,1.2,,14.143,40.832833,Campi Flegrei,38354781,2024,4,2024-04-26,63.0957344480193
2024-04-26 18:33:22.680000,1.8,,14.145667,40.806333,Campi Flegrei,38364981,2024,4,2024-04-26,501.18723362727246
2024-04-27 01:23:10.809000,1.3,,14.101833,40.812167,Campi Flegrei,38375341,2024,4,2024-04-27,89.12509381337459
2024-04-27 02:14:54.579000,1.0,,14.148,40.829333,Campi Flegrei,38377741,2024,4,2024-04-27,31.622776601683793
2024-04-27 03:44:56.289000,3.9,,14.094,40.8085,Campi Flegrei,38381891,2024,4,2024-04-27,707945.7843841374
2024-04-27 06:18:50.980000,2.0,,14.141833,40.818,Campi Flegrei,38386651,2024,4,2024-04-27,1000.0
2024-04-27 13:01:48.950000,1.2,,14.141333,40.806667,Campi Flegrei,38395441,2024,4,2024-04-27,63.0957344480193
2024-04-27 14:31:16.000000,1.1,,14.150667,40.824667,Campi Flegrei,38396861,2024,4,2024-04-27,44.668359215096324
2024-04-27 17:11:25.509000,1.0,,14.138167,40.816,Campi Flegrei,38399461,2024,4,2024-04-27,31.622776601683793
2024-04-27 18:54:46.009000,1.0,,14.130167,40.836167,Campi Flegrei,38400541,2024,4,2024-04-27,31.622776601683793
2024-04-27 21:28:44.170000,1.2,,14.143667,40.825333,Campi Flegrei,38401541,2024,4,2024-04-27,63.0957344480193
2024-04-27 21:49:11.089000,1.7,,14.149667,40.824,Campi Flegrei,38401871,2024,4,2024-04-27,354.8133892335753
2024-04-27 21:58:41.339000,1.1,,14.138333,40.826833,Campi Flegrei,38402011,2024,4,2024-04-27,44.668359215096324
2024-04-28 03:50:21.089000,1.0,,14.146833,40.825167,Campi Flegrei,38403391,2024,4,2024-04-28,31.622776601683793
2024-04-28 03:50:28.079000,1.1,,14.149,40.825,Campi Flegrei,38403351,2024,4,2024-04-28,44.668359215096324
2024-04-28 04:54:44.160000,1.7,,14.121833,40.837,Campi Flegrei,38404111,2024,4,2024-04-28,354.8133892335753
2024-04-28 16:33:57.680000,1.1,,14.109167,40.811833,Campi Flegrei,38412621,2024,4,2024-04-28,44.668359215096324
2024-04-29 01:34:54.829000,1.1,,14.089,40.8205,Campi Flegrei,38415381,2024,4,2024-04-29,44.668359215096324
2024-04-29 08:34:47.380000,2.1,,14.115,40.8355,Campi Flegrei,38419591,2024,4,2024-04-29,1412.5375446227554
2024-04-29 08:35:10.930000,1.1,,14.123833,40.822833,Campi Flegrei,38419681,2024,4,2024-04-29,44.668359215096324
2024-04-29 17:44:52.880000,2.2,,14.138,40.821667,Campi Flegrei,38428331,2024,4,2024-04-29,1995.262314968881
2024-04-29 17:45:22.690000,1.6,,14.137333,40.821667,Campi Flegrei,38428551,2024,4,2024-04-29,251.18864315095823
2024-04-29 21:58:36.849000,1.1,,14.133667,40.830667,Campi Flegrei,38429771,2024,4,2024-04-29,44.668359215096324
2024-04-29 21:59:03.789000,1.9,,14.134833,40.832333,Campi Flegrei,38429871,2024,4,2024-04-29,707.9457843841374
2024-04-29 22:06:38.299000,1.1,,14.130667,40.833167,Campi Flegrei,38429821,2024,4,2024-04-29,44.668359215096324
2024-04-29 23:05:05.759000,1.1,,14.120333,40.836,Campi Flegrei,38430161,2024,4,2024-04-29,44.668359215096324
2024-04-30 00:08:37.950000,1.4,,14.1305,40.831,Campi Flegrei,38430521,2024,4,2024-04-30,125.89254117941663
2024-04-30 08:32:02.990000,1.8,,14.113,40.832667,Campi Flegrei,38435131,2024,4,2024-04-30,501.18723362727246
2024-04-30 08:35:43.660000,1.1,,14.112833,40.831,Campi Flegrei,38435121,2024,4,2024-04-30,44.668359215096324
2024-04-30 09:05:27.200000,1.1,,14.1295,40.832833,Campi Flegrei,38435921,2024,4,2024-04-30,44.668359215096324
2024-04-30 09:10:03.950000,1.5,,14.131333,40.832333,Campi Flegrei,38436901,2024,4,2024-04-30,177.82794100389228
2024-04-30 22:11:17.059000,1.7,,14.135,40.823167,Campi Flegrei,38447821,2024,4,2024-04-30,354.8133892335753
2024-04-30 23:23:01.329000,2.4,,14.1075,40.8035,Campi Flegrei,38448291,2024,4,2024-04-30,3981.071705534969
2024-05-01 00:10:08.630000,1.1,,14.1375,40.822167,Campi Flegrei,38448371,2024,5,2024-05-01,44.668359215096324
2024-05-01 00:32:56.240000,1.3,,14.113167,40.808833,Campi Flegrei,38448601,2024,5,2024-05-01,89.12509381337459
2024-05-01 01:56:41.660000,1.2,,14.135333,40.832833,Campi Flegrei,38449141,2024,5,2024-05-01,63.0957344480193
2024-05-02 09:15:00.170000,1.0,,14.155667,40.819167,Campi Flegrei,38465871,2024,5,2024-05-02,31.622776601683793
2024-05-03 00:30:55.119000,1.9,,14.134,40.834833,Campi Flegrei,38476931,2024,5,2024-05-03,707.9457843841374
2024-05-03 12:17:11.000000,1.0,,14.133833,40.826167,Campi Flegrei,38486851,2024,5,2024-05-03,31.622776601683793
2024-05-03 19:13:51.910000,1.7,,14.110333,40.802833,Campi Flegrei,38491701,2024,5,2024-05-03,354.8133892335753
2024-05-04 10:09:41.619000,1.2,,14.136833,40.8325,Campi Flegrei,38497321,2024,5,2024-05-04,63.0957344480193
2024-05-04 16:13:25.799000,1.3,,14.092,40.83,Campi Flegrei,38501501,2024,5,2024-05-04,89.12509381337459
2024-05-06 02:05:47.029000,1.4,,14.144167,40.819,Campi Flegrei,38514861,2024,5,2024-05-06,125.89254117941663
2024-05-06 14:21:31.069000,1.6,,14.143,40.820333,Campi Flegrei,38521821,2024,5,2024-05-06,251.18864315095823
2024-05-06 20:38:25.660000,1.3,,14.100333,40.813167,Campi Flegrei,38524301,2024,5,2024-05-06,89.12509381337459
2024-05-06 22:18:06.890000,1.0,,14.141833,40.823333,Campi Flegrei,38524461,2024,5,2024-05-06,31.622776601683793
2024-05-06 23:38:57.720000,1.1,,14.138333,40.823,Campi Flegrei,38525061,2024,5,2024-05-06,44.668359215096324
2024-05-07 00:54:20.299000,2.3,,14.149,40.818833,Campi Flegrei,38525461,2024,5,2024-05-07,2818.382931264452
2024-05-07 01:08:24.160000,1.5,,14.142833,40.824333,Campi Flegrei,38525481,2024,5,2024-05-07,177.82794100389228
2024-05-07 01:47:54.559000,3.2,,14.145,40.826,Campi Flegrei,38525651,2024,5,2024-05-07,63095.73444801943
2024-05-07 01:59:09.490000,1.4,,14.152333,40.825833,Campi Flegrei,38526041,2024,5,2024-05-07,125.89254117941663
2024-05-07 02:28:48.700000,1.0,,14.148333,40.826333,Campi Flegrei,38526111,2024,5,2024-05-07,31.622776601683793
2024-05-07 03:53:22.359000,2.9,,14.144167,40.827,Campi Flegrei,38526731,2024,5,2024-05-07,22387.21138568338
2024-05-07 03:57:53.869000,2.1,,14.142,40.8235,Campi Flegrei,38526791,2024,5,2024-05-07,1412.5375446227554
2024-05-07 04:44:36.559000,1.9,,14.15,40.826,Campi Flegrei,38528041,2024,5,2024-05-07,707.9457843841374
2024-05-07 04:44:41.170000,2.0,,14.152333,40.8235,Campi Flegrei,38809751,2024,5,2024-05-07,1000.0
2024-05-07 04:46:48.049000,2.2,,14.149,40.825167,Campi Flegrei,38528221,2024,5,2024-05-07,1995.262314968881
2024-05-07 04:53:11.119000,1.7,,14.147,40.8265,Campi Flegrei,38527911,2024,5,2024-05-07,354.8133892335753
2024-05-07 09:01:43.119000,1.0,,14.136667,40.822167,Campi Flegrei,38530931,2024,5,2024-05-07,31.622776601683793
2024-05-07 17:37:25.089000,2.8,,14.1415,40.827833,Campi Flegrei,38537891,2024,5,2024-05-07,15848.931924611108
2024-05-08 03:47:47.690000,1.7,,14.1265,40.833167,Campi Flegrei,38540491,2024,5,2024-05-08,354.8133892335753
2024-05-08 05:29:10.440000,2.6,,14.13,40.8325,Campi Flegrei,38541331,2024,5,2024-05-08,7943.282347242822
2024-05-09 12:19:29.880000,1.3,,14.096,40.837833,Campi Flegrei,38560671,2024,5,2024-05-09,89.12509381337459
2024-05-10 08:11:03.890000,1.5,,14.154667,40.829833,Campi Flegrei,38575391,2024,5,2024-05-10,177.82794100389228
2024-05-10 09:01:33.539000,1.4,,14.117667,40.7985,Campi Flegrei,38575961,2024,5,2024-05-10,125.89254117941663
2024-05-10 10:31:43.470000,1.5,,14.117167,40.8015,Campi Flegrei,38578121,2024,5,2024-05-10,177.82794100389228
2024-05-10 11:25:52.089000,3.7,,14.1035,40.811333,Campi Flegrei,38580291,2024,5,2024-05-10,354813.389233576
2024-05-10 11:26:10.319000,3.6,,14.1145,40.811,Campi Flegrei,38580361,2024,5,2024-05-10,251188.6431509582
2024-05-10 11:29:04.440000,1.2,,14.113333,40.807333,Campi Flegrei,38580431,2024,5,2024-05-10,63.0957344480193
2024-05-10 11:34:36.579000,1.1,,14.115667,40.802833,Campi Flegrei,42003371,2024,5,2024-05-10,44.668359215096324
2024-05-10 19:31:11.779000,1.0,,14.138167,40.811167,Campi Flegrei,38586271,2024,5,2024-05-10,31.622776601683793
2024-05-10 20:49:12.859000,1.1,,14.1035,40.807167,Campi Flegrei,38586931,2024,5,2024-05-10,44.668359215096324
2024-05-11 23:47:51.210000,1.2,,14.127,40.822833,Campi Flegrei,38602741,2024,5,2024-05-11,63.0957344480193
2024-05-12 06:38:59.180000,1.7,,14.122,40.8015,Campi Flegrei,38604931,2024,5,2024-05-12,354.8133892335753
2024-05-12 07:22:48.029000,1.2,,14.137333,40.8255,Campi Flegrei,38605591,2024,5,2024-05-12,63.0957344480193
2024-05-12 07:26:34.180000,1.3,,14.134833,40.823167,Campi Flegrei,38605631,2024,5,2024-05-12,89.12509381337459
2024-05-12 10:43:39.019000,1.5,,14.127167,40.8275,Campi Flegrei,38608591,2024,5,2024-05-12,177.82794100389228
2024-05-12 11:03:34.849000,1.0,,14.127833,40.829,Campi Flegrei,38608661,2024,5,2024-05-12,31.622776601683793
2024-05-12 14:04:12.329000,1.2,,14.107833,40.8075,Campi Flegrei,38611081,2024,5,2024-05-12,63.0957344480193
2024-05-12 15:41:49.130000,1.6,,14.144,40.825,Campi Flegrei,38612661,2024,5,2024-05-12,251.18864315095823
2024-05-12 22:30:32.099000,1.4,,14.136667,40.824167,Campi Flegrei,38616031,2024,5,2024-05-12,125.89254117941663
2024-05-13 01:30:20.750000,2.9,,14.092,40.832333,Campi Flegrei,38617181,2024,5,2024-05-13,22387.21138568338
2024-05-13 01:48:07.930000,1.2,,14.097167,40.827667,Campi Flegrei,42003381,2024,5,2024-05-13,63.0957344480193
2024-05-13 01:52:11.079000,1.4,,14.084,40.830167,Campi Flegrei,38617261,2024,5,2024-05-13,125.89254117941663
2024-05-13 11:44:43.559000,1.3,,14.129333,40.833167,Campi Flegrei,38623671,2024,5,2024-05-13,89.12509381337459
2024-05-13 20:49:58.500000,2.3,,14.140167,40.8315,Campi Flegrei,38630861,2024,5,2024-05-13,2818.382931264452
2024-05-13 21:02:59.250000,1.5,,14.138667,40.829333,Campi Flegrei,38631011,2024,5,2024-05-13,177.82794100389228
2024-05-13 21:20:41.109000,1.1,,14.121833,40.797667,Campi Flegrei,38631191,2024,5,2024-05-13,44.668359215096324
2024-05-13 22:40:56.430000,1.1,,14.081,40.822667,Campi Flegrei,38631401,2024,5,2024-05-13,44.668359215096324
2024-05-16 09:08:22.809000,1.0,,14.140167,40.8325,Campi Flegrei,38670401,2024,5,2024-05-16,31.622776601683793
2024-05-16 09:32:42.450000,1.3,,14.144667,40.836833,Campi Flegrei,38670931,2024,5,2024-05-16,89.12509381337459
2024-05-16 10:09:38.579000,1.1,,14.140167,40.830667,Campi Flegrei,38671681,2024,5,2024-05-16,44.668359215096324
2024-05-16 10:21:06.339000,1.0,,14.129333,40.825333,Campi Flegrei,38671801,2024,5,2024-05-16,31.622776601683793
2024-05-16 16:24:06.890000,1.2,,14.1445,40.8295,Campi Flegrei,38678201,2024,5,2024-05-16,63.0957344480193
2024-05-18 02:31:23.559000,1.2,,14.112333,40.831333,Campi Flegrei,42003391,2024,5,2024-05-18,63.0957344480193
2024-05-18 04:06:04.579000,2.2,,14.158833,40.820333,Campi Flegrei,38702341,2024,5,2024-05-18,1995.262314968881
2024-05-18 04:30:55.200000,2.8,,14.143333,40.835333,Campi Flegrei,38702971,2024,5,2024-05-18,15848.931924611108
2024-05-18 05:13:05.279000,1.1,,14.137833,40.830167,Campi Flegrei,38703741,2024,5,2024-05-18,44.668359215096324
2024-05-18 13:54:53.150000,1.1,,14.0975,40.8145,Campi Flegrei,38715061,2024,5,2024-05-18,44.668359215096324
2024-05-20 01:56:02.680000,2.4,,14.133,40.824667,Campi Flegrei,38743381,2024,5,2024-05-20,3981.071705534969
2024-05-20 01:56:55.390000,1.3,,14.130833,40.823667,Campi Flegrei,38741021,2024,5,2024-05-20,89.12509381337459
2024-05-20 01:58:05.700000,2.0,,14.134,40.8245,Campi Flegrei,38740911,2024,5,2024-05-20,1000.0
2024-05-20 02:01:37.829000,1.1,,14.132333,40.824167,Campi Flegrei,38740931,2024,5,2024-05-20,44.668359215096324
2024-05-20 02:14:29.690000,2.2,,14.133,40.8245,Campi Flegrei,38741191,2024,5,2024-05-20,1995.262314968881
2024-05-20 03:14:15.369000,1.3,,14.131667,40.824,Campi Flegrei,38743181,2024,5,2024-05-20,89.12509381337459
2024-05-20 06:50:23.630000,2.2,,14.151333,40.824833,Campi Flegrei,38745401,2024,5,2024-05-20,1995.262314968881
2024-05-20 17:29:29.829000,1.2,,14.141333,40.828333,Campi Flegrei,38758361,2024,5,2024-05-20,63.0957344480193
2024-05-20 17:51:14.940000,3.5,,14.128833,40.838667,Campi Flegrei,38759411,2024,5,2024-05-20,177827.94100389228
2024-05-20 17:56:44.529000,1.1,,14.124167,40.833833,Campi Flegrei,38760371,2024,5,2024-05-20,44.668359215096324
2024-05-20 18:09:37.869000,1.5,,14.134667,40.825833,Campi Flegrei,38760291,2024,5,2024-05-20,177.82794100389228
2024-05-20 18:10:03.549000,4.4,,14.1375,40.827333,Campi Flegrei,38759141,2024,5,2024-05-20,3981071.7055349774
2024-05-20 18:12:23.839000,1.0,,14.142833,40.8335,Campi Flegrei,38760241,2024,5,2024-05-20,31.622776601683793
2024-05-20 18:16:58.829000,1.4,,14.144667,40.826,Campi Flegrei,38760571,2024,5,2024-05-20,125.89254117941663
2024-05-20 18:37:28.119000,1.6,,14.147667,40.827,Campi Flegrei,38760721,2024,5,2024-05-20,251.18864315095823
2024-05-20 19:03:48.039000,1.0,,14.1405,40.824667,Campi Flegrei,38761001,2024,5,2024-05-20,31.622776601683793
2024-05-20 19:31:03.309000,2.4,,14.130667,40.824833,Campi Flegrei,38763401,2024,5,2024-05-20,3981.071705534969
2024-05-20 19:46:14.190000,3.9,,14.136167,40.829667,Campi Flegrei,38762031,2024,5,2024-05-20,707945.7843841374
2024-05-20 19:50:05.240000,1.1,,14.144833,40.827667,Campi Flegrei,42003601,2024,5,2024-05-20,44.668359215096324
2024-05-20 19:50:41.119000,1.2,,14.1485,40.830167,Campi Flegrei,42003611,2024,5,2024-05-20,63.0957344480193
2024-05-20 19:53:13.140000,1.3,,14.127333,40.8245,Campi Flegrei,38763751,2024,5,2024-05-20,89.12509381337459
2024-05-20 19:55:37.839000,3.1,,14.125667,40.822833,Campi Flegrei,38762741,2024,5,2024-05-20,44668.359215096345
2024-05-20 19:56:54.589000,1.1,,14.145333,40.831333,Campi Flegrei,39011031,2024,5,2024-05-20,44.668359215096324
2024-05-20 20:03:55.539000,2.1,,14.131,40.823667,Campi Flegrei,38763921,2024,5,2024-05-20,1412.5375446227554
2024-05-20 20:06:27.299000,1.3,,14.145333,40.8295,Campi Flegrei,38763841,2024,5,2024-05-20,89.12509381337459
2024-05-20 20:07:26.880000,1.0,,14.13,40.823833,Campi Flegrei,38764681,2024,5,2024-05-20,31.622776601683793
2024-05-20 20:09:55.019000,1.1,,14.132667,40.824,Campi Flegrei,38764721,2024,5,2024-05-20,44.668359215096324
2024-05-20 20:25:29.809000,1.8,,14.136333,40.821333,Campi Flegrei,38764431,2024,5,2024-05-20,501.18723362727246
2024-05-20 20:31:04.910000,1.3,,14.137333,40.821333,Campi Flegrei,38765121,2024,5,2024-05-20,89.12509381337459
2024-05-20 20:47:01.650000,1.1,,14.118667,40.822833,Campi Flegrei,38765061,2024,5,2024-05-20,44.668359215096324
2024-05-20 20:47:42.450000,1.0,,14.117833,40.823667,Campi Flegrei,38765201,2024,5,2024-05-20,31.622776601683793
2024-05-20 21:00:55.170000,3.6,,14.124333,40.822667,Campi Flegrei,38764921,2024,5,2024-05-20,251188.6431509582
2024-05-20 21:09:07.319000,1.1,,14.121833,40.819,Campi Flegrei,38766681,2024,5,2024-05-20,44.668359215096324
2024-05-20 21:09:38.359000,1.1,,14.122,40.820167,Campi Flegrei,38766181,2024,5,2024-05-20,44.668359215096324
2024-05-20 21:21:03.319000,1.0,,14.120333,40.822,Campi Flegrei,38767071,2024,5,2024-05-20,31.622776601683793
2024-05-20 21:22:17.819000,1.5,,14.132167,40.822333,Campi Flegrei,38767081,2024,5,2024-05-20,177.82794100389228
2024-05-20 21:22:39.759000,1.1,,14.119333,40.821667,Campi Flegrei,38766981,2024,5,2024-05-20,44.668359215096324
2024-05-20 21:23:50.420000,1.2,,14.136333,40.821167,Campi Flegrei,38766911,2024,5,2024-05-20,63.0957344480193
2024-05-20 21:53:29.069000,1.2,,14.130333,40.824333,Campi Flegrei,38767541,2024,5,2024-05-20,63.0957344480193
2024-05-20 22:19:57.980000,2.0,,14.131667,40.823667,Campi Flegrei,38767521,2024,5,2024-05-20,1000.0
2024-05-20 22:22:13.650000,1.0,,14.120333,40.822833,Campi Flegrei,38767581,2024,5,2024-05-20,31.622776601683793
2024-05-20 22:55:54.160000,2.8,,14.144333,40.818167,Campi Flegrei,38768361,2024,5,2024-05-20,15848.931924611108
2024-05-20 23:11:35.819000,1.2,,14.141,40.818667,Campi Flegrei,38768341,2024,5,2024-05-20,63.0957344480193
2024-05-20 23:28:38.039000,1.2,,14.142,40.82,Campi Flegrei,38769851,2024,5,2024-05-20,63.0957344480193
2024-05-20 23:31:52.410000,1.7,,14.143,40.82,Campi Flegrei,38769921,2024,5,2024-05-20,354.8133892335753
2024-05-21 00:01:12.400000,1.1,,14.1415,40.818833,Campi Flegrei,38769791,2024,5,2024-05-21,44.668359215096324
2024-05-21 00:29:31.650000,1.3,,14.111833,40.8345,Campi Flegrei,38771001,2024,5,2024-05-21,89.12509381337459
2024-05-21 01:05:15.529000,1.0,,14.132833,40.819667,Campi Flegrei,38771511,2024,5,2024-05-21,31.622776601683793
2024-05-21 01:48:07.150000,1.0,,14.134833,40.822833,Campi Flegrei,38772081,2024,5,2024-05-21,31.622776601683793
2024-05-21 01:48:36.279000,1.4,,14.110333,40.836,Campi Flegrei,38772231,2024,5,2024-05-21,125.89254117941663
2024-05-21 02:12:30.589000,1.2,,14.135333,40.830167,Campi Flegrei,38774081,2024,5,2024-05-21,63.0957344480193
2024-05-21 03:29:09.920000,1.0,,14.132833,40.820333,Campi Flegrei,38774031,2024,5,2024-05-21,31.622776601683793
2024-05-21 06:00:33.650000,1.3,,14.154167,40.827167,Campi Flegrei,38776751,2024,5,2024-05-21,89.12509381337459
2024-05-21 08:49:03.980000,1.6,,14.128667,40.822833,Campi Flegrei,38780991,2024,5,2024-05-21,251.18864315095823
2024-05-21 16:27:59.869000,1.0,,14.138333,40.824667,Campi Flegrei,38791111,2024,5,2024-05-21,31.622776601683793
2024-05-21 16:28:27.700000,1.2,,14.1425,40.827333,Campi Flegrei,38790831,2024,5,2024-05-21,63.0957344480193
2024-05-21 16:29:40.269000,1.6,,14.138833,40.829333,Campi Flegrei,38791071,2024,5,2024-05-21,251.18864315095823
2024-05-21 16:31:52.519000,1.4,,14.1375,40.8275,Campi Flegrei,38790861,2024,5,2024-05-21,125.89254117941663
2024-05-21 20:48:22.960000,1.1,,14.097833,40.808167,Campi Flegrei,38793771,2024,5,2024-05-21,44.668359215096324
2024-05-22 06:28:00.380000,3.6,,14.107667,40.8085,Campi Flegrei,38797691,2024,5,2024-05-22,251188.6431509582
2024-05-22 23:07:27.390000,1.2,,14.151167,40.838333,Campi Flegrei,38815421,2024,5,2024-05-22,63.0957344480193
2024-05-23 23:44:27.109000,1.9,,14.083667,40.83,Campi Flegrei,38830541,2024,5,2024-05-23,707.9457843841374
2024-05-23 23:46:18.700000,1.1,,14.0935,40.829,Campi Flegrei,38830561,2024,5,2024-05-23,44.668359215096324
2024-05-25 01:00:33.890000,1.3,,14.140167,40.826167,Campi Flegrei,38849221,2024,5,2024-05-25,89.12509381337459
2024-05-25 01:03:23.859000,2.7,,14.140167,40.8295,Campi Flegrei,38849211,2024,5,2024-05-25,11220.184543019654
2024-05-25 01:09:39.359000,1.7,,14.139333,40.825167,Campi Flegrei,38849231,2024,5,2024-05-25,354.8133892335753
2024-05-25 01:24:31.019000,1.1,,14.140167,40.827167,Campi Flegrei,38849341,2024,5,2024-05-25,44.668359215096324
2024-05-25 02:08:40.690000,1.5,,14.140167,40.8275,Campi Flegrei,38849521,2024,5,2024-05-25,177.82794100389228
2024-05-25 02:32:53.579000,1.6,,14.136167,40.827167,Campi Flegrei,38849711,2024,5,2024-05-25,251.18864315095823
2024-05-26 22:53:17.930000,1.2,,14.151333,40.826333,Campi Flegrei,38883781,2024,5,2024-05-26,63.0957344480193
2024-05-27 12:06:22.480000,1.7,,14.1555,40.811667,Campi Flegrei,38893751,2024,5,2024-05-27,354.8133892335753
2024-05-27 23:06:39.420000,1.1,,14.149,40.824333,Campi Flegrei,38900951,2024,5,2024-05-27,44.668359215096324
2024-05-29 01:58:56.569000,1.7,,14.151167,40.8365,Campi Flegrei,38920881,2024,5,2024-05-29,354.8133892335753
2024-05-29 01:58:56.690000,1.7,,14.147333,40.834833,Campi Flegrei,42008401,2024,5,2024-05-29,354.8133892335753
2024-05-29 06:12:53.299000,1.0,,14.140167,40.8255,Campi Flegrei,38923381,2024,5,2024-05-29,31.622776601683793
2024-05-30 03:36:19.920000,1.7,,14.105833,40.805833,Campi Flegrei,38942491,2024,5,2024-05-30,354.8133892335753
2024-05-31 07:19:05.660000,1.5,,14.146,40.831667,Campi Flegrei,38963301,2024,5,2024-05-31,177.82794100389228
2024-05-31 09:47:27.460000,1.2,,14.140833,40.837667,Campi Flegrei,38966381,2024,5,2024-05-31,63.0957344480193
2024-06-01 06:31:01.799000,1.1,,14.141833,40.827667,Campi Flegrei,38981861,2024,6,2024-06-01,44.668359215096324
2024-06-02 09:10:03.029000,1.3,,14.090833,40.815,Campi Flegrei,39003791,2024,6,2024-06-02,89.12509381337459
2024-06-03 21:48:12.910000,1.2,,14.139333,40.829667,Campi Flegrei,39027951,2024,6,2024-06-03,63.0957344480193
2024-06-04 05:23:28.150000,1.9,,14.147833,40.831333,Campi Flegrei,39030001,2024,6,2024-06-04,707.9457843841374
2024-06-04 18:12:23.029000,1.2,,14.107833,40.828167,Campi Flegrei,39040161,2024,6,2024-06-04,63.0957344480193
2024-06-05 01:03:14.569000,1.1,,14.1505,40.833167,Campi Flegrei,39042941,2024,6,2024-06-05,44.668359215096324
2024-06-05 04:43:48.079000,1.0,,14.143667,40.831333,Campi Flegrei,39044571,2024,6,2024-06-05,31.622776601683793
2024-06-05 15:13:32.240000,1.0,,14.139333,40.825,Campi Flegrei,39054711,2024,6,2024-06-05,31.622776601683793
2024-06-06 18:59:45.210000,1.2,,14.144167,40.827333,Campi Flegrei,39072461,2024,6,2024-06-06,63.0957344480193
2024-06-08 01:52:04.829000,3.5,,14.144,40.829833,Campi Flegrei,39088961,2024,6,2024-06-08,177827.94100389228
2024-06-08 01:52:21.670000,3.0,,14.144167,40.8295,Campi Flegrei,39089291,2024,6,2024-06-08,31622.776601683792
2024-06-08 02:09:03.579000,3.7,,14.149,40.830667,Campi Flegrei,39089101,2024,6,2024-06-08,354813.389233576
2024-06-08 02:10:16.279000,2.7,,14.146667,40.828667,Campi Flegrei,39089421,2024,6,2024-06-08,11220.184543019654
2024-06-08 02:10:58.630000,2.1,,14.151667,40.828833,Campi Flegrei,39089901,2024,6,2024-06-08,1412.5375446227554
2024-06-08 02:13:56.500000,1.1,,14.143667,40.825333,Campi Flegrei,39089501,2024,6,2024-06-08,44.668359215096324
2024-06-08 02:17:44.029000,2.0,,14.146,40.830333,Campi Flegrei,39089541,2024,6,2024-06-08,1000.0
2024-06-08 02:31:41.869000,1.3,,14.139,40.8255,Campi Flegrei,39089511,2024,6,2024-06-08,89.12509381337459
2024-06-08 02:33:55.720000,1.1,,14.142167,40.826667,Campi Flegrei,39089531,2024,6,2024-06-08,44.668359215096324
2024-06-08 16:42:22.190000,1.1,,14.156833,40.826333,Campi Flegrei,39100231,2024,6,2024-06-08,44.668359215096324
2024-06-09 07:51:38.720000,1.1,,14.1275,40.835,Campi Flegrei,39107221,2024,6,2024-06-09,44.668359215096324
2024-06-09 09:08:23.000000,1.2,,14.120333,40.830667,Campi Flegrei,39110301,2024,6,2024-06-09,63.0957344480193
2024-06-09 13:52:59.440000,1.3,,14.1255,40.799667,Campi Flegrei,42008421,2024,6,2024-06-09,89.12509381337459
2024-06-11 05:34:10.410000,1.2,,14.154667,40.820333,Campi Flegrei,39140981,2024,6,2024-06-11,63.0957344480193
2024-06-12 01:04:58.809000,1.0,,14.097667,40.828333,Campi Flegrei,39154081,2024,6,2024-06-12,31.622776601683793
2024-06-14 02:20:43.210000,1.4,,14.123,40.836,Campi Flegrei,39189881,2024,6,2024-06-14,125.89254117941663
2024-06-14 21:23:22.720000,1.4,,14.124,40.815333,Campi Flegrei,39204031,2024,6,2024-06-14,125.89254117941663
2024-06-14 23:25:09.710000,1.0,,14.138833,40.831333,Campi Flegrei,42008431,2024,6,2024-06-14,31.622776601683793
2024-06-15 22:58:57.029000,1.1,,14.141,40.8265,Campi Flegrei,39223201,2024,6,2024-06-15,44.668359215096324
2024-06-16 17:49:44.230000,1.1,,14.135,40.842,Campi Flegrei,39236931,2024,6,2024-06-16,44.668359215096324
2024-06-16 17:50:09.740000,1.3,,14.132333,40.841333,Campi Flegrei,39236871,2024,6,2024-06-16,89.12509381337459
2024-06-16 23:35:09.329000,1.4,,14.144833,40.825167,Campi Flegrei,39239661,2024,6,2024-06-16,125.89254117941663
2024-06-16 23:35:11.890000,1.5,,14.148333,40.825333,Campi Flegrei,39239631,2024,6,2024-06-16,177.82794100389228
2024-06-16 23:41:27.650000,1.3,,14.144,40.826333,Campi Flegrei,39239701,2024,6,2024-06-16,89.12509381337459
2024-06-16 23:41:38.529000,1.1,,14.145667,40.825333,Campi Flegrei,39239711,2024,6,2024-06-16,44.668359215096324
2024-06-17 09:07:36.049000,1.1,,14.128,40.834833,Campi Flegrei,39243911,2024,6,2024-06-17,44.668359215096324
2024-06-17 17:29:13.079000,1.3,,14.102833,40.807333,Campi Flegrei,39251041,2024,6,2024-06-17,89.12509381337459
2024-06-17 19:30:49.039000,1.9,,14.107,40.816333,Campi Flegrei,39252281,2024,6,2024-06-17,707.9457843841374
2024-06-18 01:58:24.410000,3.4,,14.084333,40.832,Campi Flegrei,39254101,2024,6,2024-06-18,125892.54117941661
2024-06-20 07:30:19.950000,1.3,,14.113,40.810667,Campi Flegrei,39385291,2024,6,2024-06-20,89.12509381337459
2024-06-21 16:54:09.470000,1.5,,14.123333,40.806667,Campi Flegrei,39399121,2024,6,2024-06-21,177.82794100389228
2024-06-21 17:57:01.390000,1.0,,14.124167,40.807667,Campi Flegrei,39399691,2024,6,2024-06-21,31.622776601683793
2024-06-22 02:15:06.680000,1.0,,14.135,40.820333,Campi Flegrei,39402251,2024,6,2024-06-22,31.622776601683793
2024-06-24 00:34:39.119000,1.3,,14.1255,40.801333,Campi Flegrei,39416351,2024,6,2024-06-24,89.12509381337459
2024-06-24 03:03:34.170000,1.3,,14.135833,40.8235,Campi Flegrei,39417761,2024,6,2024-06-24,89.12509381337459
2024-06-24 03:13:36.450000,1.6,,14.135667,40.8295,Campi Flegrei,39417081,2024,6,2024-06-24,251.18864315095823
2024-06-24 03:22:46.529000,1.1,,14.139167,40.827,Campi Flegrei,39417171,2024,6,2024-06-24,44.668359215096324
2024-06-24 03:32:38.420000,1.5,,14.1355,40.826167,Campi Flegrei,39417161,2024,6,2024-06-24,177.82794100389228
2024-06-24 04:15:35.960000,2.0,,14.136667,40.828167,Campi Flegrei,39417741,2024,6,2024-06-24,1000.0
2024-06-24 22:35:33.400000,1.1,,14.122667,40.806167,Campi Flegrei,39429191,2024,6,2024-06-24,44.668359215096324
2024-06-27 20:30:36.630000,1.7,,14.143,40.830667,Campi Flegrei,39463331,2024,6,2024-06-27,354.8133892335753
2024-06-28 00:37:29.099000,1.2,,14.099,40.831333,Campi Flegrei,39464171,2024,6,2024-06-28,63.0957344480193
2024-06-29 14:20:12.569000,1.4,,14.140833,40.825167,Campi Flegrei,39480601,2024,6,2024-06-29,125.89254117941663
2024-07-01 13:15:24.640000,1.0,,14.126,40.821333,Campi Flegrei,39504691,2024,7,2024-07-01,31.622776601683793
2024-07-01 13:39:37.539000,1.0,,14.126167,40.820667,Campi Flegrei,39505201,2024,7,2024-07-01,31.622776601683793
2024-07-01 21:44:06.220000,1.3,,14.126,40.804833,Campi Flegrei,39510101,2024,7,2024-07-01,89.12509381337459
2024-07-01 23:27:50.869000,1.8,,14.107833,40.809,Campi Flegrei,39510491,2024,7,2024-07-01,501.18723362727246
2024-07-02 06:21:06.859000,1.2,,14.153,40.815833,Campi Flegrei,39513711,2024,7,2024-07-02,63.0957344480193
2024-07-02 13:10:14.789000,2.9,,14.1555,40.815,Campi Flegrei,39520601,2024,7,2024-07-02,22387.21138568338
2024-07-02 13:11:34.200000,2.7,,14.155667,40.813333,Campi Flegrei,39520571,2024,7,2024-07-02,11220.184543019654
2024-07-02 13:13:45.759000,2.8,,14.158,40.8135,Campi Flegrei,39520741,2024,7,2024-07-02,15848.931924611108
2024-07-02 13:14:02.259000,2.5,,14.154,40.811667,Campi Flegrei,39520811,2024,7,2024-07-02,5623.413251903491
2024-07-02 18:10:23.900000,1.2,,14.140167,40.825,Campi Flegrei,39524381,2024,7,2024-07-02,63.0957344480193
2024-07-02 21:01:49.700000,1.3,,14.152167,40.813333,Campi Flegrei,39525721,2024,7,2024-07-02,89.12509381337459
2024-07-03 00:17:43.779000,1.0,,14.156333,40.8175,Campi Flegrei,39527031,2024,7,2024-07-03,31.622776601683793
2024-07-03 00:18:44.369000,3.2,,14.153167,40.820333,Campi Flegrei,39526921,2024,7,2024-07-03,63095.73444801943
2024-07-03 01:53:57.569000,1.2,,14.153,40.811667,Campi Flegrei,39527271,2024,7,2024-07-03,63.0957344480193
2024-07-04 00:03:46.609000,1.0,,14.1545,40.814667,Campi Flegrei,39542861,2024,7,2024-07-04,31.622776601683793
2024-07-04 04:09:01.710000,1.1,,14.120333,40.825833,Campi Flegrei,39544121,2024,7,2024-07-04,44.668359215096324
2024-07-07 13:02:41.420000,1.2,,14.124833,40.839167,Campi Flegrei,39598401,2024,7,2024-07-07,63.0957344480193
2024-07-07 17:07:52.819000,2.0,,14.143,40.821333,Campi Flegrei,39602021,2024,7,2024-07-07,1000.0
2024-07-07 19:14:03.619000,1.1,,14.144667,40.820333,Campi Flegrei,39603111,2024,7,2024-07-07,44.668359215096324
2024-07-08 05:59:34.740000,1.1,,14.140333,40.821,Campi Flegrei,39606581,2024,7,2024-07-08,44.668359215096324
2024-07-09 03:00:12.210000,1.0,,14.138333,40.825333,Campi Flegrei,39621411,2024,7,2024-07-09,31.622776601683793
2024-07-09 03:00:46.910000,1.1,,14.138167,40.824833,Campi Flegrei,39621431,2024,7,2024-07-09,44.668359215096324
2024-07-10 02:00:18.609000,1.0,,14.130167,40.835833,Campi Flegrei,39637791,2024,7,2024-07-10,31.622776601683793
2024-07-10 18:50:01.170000,1.2,,14.132833,40.836833,Campi Flegrei,39650611,2024,7,2024-07-10,63.0957344480193
2024-07-11 02:21:45.609000,1.3,,14.120333,40.809,Campi Flegrei,39653231,2024,7,2024-07-11,89.12509381337459
2024-07-11 09:59:20.049000,2.6,,14.144833,40.835667,Campi Flegrei,39660611,2024,7,2024-07-11,7943.282347242822
2024-07-12 04:23:49.990000,1.0,,14.145,40.834333,Campi Flegrei,39671251,2024,7,2024-07-12,31.622776601683793
2024-07-12 04:25:01.769000,1.8,,14.148,40.836667,Campi Flegrei,39671321,2024,7,2024-07-12,501.18723362727246
2024-07-12 04:25:18.180000,1.9,,14.142,40.833333,Campi Flegrei,39671661,2024,7,2024-07-12,707.9457843841374
2024-07-12 04:26:46.569000,1.1,,14.144167,40.834,Campi Flegrei,39671591,2024,7,2024-07-12,44.668359215096324
2024-07-15 01:46:30.059000,1.1,,14.089167,40.816333,Campi Flegrei,42008461,2024,7,2024-07-15,44.668359215096324
2024-07-15 05:10:02.480000,1.3,,14.139,40.842,Campi Flegrei,39722061,2024,7,2024-07-15,89.12509381337459
2024-07-15 05:14:17.299000,1.5,,14.134333,40.838667,Campi Flegrei,39722121,2024,7,2024-07-15,177.82794100389228
2024-07-18 06:08:37.640000,3.6,,14.150667,40.831,Campi Flegrei,39774731,2024,7,2024-07-18,251188.6431509582
2024-07-18 06:26:42.640000,1.7,,14.149667,40.832667,Campi Flegrei,39775011,2024,7,2024-07-18,354.8133892335753
2024-07-18 06:50:08.470000,1.2,,14.148333,40.829333,Campi Flegrei,39777551,2024,7,2024-07-18,63.0957344480193
2024-07-18 12:26:05.849000,1.0,,14.142167,40.825,Campi Flegrei,39780461,2024,7,2024-07-18,31.622776601683793
2024-07-18 15:13:55.180000,1.7,,14.148667,40.829333,Campi Flegrei,39783501,2024,7,2024-07-18,354.8133892335753
2024-07-19 21:04:45.220000,1.1,,14.1185,40.811667,Campi Flegrei,39799791,2024,7,2024-07-19,44.668359215096324
2024-07-22 22:07:01.750000,1.3,,14.120167,40.838167,Campi Flegrei,39827171,2024,7,2024-07-22,89.12509381337459
2024-07-23 11:00:38.930000,1.2,,14.111333,40.794667,Campi Flegrei,39831111,2024,7,2024-07-23,63.0957344480193
2024-07-23 20:38:59.759000,1.2,,14.143,40.830333,Campi Flegrei,39835411,2024,7,2024-07-23,63.0957344480193
2024-07-26 11:44:23.420000,1.0,,14.098833,40.805167,Campi Flegrei,39858951,2024,7,2024-07-26,31.622776601683793
2024-07-26 11:46:21.119000,4.0,,14.098333,40.805667,Campi Flegrei,39858701,2024,7,2024-07-26,1000000.0
2024-07-26 11:56:07.170000,1.7,,14.118833,40.7995,Campi Flegrei,39859011,2024,7,2024-07-26,354.8133892335753
2024-07-26 12:21:58.019000,1.0,,14.114833,40.798833,Campi Flegrei,39859121,2024,7,2024-07-26,31.622776601683793
2024-07-26 14:15:22.269000,2.1,,14.118667,40.8425,Campi Flegrei,39860011,2024,7,2024-07-26,1412.5375446227554
2024-07-27 13:46:22.599000,1.0,,14.089167,40.818167,Campi Flegrei,39869051,2024,7,2024-07-27,31.622776601683793
2024-07-28 05:37:09.990000,1.0,,14.131167,40.8345,Campi Flegrei,39873811,2024,7,2024-07-28,31.622776601683793
2024-07-28 13:24:23.380000,1.4,,14.145833,40.830167,Campi Flegrei,39877641,2024,7,2024-07-28,125.89254117941663
2024-07-28 17:36:20.910000,1.1,,14.147333,40.825667,Campi Flegrei,39879541,2024,7,2024-07-28,44.668359215096324
2024-07-29 02:01:45.400000,1.2,,14.1095,40.805667,Campi Flegrei,39881701,2024,7,2024-07-29,63.0957344480193
2024-07-29 03:02:41.009000,1.2,,14.098833,40.806,Campi Flegrei,39881861,2024,7,2024-07-29,63.0957344480193
2024-07-30 03:02:51.119000,1.0,,14.087333,40.823833,Campi Flegrei,39891221,2024,7,2024-07-30,31.622776601683793
2024-07-31 02:06:01.069000,1.1,,14.1395,40.825667,Campi Flegrei,39901641,2024,7,2024-07-31,44.668359215096324
2024-08-03 03:18:01.660000,1.2,,14.123,40.837333,Campi Flegrei,39935831,2024,8,2024-08-03,63.0957344480193
2024-08-06 08:50:04.099000,1.1,,14.1355,40.833667,Campi Flegrei,39975581,2024,8,2024-08-06,44.668359215096324
2024-08-09 02:38:32.539000,1.2,,14.125833,40.803167,Campi Flegrei,40007301,2024,8,2024-08-09,63.0957344480193
2024-08-10 07:58:58.509000,1.1,,14.141167,40.827,Campi Flegrei,40020701,2024,8,2024-08-10,44.668359215096324
2024-08-10 19:13:11.339000,1.2,,14.139,40.825667,Campi Flegrei,40026861,2024,8,2024-08-10,63.0957344480193
2024-08-10 19:13:15.710000,1.5,,14.139667,40.824833,Campi Flegrei,40026831,2024,8,2024-08-10,177.82794100389228
2024-08-11 22:25:14.220000,1.1,,14.153667,40.832667,Campi Flegrei,40038991,2024,8,2024-08-11,44.668359215096324
2024-08-13 01:49:20.230000,1.4,,14.087667,40.811333,Campi Flegrei,40057031,2024,8,2024-08-13,125.89254117941663
2024-08-14 11:29:36.730000,1.0,,14.132,40.8385,Campi Flegrei,40078851,2024,8,2024-08-14,31.622776601683793
2024-08-14 11:43:10.640000,1.1,,14.137167,40.838833,Campi Flegrei,40078981,2024,8,2024-08-14,44.668359215096324
2024-08-14 15:20:00.559000,1.4,,14.1355,40.8385,Campi Flegrei,40081621,2024,8,2024-08-14,125.89254117941663
2024-08-14 15:20:14.450000,1.1,,14.130833,40.835,Campi Flegrei,40081781,2024,8,2024-08-14,44.668359215096324
2024-08-14 15:20:24.859000,1.0,,14.126333,40.832667,Campi Flegrei,40081811,2024,8,2024-08-14,31.622776601683793
2024-08-15 12:22:58.809000,1.0,,14.1205,40.839667,Campi Flegrei,40090261,2024,8,2024-08-15,31.622776601683793
2024-08-15 21:03:30.579000,1.1,,14.1295,40.838833,Campi Flegrei,40095891,2024,8,2024-08-15,44.668359215096324
2024-08-16 08:00:39.059000,1.1,,14.130667,40.838667,Campi Flegrei,40099221,2024,8,2024-08-16,44.668359215096324
2024-08-16 14:33:09.240000,1.5,,14.151667,40.825667,Campi Flegrei,40102991,2024,8,2024-08-16,177.82794100389228
2024-08-16 20:10:05.170000,1.0,,14.090667,40.791,Campi Flegrei,40107221,2024,8,2024-08-16,31.622776601683793
2024-08-17 07:37:15.329000,1.5,,14.134667,40.839667,Campi Flegrei,40110021,2024,8,2024-08-17,177.82794100389228
2024-08-17 12:52:44.430000,2.3,,14.1405,40.819167,Campi Flegrei,40113221,2024,8,2024-08-17,2818.382931264452
2024-08-17 13:02:33.640000,1.3,,14.142,40.820667,Campi Flegrei,40113551,2024,8,2024-08-17,89.12509381337459
2024-08-17 13:02:45.960000,1.1,,14.1435,40.818333,Campi Flegrei,40113921,2024,8,2024-08-17,44.668359215096324
2024-08-17 13:19:37.910000,1.0,,14.144667,40.8195,Campi Flegrei,40113681,2024,8,2024-08-17,31.622776601683793
2024-08-17 13:27:17.849000,1.6,,14.1465,40.820667,Campi Flegrei,40113521,2024,8,2024-08-17,251.18864315095823
2024-08-17 13:32:59.500000,1.0,,14.144333,40.8195,Campi Flegrei,40114211,2024,8,2024-08-17,31.622776601683793
2024-08-17 14:10:04.559000,1.0,,14.1435,40.819333,Campi Flegrei,40114311,2024,8,2024-08-17,31.622776601683793
2024-08-17 14:15:11.730000,2.0,,14.143167,40.8185,Campi Flegrei,40114461,2024,8,2024-08-17,1000.0
2024-08-17 15:42:09.880000,1.1,,14.129,40.806333,Campi Flegrei,40116021,2024,8,2024-08-17,44.668359215096324
2024-08-17 21:33:32.390000,2.6,,14.144333,40.817833,Campi Flegrei,40120181,2024,8,2024-08-17,7943.282347242822
2024-08-17 21:34:47.750000,1.1,,14.1455,40.819667,Campi Flegrei,40120221,2024,8,2024-08-17,44.668359215096324
2024-08-17 22:34:33.220000,1.0,,14.140167,40.820333,Campi Flegrei,40120621,2024,8,2024-08-17,31.622776601683793
2024-08-17 23:35:53.750000,1.5,,14.144833,40.819833,Campi Flegrei,40121101,2024,8,2024-08-17,177.82794100389228
2024-08-17 23:40:15.369000,1.2,,14.140333,40.816,Campi Flegrei,40121271,2024,8,2024-08-17,63.0957344480193
2024-08-17 23:54:01.759000,1.1,,14.1425,40.818833,Campi Flegrei,40121391,2024,8,2024-08-17,44.668359215096324
2024-08-17 23:59:28.109000,1.4,,14.148,40.8265,Campi Flegrei,40121611,2024,8,2024-08-17,125.89254117941663
2024-08-17 23:59:58.049000,1.1,,14.148667,40.820333,Campi Flegrei,40123141,2024,8,2024-08-17,44.668359215096324
2024-08-18 00:08:22.410000,1.0,,14.140333,40.8195,Campi Flegrei,40121841,2024,8,2024-08-18,31.622776601683793
2024-08-18 00:15:33.309000,1.1,,14.132833,40.838167,Campi Flegrei,40121921,2024,8,2024-08-18,44.668359215096324
2024-08-18 00:16:43.849000,2.1,,14.138667,40.8185,Campi Flegrei,40121941,2024,8,2024-08-18,1412.5375446227554
2024-08-18 00:23:50.490000,1.2,,14.1445,40.818333,Campi Flegrei,40121951,2024,8,2024-08-18,63.0957344480193
2024-08-18 00:29:21.829000,2.8,,14.140833,40.8185,Campi Flegrei,40121971,2024,8,2024-08-18,15848.931924611108
2024-08-18 01:31:58.299000,1.4,,14.138167,40.819833,Campi Flegrei,40122381,2024,8,2024-08-18,125.89254117941663
2024-08-18 01:36:03.180000,1.1,,14.135667,40.823167,Campi Flegrei,40122491,2024,8,2024-08-18,44.668359215096324
2024-08-18 02:00:18.430000,1.8,,14.135833,40.822833,Campi Flegrei,40122901,2024,8,2024-08-18,501.18723362727246
2024-08-18 02:01:22.109000,1.0,,14.151333,40.823667,Campi Flegrei,40123031,2024,8,2024-08-18,31.622776601683793
2024-08-18 02:50:37.089000,1.2,,14.136167,40.822,Campi Flegrei,40123291,2024,8,2024-08-18,63.0957344480193
2024-08-18 03:30:29.769000,1.1,,14.149333,40.8215,Campi Flegrei,40123521,2024,8,2024-08-18,44.668359215096324
2024-08-18 05:12:19.210000,1.1,,14.141667,40.822833,Campi Flegrei,40124131,2024,8,2024-08-18,44.668359215096324
2024-08-18 12:06:07.140000,1.2,,14.149,40.824333,Campi Flegrei,40129741,2024,8,2024-08-18,63.0957344480193
2024-08-18 22:00:38.849000,1.1,,14.137667,40.827167,Campi Flegrei,40135521,2024,8,2024-08-18,44.668359215096324
2024-08-19 09:30:05.250000,2.0,,14.135333,40.825833,Campi Flegrei,40140131,2024,8,2024-08-19,1000.0
2024-08-20 08:59:20.539000,1.0,,14.144,40.8275,Campi Flegrei,40150281,2024,8,2024-08-20,31.622776601683793
2024-08-20 09:01:44.140000,1.0,,14.133667,40.8255,Campi Flegrei,40150351,2024,8,2024-08-20,31.622776601683793
2024-08-24 09:31:16.549000,1.1,,14.094833,40.8345,Campi Flegrei,40194441,2024,8,2024-08-24,44.668359215096324
2024-08-24 11:07:40.019000,1.8,,14.0845,40.832167,Campi Flegrei,40195571,2024,8,2024-08-24,501.18723362727246
2024-08-24 14:10:18.519000,1.2,,14.120333,40.8405,Campi Flegrei,40197741,2024,8,2024-08-24,63.0957344480193
2024-08-25 09:11:48.890000,1.7,,14.129167,40.838333,Campi Flegrei,40204701,2024,8,2024-08-25,354.8133892335753
2024-08-30 19:16:56.609000,1.3,,14.145167,40.826833,Campi Flegrei,40271461,2024,8,2024-08-30,89.12509381337459
2024-08-30 19:23:15.839000,3.7,,14.1445,40.828167,Campi Flegrei,40271581,2024,8,2024-08-30,354813.389233576
2024-08-30 19:23:57.490000,2.0,,14.151667,40.830667,Campi Flegrei,40271671,2024,8,2024-08-30,1000.0
2024-09-03 03:15:30.289000,1.0,,14.113,40.836333,Campi Flegrei,40297171,2024,9,2024-09-03,31.622776601683793
2024-09-05 13:47:20.849000,1.1,,14.124,40.805333,Campi Flegrei,40323721,2024,9,2024-09-05,44.668359215096324
2024-09-06 23:37:26.160000,1.9,,14.111667,40.839167,Campi Flegrei,40336871,2024,9,2024-09-06,707.9457843841374
2024-09-07 19:19:20.400000,1.5,,14.143167,40.8285,Campi Flegrei,40344381,2024,9,2024-09-07,177.82794100389228
2024-09-12 09:33:21.210000,1.2,,14.124,40.837667,Campi Flegrei,40378351,2024,9,2024-09-12,63.0957344480193
2024-09-12 17:14:45.750000,1.8,,14.118833,40.796167,Campi Flegrei,40386801,2024,9,2024-09-12,501.18723362727246
2024-09-15 12:35:44.210000,1.0,,14.122,40.802667,Campi Flegrei,40425531,2024,9,2024-09-15,31.622776601683793
2024-09-20 17:02:45.490000,1.3,,14.125333,40.8295,Campi Flegrei,40474961,2024,9,2024-09-20,89.12509381337459
2024-09-21 01:21:56.440000,1.3,,14.129333,40.834167,Campi Flegrei,40476071,2024,9,2024-09-21,89.12509381337459
2024-09-25 01:02:35.670000,1.1,,14.130167,40.8245,Campi Flegrei,40504171,2024,9,2024-09-25,44.668359215096324
2024-09-25 01:06:26.400000,1.6,,14.1295,40.825,Campi Flegrei,40504211,2024,9,2024-09-25,251.18864315095823
2024-10-02 04:35:45.170000,1.1,,14.149,40.815,Campi Flegrei,40555021,2024,10,2024-10-02,44.668359215096324
2024-10-05 04:00:01.069000,2.4,,14.127667,40.836833,Campi Flegrei,40576411,2024,10,2024-10-05,3981.071705534969
2024-10-05 04:00:23.730000,1.5,,14.131667,40.839333,Campi Flegrei,40576451,2024,10,2024-10-05,177.82794100389228
2024-10-05 04:01:21.890000,1.1,,14.129667,40.835333,Campi Flegrei,40576461,2024,10,2024-10-05,44.668359215096324
2024-10-05 04:02:07.900000,1.0,,14.129,40.8375,Campi Flegrei,40576511,2024,10,2024-10-05,31.622776601683793
2024-10-05 04:02:17.329000,1.2,,14.1295,40.837,Campi Flegrei,40576541,2024,10,2024-10-05,63.0957344480193
2024-10-05 05:53:55.190000,1.6,,14.141,40.829667,Campi Flegrei,40576821,2024,10,2024-10-05,251.18864315095823
2024-10-06 18:02:15.430000,2.0,,14.122667,40.836,Campi Flegrei,40586791,2024,10,2024-10-06,1000.0
2024-10-11 18:53:51.069000,2.3,,14.116,40.840333,Campi Flegrei,40623921,2024,10,2024-10-11,2818.382931264452
2024-10-12 04:54:23.920000,2.5,,14.152167,40.808167,Campi Flegrei,40625901,2024,10,2024-10-12,5623.413251903491
2024-10-13 06:06:04.150000,1.0,,14.145833,40.8355,Campi Flegrei,40633881,2024,10,2024-10-13,31.622776601683793
2024-10-13 06:07:53.500000,2.6,,14.147333,40.836167,Campi Flegrei,40633931,2024,10,2024-10-13,7943.282347242822
2024-10-20 03:27:23.900000,1.0,,14.129167,40.834167,Campi Flegrei,40672351,2024,10,2024-10-20,31.622776601683793
2024-10-20 16:22:27.480000,1.4,,14.111833,40.816167,Campi Flegrei,40675431,2024,10,2024-10-20,125.89254117941663
2024-10-26 14:32:36.079000,1.9,,14.138,40.826667,Campi Flegrei,40708811,2024,10,2024-10-26,707.9457843841374
2024-10-26 16:43:49.940000,1.7,,14.157833,40.821333,Campi Flegrei,40709501,2024,10,2024-10-26,354.8133892335753
2024-10-27 18:07:20.569000,1.1,,14.1295,40.833667,Campi Flegrei,40715641,2024,10,2024-10-27,44.668359215096324
2024-10-27 18:18:22.980000,1.0,,14.128833,40.833833,Campi Flegrei,40715671,2024,10,2024-10-27,31.622776601683793
2024-10-27 21:16:09.640000,1.0,,14.155667,40.814667,Campi Flegrei,40717761,2024,10,2024-10-27,31.622776601683793
2024-10-27 21:27:22.569000,1.1,,14.158667,40.816667,Campi Flegrei,40717921,2024,10,2024-10-27,44.668359215096324
2024-10-27 21:35:46.920000,1.3,,14.159333,40.815833,Campi Flegrei,40718001,2024,10,2024-10-27,89.12509381337459
2024-10-28 00:40:29.140000,1.3,,14.151833,40.815,Campi Flegrei,40718621,2024,10,2024-10-28,89.12509381337459
2024-10-28 19:52:31.279000,1.1,,14.1415,40.8315,Campi Flegrei,40726171,2024,10,2024-10-28,44.668359215096324
2024-11-06 01:37:39.650000,1.3,,14.129,40.8345,Campi Flegrei,40779891,2024,11,2024-11-06,89.12509381337459
2024-11-06 23:08:54.849000,1.4,,14.1285,40.840333,Campi Flegrei,40785871,2024,11,2024-11-06,125.89254117941663
2024-11-07 09:34:43.500000,1.0,,14.138333,40.831833,Campi Flegrei,40787921,2024,11,2024-11-07,31.622776601683793
2024-11-08 20:02:07.539000,1.6,,14.136,40.834167,Campi Flegrei,40795961,2024,11,2024-11-08,251.18864315095823
2024-11-09 00:27:35.549000,1.0,,14.119333,40.846167,Campi Flegrei,40796571,2024,11,2024-11-09,31.622776601683793
2024-11-09 08:40:34.769000,1.0,,14.151167,40.8235,Campi Flegrei,40798961,2024,11,2024-11-09,31.622776601683793
2024-11-09 08:40:46.849000,1.9,,14.150333,40.824,Campi Flegrei,40798931,2024,11,2024-11-09,707.9457843841374
2024-11-11 16:48:43.589000,1.7,,14.150667,40.823833,Campi Flegrei,40814141,2024,11,2024-11-11,354.8133892335753
2024-11-13 01:11:40.920000,1.8,,14.090667,40.831833,Campi Flegrei,40822451,2024,11,2024-11-13,501.18723362727246
2024-11-13 02:56:55.269000,1.0,,14.134833,40.822667,Campi Flegrei,40822831,2024,11,2024-11-13,31.622776601683793
2024-11-13 02:58:30.450000,1.0,,14.134833,40.822667,Campi Flegrei,40822851,2024,11,2024-11-13,31.622776601683793
2024-11-16 01:30:55.200000,1.1,,14.18,40.848,Campi Flegrei,40838081,2024,11,2024-11-16,44.668359215096324
2024-11-16 23:31:13.519000,1.0,,14.146,40.826167,Campi Flegrei,40842801,2024,11,2024-11-16,31.622776601683793
2024-11-22 00:25:29.329000,1.1,,14.143167,40.814,Campi Flegrei,40896081,2024,11,2024-11-22,44.668359215096324
2024-11-23 21:19:33.230000,1.4,,14.141333,40.825833,Campi Flegrei,40921651,2024,11,2024-11-23,125.89254117941663
2024-11-25 10:30:36.349000,1.5,,14.114,40.808167,Campi Flegrei,40927821,2024,11,2024-11-25,177.82794100389228
2024-11-25 16:58:17.460000,1.0,,14.126,40.8375,Campi Flegrei,42010091,2024,11,2024-11-25,31.622776601683793
2024-11-25 17:32:40.180000,2.2,,14.1235,40.838167,Campi Flegrei,42010101,2024,11,2024-11-25,1995.262314968881
2024-11-25 18:33:46.750000,1.5,,14.120333,40.837833,Campi Flegrei,40929861,2024,11,2024-11-25,177.82794100389228
2024-11-26 21:46:11.710000,1.0,,14.141167,40.8235,Campi Flegrei,40936691,2024,11,2024-11-26,31.622776601683793
2024-11-26 21:46:17.970000,1.3,,14.142,40.821833,Campi Flegrei,40936721,2024,11,2024-11-26,89.12509381337459
2024-12-05 02:47:22.180000,1.8,,14.143833,40.819167,Campi Flegrei,40979261,2024,12,2024-12-05,501.18723362727246
2024-12-05 03:44:02.200000,1.1,,14.145167,40.819833,Campi Flegrei,40979511,2024,12,2024-12-05,44.668359215096324
2024-12-05 03:46:27.099000,1.7,,14.144667,40.8185,Campi Flegrei,40979521,2024,12,2024-12-05,354.8133892335753
2024-12-05 09:10:41.690000,1.0,,14.141,40.821667,Campi Flegrei,40981531,2024,12,2024-12-05,31.622776601683793
2024-12-06 00:59:25.930000,1.7,,14.135833,40.8255,Campi Flegrei,40987131,2024,12,2024-12-06,354.8133892335753
2024-12-06 04:33:59.779000,3.4,,14.133833,40.822667,Campi Flegrei,40987641,2024,12,2024-12-06,125892.54117941661
2024-12-06 04:37:51.200000,1.5,,14.135667,40.823167,Campi Flegrei,40987541,2024,12,2024-12-06,177.82794100389228
2024-12-06 05:19:42.230000,1.5,,14.134333,40.823,Campi Flegrei,40987731,2024,12,2024-12-06,177.82794100389228
2024-12-06 08:21:32.650000,2.2,,14.142167,40.820833,Campi Flegrei,40988631,2024,12,2024-12-06,1995.262314968881
2024-12-06 08:22:24.680000,1.6,,14.1395,40.8205,Campi Flegrei,40988621,2024,12,2024-12-06,251.18864315095823
2024-12-06 08:58:13.299000,2.3,,14.142333,40.817667,Campi Flegrei,40989011,2024,12,2024-12-06,2818.382931264452
2024-12-06 08:59:10.559000,2.6,,14.1445,40.818333,Campi Flegrei,40988981,2024,12,2024-12-06,7943.282347242822
2024-12-06 09:00:13.299000,1.0,,14.1415,40.8195,Campi Flegrei,40989001,2024,12,2024-12-06,31.622776601683793
2024-12-06 09:05:02.839000,1.7,,14.1425,40.820333,Campi Flegrei,40989021,2024,12,2024-12-06,354.8133892335753
2024-12-06 09:06:13.480000,2.1,,14.147667,40.818,Campi Flegrei,40989111,2024,12,2024-12-06,1412.5375446227554
2024-12-06 09:45:32.009000,1.0,,14.134,40.824833,Campi Flegrei,40989391,2024,12,2024-12-06,31.622776601683793
2024-12-06 13:22:15.609000,1.1,,14.149167,40.8235,Campi Flegrei,40990571,2024,12,2024-12-06,44.668359215096324
2024-12-12 04:34:24.819000,1.0,,14.122,40.837667,Campi Flegrei,41014411,2024,12,2024-12-12,31.622776601683793
2024-12-18 23:40:15.099000,1.2,,14.133333,40.827167,Campi Flegrei,41050221,2024,12,2024-12-18,63.0957344480193
2024-12-19 18:44:57.930000,1.3,,14.1155,40.8295,Campi Flegrei,41056361,2024,12,2024-12-19,89.12509381337459
2024-12-22 01:31:40.809000,1.2,,14.111333,40.8405,Campi Flegrei,41072281,2024,12,2024-12-22,63.0957344480193
2024-12-22 20:56:35.880000,1.7,,14.142667,40.828333,Campi Flegrei,41080161,2024,12,2024-12-22,354.8133892335753
2024-12-22 20:56:56.890000,1.0,,14.142333,40.828833,Campi Flegrei,41080181,2024,12,2024-12-22,31.622776601683793
2024-12-23 10:24:01.440000,1.6,,14.127667,40.834667,Campi Flegrei,41085301,2024,12,2024-12-23,251.18864315095823
2024-12-23 10:24:52.970000,1.1,,14.124833,40.834,Campi Flegrei,41085331,2024,12,2024-12-23,44.668359215096324
2024-12-25 17:08:15.730000,1.2,,14.080667,40.8345,Campi Flegrei,41114941,2024,12,2024-12-25,63.0957344480193
2025-01-02 16:04:27.539000,1.8,,14.092,40.826333,Campi Flegrei,41160451,2025,1,2025-01-02,501.18723362727246
2025-01-03 04:31:37.029000,1.2,,14.13,40.836,Campi Flegrei,41198081,2025,1,2025-01-03,63.0957344480193
2025-01-04 16:21:59.740000,2.0,,14.143,40.813,Campi Flegrei,41179801,2025,1,2025-01-04,1000.0
2025-01-07 02:36:20.829000,1.5,,14.136833,40.833167,Campi Flegrei,41191011,2025,1,2025-01-07,177.82794100389228
2025-01-12 23:18:04.049000,1.0,,14.138,40.8075,Campi Flegrei,41230481,2025,1,2025-01-12,31.622776601683793
2025-01-13 00:36:25.410000,1.5,,14.142667,40.8325,Campi Flegrei,41230961,2025,1,2025-01-13,177.82794100389228
2025-01-13 00:36:28.400000,1.3,,14.136,40.832,Campi Flegrei,41230971,2025,1,2025-01-13,89.12509381337459
2025-01-13 06:58:37.000000,1.1,,14.135167,40.827,Campi Flegrei,41232871,2025,1,2025-01-13,44.668359215096324
2025-01-14 11:59:25.579000,1.7,,14.137167,40.821667,Campi Flegrei,41242391,2025,1,2025-01-14,354.8133892335753
2025-01-15 04:53:19.960000,1.3,,14.086833,40.836333,Campi Flegrei,41245061,2025,1,2025-01-15,89.12509381337459
2025-01-17 16:53:21.759000,1.6,,14.134333,40.83,Campi Flegrei,41516572,2025,1,2025-01-17,251.18864315095823
2025-01-17 16:53:50.140000,3.0,,14.132833,40.829,Campi Flegrei,41516772,2025,1,2025-01-17,31622.776601683792
2025-01-17 16:54:14.250000,1.7,,14.136833,40.826,Campi Flegrei,41516812,2025,1,2025-01-17,354.8133892335753
2025-01-18 16:58:43.170000,2.8,,14.145167,40.818667,Campi Flegrei,41520842,2025,1,2025-01-18,15848.931924611108
2025-01-18 17:24:03.210000,1.2,,14.146667,40.819167,Campi Flegrei,41521112,2025,1,2025-01-18,63.0957344480193
2025-01-18 17:25:31.190000,1.5,,14.147167,40.819667,Campi Flegrei,41521102,2025,1,2025-01-18,177.82794100389228
2025-01-20 05:51:38.829000,1.3,,14.137833,40.833833,Campi Flegrei,41526202,2025,1,2025-01-20,89.12509381337459
2025-01-20 05:51:46.559000,1.0,,14.135667,40.834833,Campi Flegrei,41526262,2025,1,2025-01-20,31.622776601683793
2025-01-20 23:25:10.519000,1.6,,14.142667,40.800833,Campi Flegrei,41529602,2025,1,2025-01-20,251.18864315095823
2025-01-21 00:38:01.950000,1.1,,14.155667,40.818333,Campi Flegrei,41529722,2025,1,2025-01-21,44.668359215096324
2025-01-21 00:43:52.910000,1.4,,14.150833,40.803833,Campi Flegrei,41529832,2025,1,2025-01-21,125.89254117941663
2025-01-21 13:36:26.930000,2.1,,14.1295,40.832833,Campi Flegrei,41532242,2025,1,2025-01-21,1412.5375446227554
2025-01-21 13:36:41.569000,1.1,,14.129,40.833833,Campi Flegrei,41532402,2025,1,2025-01-21,44.668359215096324
2025-01-22 02:19:13.180000,1.5,,14.1425,40.824667,Campi Flegrei,41534732,2025,1,2025-01-22,177.82794100389228
2025-01-22 10:59:32.779000,1.4,,14.123,40.836833,Campi Flegrei,41277531,2025,1,2025-01-22,125.89254117941663
2025-01-24 05:29:55.200000,2.0,,14.120333,40.833667,Campi Flegrei,41286511,2025,1,2025-01-24,1000.0
2025-01-24 21:46:23.940000,2.2,,14.1125,40.8355,Campi Flegrei,41549752,2025,1,2025-01-24,1995.262314968881
2025-01-24 22:00:08.369000,1.1,,14.112667,40.835,Campi Flegrei,41549842,2025,1,2025-01-24,44.668359215096324
2025-01-24 22:47:01.750000,1.1,,14.114167,40.834833,Campi Flegrei,41550182,2025,1,2025-01-24,44.668359215096324
2025-01-30 17:32:00.880000,1.0,,14.137,40.829667,Campi Flegrei,41601432,2025,1,2025-01-30,31.622776601683793
2025-01-31 21:11:57.859000,1.1,,14.1275,40.8315,Campi Flegrei,41607862,2025,1,2025-01-31,44.668359215096324
2025-01-31 21:20:54.799000,1.7,,14.135667,40.821333,Campi Flegrei,41608012,2025,1,2025-01-31,354.8133892335753
2025-02-01 06:14:18.859000,2.0,,14.146833,40.831333,Campi Flegrei,41610012,2025,2,2025-02-01,1000.0
2025-02-01 06:14:26.250000,1.4,,14.142167,40.8315,Campi Flegrei,41627332,2025,2,2025-02-01,125.89254117941663
2025-02-01 06:16:40.779000,1.2,,14.146,40.832833,Campi Flegrei,41609442,2025,2,2025-02-01,63.0957344480193
2025-02-01 06:18:13.640000,2.2,,14.146833,40.834333,Campi Flegrei,41609512,2025,2,2025-02-01,1995.262314968881
2025-02-01 06:20:09.349000,1.0,,14.146667,40.832167,Campi Flegrei,41609572,2025,2,2025-02-01,31.622776601683793
2025-02-01 06:53:28.349000,1.1,,14.140167,40.832333,Campi Flegrei,41609832,2025,2,2025-02-01,44.668359215096324
2025-02-03 19:06:35.220000,1.3,,14.107,40.8155,Campi Flegrei,41623982,2025,2,2025-02-03,89.12509381337459
2025-02-04 03:25:26.049000,1.2,,14.093,40.8345,Campi Flegrei,42063251,2025,2,2025-02-04,63.0957344480193
2025-02-05 07:11:48.809000,1.1,,14.144,40.8275,Campi Flegrei,41631972,2025,2,2025-02-05,44.668359215096324
2025-02-05 07:17:20.200000,1.0,,14.145833,40.828333,Campi Flegrei,41632152,2025,2,2025-02-05,31.622776601683793
2025-02-05 07:21:44.819000,1.6,,14.145833,40.827667,Campi Flegrei,41632262,2025,2,2025-02-05,251.18864315095823
2025-02-05 07:23:06.369000,1.3,,14.145167,40.827667,Campi Flegrei,41632332,2025,2,2025-02-05,89.12509381337459
2025-02-05 07:25:56.839000,1.3,,14.1485,40.827833,Campi Flegrei,41632412,2025,2,2025-02-05,89.12509381337459
2025-02-05 07:26:23.140000,1.0,,14.146,40.827833,Campi Flegrei,41632442,2025,2,2025-02-05,31.622776601683793
2025-02-05 07:30:57.390000,2.3,,14.149,40.829167,Campi Flegrei,41632592,2025,2,2025-02-05,2818.382931264452
2025-02-05 07:32:17.769000,2.6,,14.148667,40.830333,Campi Flegrei,41632612,2025,2,2025-02-05,7943.282347242822
2025-02-05 07:35:24.339000,1.7,,14.143333,40.827333,Campi Flegrei,41632742,2025,2,2025-02-05,354.8133892335753
2025-02-05 07:35:53.960000,1.3,,14.147167,40.827333,Campi Flegrei,41633432,2025,2,2025-02-05,89.12509381337459
2025-02-05 07:37:24.390000,1.7,,14.147333,40.829,Campi Flegrei,41632852,2025,2,2025-02-05,354.8133892335753
2025-02-05 07:37:55.529000,1.8,,14.146833,40.828167,Campi Flegrei,41632902,2025,2,2025-02-05,501.18723362727246
2025-02-05 07:38:39.299000,1.1,,14.147,40.828167,Campi Flegrei,41633452,2025,2,2025-02-05,44.668359215096324
2025-02-05 07:41:08.450000,1.8,,14.145667,40.83,Campi Flegrei,41633132,2025,2,2025-02-05,501.18723362727246
2025-02-05 07:41:43.660000,1.7,,14.140833,40.83,Campi Flegrei,41633142,2025,2,2025-02-05,354.8133892335753
2025-02-05 07:52:02.930000,3.2,,14.148,40.831333,Campi Flegrei,41633422,2025,2,2025-02-05,63095.73444801943
2025-02-05 07:57:03.839000,1.1,,14.1455,40.830167,Campi Flegrei,41633552,2025,2,2025-02-05,44.668359215096324
2025-02-05 08:10:40.890000,1.9,,14.151667,40.832167,Campi Flegrei,41633692,2025,2,2025-02-05,707.9457843841374
2025-02-05 08:24:29.539000,1.0,,14.145,40.828833,Campi Flegrei,41633882,2025,2,2025-02-05,31.622776601683793
2025-02-05 08:33:19.880000,1.0,,14.148667,40.8275,Campi Flegrei,41633982,2025,2,2025-02-05,31.622776601683793
2025-02-05 09:43:50.910000,1.1,,14.150167,40.826333,Campi Flegrei,41634612,2025,2,2025-02-05,44.668359215096324
2025-02-05 10:00:32.579000,2.7,,14.147,40.831333,Campi Flegrei,41634642,2025,2,2025-02-05,11220.184543019654
2025-02-07 20:26:57.710000,1.3,,14.122,40.836,Campi Flegrei,41652342,2025,2,2025-02-07,89.12509381337459
2025-02-09 11:04:10.440000,1.5,,14.115333,40.8375,Campi Flegrei,41661122,2025,2,2025-02-09,177.82794100389228
2025-02-10 14:50:24.990000,2.3,,14.116333,40.837167,Campi Flegrei,41668742,2025,2,2025-02-10,2818.382931264452
2025-02-10 17:52:50.220000,1.6,,14.131833,40.824833,Campi Flegrei,41669662,2025,2,2025-02-10,251.18864315095823
2025-02-11 01:50:01.670000,1.7,,14.140167,40.829833,Campi Flegrei,41671662,2025,2,2025-02-11,354.8133892335753
2025-02-11 09:34:12.259000,1.7,,14.140167,40.827,Campi Flegrei,41673582,2025,2,2025-02-11,354.8133892335753
2025-02-11 15:50:52.059000,1.2,,14.1285,40.835333,Campi Flegrei,41676872,2025,2,2025-02-11,63.0957344480193
2025-02-11 15:53:55.519000,1.8,,14.127667,40.8315,Campi Flegrei,41677282,2025,2,2025-02-11,501.18723362727246
2025-02-11 15:54:21.299000,1.0,,14.132333,40.838167,Campi Flegrei,41677422,2025,2,2025-02-11,31.622776601683793
2025-02-11 15:55:02.289000,1.2,,14.1305,40.834167,Campi Flegrei,41677022,2025,2,2025-02-11,63.0957344480193
2025-02-11 15:55:11.529000,1.6,,14.129,40.833167,Campi Flegrei,41677432,2025,2,2025-02-11,251.18864315095823
2025-02-11 21:09:27.279000,1.7,,14.129333,40.836,Campi Flegrei,41678752,2025,2,2025-02-11,354.8133892335753
2025-02-12 12:51:03.519000,1.1,,14.110333,40.831333,Campi Flegrei,41683152,2025,2,2025-02-12,44.668359215096324
2025-02-12 16:41:39.789000,1.7,,14.137333,40.837167,Campi Flegrei,41684752,2025,2,2025-02-12,354.8133892335753
2025-02-12 21:42:57.670000,2.1,,14.132,40.836333,Campi Flegrei,41685892,2025,2,2025-02-12,1412.5375446227554
2025-02-12 22:27:13.930000,2.6,,14.144833,40.830167,Campi Flegrei,41686072,2025,2,2025-02-12,7943.282347242822
2025-02-12 22:43:51.569000,1.0,,14.138833,40.828333,Campi Flegrei,41686272,2025,2,2025-02-12,31.622776601683793
2025-02-13 00:01:26.390000,1.2,,14.140167,40.8315,Campi Flegrei,41686632,2025,2,2025-02-13,63.0957344480193
2025-02-13 00:57:13.250000,1.6,,14.143833,40.833667,Campi Flegrei,41686712,2025,2,2025-02-13,251.18864315095823
2025-02-13 01:17:15.089000,1.0,,14.138,40.832,Campi Flegrei,41686812,2025,2,2025-02-13,31.622776601683793
2025-02-13 01:29:54.250000,1.4,,14.141667,40.833,Campi Flegrei,41686892,2025,2,2025-02-13,125.89254117941663
2025-02-13 01:44:20.869000,1.0,,14.134667,40.8315,Campi Flegrei,41687012,2025,2,2025-02-13,31.622776601683793
2025-02-13 01:56:04.910000,1.3,,14.151,40.822833,Campi Flegrei,41687062,2025,2,2025-02-13,89.12509381337459
2025-02-13 02:03:54.500000,1.2,,14.135333,40.831,Campi Flegrei,41687142,2025,2,2025-02-13,63.0957344480193
2025-02-13 06:44:47.859000,1.8,,14.140167,40.832333,Campi Flegrei,41687872,2025,2,2025-02-13,501.18723362727246
2025-02-13 12:14:26.039000,1.6,,14.1195,40.835167,Campi Flegrei,41690452,2025,2,2025-02-13,251.18864315095823
2025-02-13 15:34:23.029000,2.5,,14.147167,40.832,Campi Flegrei,42063291,2025,2,2025-02-13,5623.413251903491
2025-02-13 15:37:08.329000,1.1,,14.123167,40.836,Campi Flegrei,41692112,2025,2,2025-02-13,44.668359215096324
2025-02-13 21:55:38.769000,1.5,,14.142833,40.828167,Campi Flegrei,41693972,2025,2,2025-02-13,177.82794100389228
2025-02-13 22:03:00.380000,2.0,,14.146667,40.829667,Campi Flegrei,41694042,2025,2,2025-02-13,1000.0
2025-02-13 22:18:28.170000,2.8,,14.144,40.830167,Campi Flegrei,41694102,2025,2,2025-02-13,15848.931924611108
2025-02-13 22:41:06.900000,1.7,,14.147333,40.831333,Campi Flegrei,41694242,2025,2,2025-02-13,354.8133892335753
2025-02-14 19:10:11.859000,1.1,,14.142833,40.820333,Campi Flegrei,41701642,2025,2,2025-02-14,44.668359215096324
2025-02-14 19:25:48.170000,1.3,,14.133,40.833167,Campi Flegrei,41701692,2025,2,2025-02-14,89.12509381337459
2025-02-14 21:27:56.599000,1.1,,14.1525,40.814667,Campi Flegrei,41702022,2025,2,2025-02-14,44.668359215096324
2025-02-14 21:29:44.799000,1.2,,14.160667,40.8145,Campi Flegrei,41702052,2025,2,2025-02-14,63.0957344480193
2025-02-14 22:23:26.869000,1.1,,14.157167,40.8145,Campi Flegrei,41702252,2025,2,2025-02-14,44.668359215096324
2025-02-14 22:29:21.150000,2.4,,14.153667,40.812667,Campi Flegrei,41702292,2025,2,2025-02-14,3981.071705534969
2025-02-14 23:01:36.970000,2.0,,14.157667,40.816333,Campi Flegrei,41702482,2025,2,2025-02-14,1000.0
2025-02-15 02:19:10.119000,1.2,,14.159667,40.812833,Campi Flegrei,41703122,2025,2,2025-02-15,63.0957344480193
2025-02-15 15:53:49.940000,2.4,,14.1385,40.829667,Campi Flegrei,41705592,2025,2,2025-02-15,3981.071705534969
2025-02-15 15:55:57.690000,1.0,,14.141667,40.826,Campi Flegrei,41705632,2025,2,2025-02-15,31.622776601683793
2025-02-15 16:15:59.230000,1.0,,14.140167,40.829167,Campi Flegrei,41705852,2025,2,2025-02-15,31.622776601683793
2025-02-15 18:22:14.829000,1.2,,14.140167,40.829667,Campi Flegrei,41706292,2025,2,2025-02-15,63.0957344480193
2025-02-15 18:25:39.539000,1.0,,14.138333,40.8285,Campi Flegrei,41706392,2025,2,2025-02-15,31.622776601683793
2025-02-15 18:25:47.150000,1.2,,14.140167,40.829333,Campi Flegrei,41706492,2025,2,2025-02-15,63.0957344480193
2025-02-15 19:41:38.619000,1.9,,14.144667,40.8315,Campi Flegrei,41706612,2025,2,2025-02-15,707.9457843841374
2025-02-16 00:21:10.440000,1.1,,14.151667,40.830833,Campi Flegrei,41708012,2025,2,2025-02-16,44.668359215096324
2025-02-16 01:58:23.450000,1.6,,14.133167,40.823167,Campi Flegrei,41708342,2025,2,2025-02-16,251.18864315095823
2025-02-16 02:41:38.769000,1.3,,14.116,40.825167,Campi Flegrei,41708622,2025,2,2025-02-16,89.12509381337459
2025-02-16 02:53:09.309000,2.0,,14.1635,40.827833,Campi Flegrei,41708802,2025,2,2025-02-16,1000.0
2025-02-16 02:56:48.839000,1.3,,14.118,40.824167,Campi Flegrei,41708852,2025,2,2025-02-16,89.12509381337459
2025-02-16 02:57:51.059000,1.4,,14.137833,40.825,Campi Flegrei,41708932,2025,2,2025-02-16,125.89254117941663
2025-02-16 03:12:17.059000,1.1,,14.1145,40.823833,Campi Flegrei,41709142,2025,2,2025-02-16,44.668359215096324
2025-02-16 03:19:54.470000,1.4,,14.133333,40.824167,Campi Flegrei,41709202,2025,2,2025-02-16,125.89254117941663
2025-02-16 03:30:10.819000,2.2,,14.134833,40.826,Campi Flegrei,41709262,2025,2,2025-02-16,1995.262314968881
2025-02-16 04:28:49.890000,1.3,,14.120333,40.824667,Campi Flegrei,41709622,2025,2,2025-02-16,89.12509381337459
2025-02-16 09:29:08.190000,1.0,,14.141,40.8245,Campi Flegrei,41711002,2025,2,2025-02-16,31.622776601683793
2025-02-16 11:14:31.990000,1.2,,14.096833,40.813833,Campi Flegrei,41712062,2025,2,2025-02-16,63.0957344480193
2025-02-16 11:18:46.430000,1.7,,14.086667,40.819,Campi Flegrei,41711872,2025,2,2025-02-16,354.8133892335753
2025-02-16 14:30:02.640000,3.9,,14.103,40.809333,Campi Flegrei,41712972,2025,2,2025-02-16,707945.7843841374
2025-02-16 15:28:14.019000,1.2,,14.142833,40.828667,Campi Flegrei,41713582,2025,2,2025-02-16,63.0957344480193
2025-02-16 15:29:32.579000,1.6,,14.145,40.831333,Campi Flegrei,41713632,2025,2,2025-02-16,251.18864315095823
2025-02-16 16:13:04.559000,1.4,,14.133333,40.830167,Campi Flegrei,41714052,2025,2,2025-02-16,125.89254117941663
2025-02-16 16:18:55.519000,2.5,,14.132,40.830167,Campi Flegrei,41714262,2025,2,2025-02-16,5623.413251903491
2025-02-16 16:24:14.210000,1.2,,14.137333,40.8315,Campi Flegrei,41714362,2025,2,2025-02-16,63.0957344480193
2025-02-16 16:25:29.880000,1.2,,14.133833,40.828167,Campi Flegrei,42063361,2025,2,2025-02-16,63.0957344480193
2025-02-16 16:26:53.289000,1.1,,14.128167,40.831,Campi Flegrei,42063371,2025,2,2025-02-16,44.668359215096324
2025-02-16 16:30:41.910000,2.7,,14.130667,40.8315,Campi Flegrei,41714572,2025,2,2025-02-16,11220.184543019654
2025-02-16 16:39:55.269000,1.3,,14.130667,40.828333,Campi Flegrei,41714722,2025,2,2025-02-16,89.12509381337459
2025-02-16 17:25:17.940000,1.0,,14.1175,40.7985,Campi Flegrei,42063381,2025,2,2025-02-16,31.622776601683793
2025-02-16 22:16:51.190000,1.3,,14.155833,40.827167,Campi Flegrei,41716162,2025,2,2025-02-16,89.12509381337459
2025-02-16 22:26:28.630000,1.2,,14.1495,40.824833,Campi Flegrei,42063391,2025,2,2025-02-16,63.0957344480193
2025-02-16 22:45:12.130000,3.0,,14.145,40.831333,Campi Flegrei,41716362,2025,2,2025-02-16,31622.776601683792
2025-02-16 22:46:47.490000,3.0,,14.141,40.827667,Campi Flegrei,41716432,2025,2,2025-02-16,31622.776601683792
2025-02-16 23:02:18.200000,1.7,,14.145833,40.831667,Campi Flegrei,42063401,2025,2,2025-02-16,354.8133892335753
2025-02-16 23:11:23.940000,1.2,,14.117333,40.8355,Campi Flegrei,42063411,2025,2,2025-02-16,63.0957344480193
2025-02-16 23:18:53.890000,1.2,,14.143333,40.8295,Campi Flegrei,42063421,2025,2,2025-02-16,63.0957344480193
2025-02-16 23:19:52.450000,3.9,,14.1475,40.829167,Campi Flegrei,41717192,2025,2,2025-02-16,707945.7843841374
2025-02-16 23:20:48.440000,2.3,,14.1495,40.828333,Campi Flegrei,41717992,2025,2,2025-02-16,2818.382931264452
2025-02-16 23:21:43.059000,2.0,,14.149667,40.827,Campi Flegrei,41718732,2025,2,2025-02-16,1000.0
2025-02-16 23:21:57.980000,1.2,,14.150833,40.824167,Campi Flegrei,41718842,2025,2,2025-02-16,63.0957344480193
2025-02-16 23:36:21.640000,1.1,,14.148,40.829667,Campi Flegrei,41718322,2025,2,2025-02-16,44.668359215096324
2025-02-16 23:38:10.769000,2.0,,14.148,40.824,Campi Flegrei,41717722,2025,2,2025-02-16,1000.0
2025-02-16 23:40:47.089000,1.1,,14.138667,40.825333,Campi Flegrei,41806222,2025,2,2025-02-16,44.668359215096324
2025-02-17 00:03:51.390000,1.0,,14.149,40.824167,Campi Flegrei,41718072,2025,2,2025-02-17,31.622776601683793
2025-02-17 00:39:03.279000,2.3,,14.142833,40.829667,Campi Flegrei,41718452,2025,2,2025-02-17,2818.382931264452
2025-02-17 00:59:46.670000,1.2,,14.147833,40.8285,Campi Flegrei,41718872,2025,2,2025-02-17,63.0957344480193
2025-02-17 01:04:26.390000,1.6,,14.136,40.828167,Campi Flegrei,41718922,2025,2,2025-02-17,251.18864315095823
2025-02-17 01:23:43.690000,1.3,,14.143333,40.820333,Campi Flegrei,41719142,2025,2,2025-02-17,89.12509381337459
2025-02-17 01:48:25.599000,1.0,,14.145667,40.82,Campi Flegrei,41719352,2025,2,2025-02-17,31.622776601683793
2025-02-17 01:48:32.549000,1.1,,14.147167,40.819,Campi Flegrei,41719372,2025,2,2025-02-17,44.668359215096324
2025-02-17 02:14:37.049000,2.0,,14.147833,40.826,Campi Flegrei,41719572,2025,2,2025-02-17,1000.0
2025-02-17 02:53:50.930000,1.3,,14.120333,40.808333,Campi Flegrei,41720042,2025,2,2025-02-17,89.12509381337459
2025-02-17 03:20:59.160000,1.6,,14.127833,40.824333,Campi Flegrei,42063431,2025,2,2025-02-17,251.18864315095823
2025-02-17 03:25:30.940000,1.0,,14.1215,40.826333,Campi Flegrei,41720302,2025,2,2025-02-17,31.622776601683793
2025-02-17 04:04:21.400000,2.4,,14.144833,40.820333,Campi Flegrei,41720882,2025,2,2025-02-17,3981.071705534969
2025-02-17 04:18:41.150000,1.7,,14.138,40.821667,Campi Flegrei,41721042,2025,2,2025-02-17,354.8133892335753
2025-02-17 04:19:34.190000,1.2,,14.137,40.821667,Campi Flegrei,41721112,2025,2,2025-02-17,63.0957344480193
2025-02-17 05:02:28.019000,1.3,,14.102167,40.8075,Campi Flegrei,41721402,2025,2,2025-02-17,89.12509381337459
2025-02-17 06:45:26.359000,1.3,,14.137,40.829833,Campi Flegrei,41722262,2025,2,2025-02-17,89.12509381337459
2025-02-17 06:47:06.339000,1.0,,14.143667,40.829167,Campi Flegrei,41722362,2025,2,2025-02-17,31.622776601683793
2025-02-17 07:12:10.529000,3.2,,14.137667,40.8315,Campi Flegrei,41722632,2025,2,2025-02-17,63095.73444801943
2025-02-17 07:12:29.650000,1.2,,14.140167,40.827333,Campi Flegrei,41722942,2025,2,2025-02-17,63.0957344480193
2025-02-17 07:14:11.559000,2.8,,14.139167,40.828,Campi Flegrei,41722712,2025,2,2025-02-17,15848.931924611108
2025-02-17 07:14:20.079000,1.5,,14.140833,40.827167,Campi Flegrei,41723002,2025,2,2025-02-17,177.82794100389228
2025-02-17 07:23:47.589000,1.3,,14.140167,40.830333,Campi Flegrei,42063451,2025,2,2025-02-17,89.12509381337459
2025-02-17 07:42:02.819000,1.5,,14.111167,40.8375,Campi Flegrei,41723012,2025,2,2025-02-17,177.82794100389228
2025-02-17 07:45:15.420000,1.4,,14.134,40.8315,Campi Flegrei,41723132,2025,2,2025-02-17,125.89254117941663
2025-02-17 08:39:38.140000,2.2,,14.136,40.822167,Campi Flegrei,41723942,2025,2,2025-02-17,1995.262314968881
2025-02-17 09:01:55.559000,1.6,,14.147,40.820333,Campi Flegrei,41724172,2025,2,2025-02-17,251.18864315095823
2025-02-17 09:21:28.490000,1.1,,14.137,40.822833,Campi Flegrei,41724352,2025,2,2025-02-17,44.668359215096324
2025-02-17 10:11:24.480000,1.3,,14.111833,40.835833,Campi Flegrei,41724702,2025,2,2025-02-17,89.12509381337459
2025-02-17 11:26:22.680000,2.2,,14.126333,40.832,Campi Flegrei,41725762,2025,2,2025-02-17,1995.262314968881
2025-02-17 11:26:32.029000,2.8,,14.126,40.8315,Campi Flegrei,41726302,2025,2,2025-02-17,15848.931924611108
2025-02-17 11:30:45.819000,1.3,,14.129667,40.836333,Campi Flegrei,41725922,2025,2,2025-02-17,89.12509381337459
2025-02-17 11:33:06.619000,2.2,,14.109,40.837333,Campi Flegrei,41726032,2025,2,2025-02-17,1995.262314968881
2025-02-17 11:40:50.019000,1.0,,14.1295,40.8315,Campi Flegrei,41726162,2025,2,2025-02-17,31.622776601683793
2025-02-17 11:47:04.450000,1.7,,14.1335,40.8305,Campi Flegrei,41726352,2025,2,2025-02-17,354.8133892335753
2025-02-17 11:50:23.599000,1.2,,14.1085,40.83,Campi Flegrei,41726452,2025,2,2025-02-17,63.0957344480193
2025-02-17 11:52:31.029000,1.0,,14.13,40.836,Campi Flegrei,41726542,2025,2,2025-02-17,31.622776601683793
2025-02-17 11:54:09.750000,1.2,,14.128667,40.830167,Campi Flegrei,41726642,2025,2,2025-02-17,63.0957344480193
2025-02-17 11:55:17.339000,1.5,,14.128,40.8345,Campi Flegrei,41726662,2025,2,2025-02-17,177.82794100389228
2025-02-17 12:03:36.990000,1.0,,14.128833,40.827667,Campi Flegrei,41727002,2025,2,2025-02-17,31.622776601683793
2025-02-17 12:18:22.170000,1.3,,14.135667,40.829167,Campi Flegrei,41727212,2025,2,2025-02-17,89.12509381337459
2025-02-17 12:43:11.009000,1.7,,14.106,40.828833,Campi Flegrei,41727492,2025,2,2025-02-17,354.8133892335753
2025-02-17 12:51:30.069000,1.2,,14.128167,40.828667,Campi Flegrei,41727572,2025,2,2025-02-17,63.0957344480193
2025-02-17 12:56:48.599000,1.1,,14.128333,40.8295,Campi Flegrei,41727682,2025,2,2025-02-17,44.668359215096324
2025-02-17 15:42:18.029000,1.6,,14.126,40.831167,Campi Flegrei,41728862,2025,2,2025-02-17,251.18864315095823
2025-02-17 15:48:51.180000,1.0,,14.130167,40.830333,Campi Flegrei,41728952,2025,2,2025-02-17,31.622776601683793
2025-02-17 16:53:05.119000,1.2,,14.142,40.826,Campi Flegrei,41729412,2025,2,2025-02-17,63.0957344480193
2025-02-17 16:53:24.990000,2.8,,14.143167,40.828167,Campi Flegrei,41729442,2025,2,2025-02-17,15848.931924611108
2025-02-17 16:56:10.460000,1.1,,14.137833,40.826,Campi Flegrei,41729482,2025,2,2025-02-17,44.668359215096324
2025-02-17 17:14:31.319000,1.1,,14.146167,40.83,Campi Flegrei,41729852,2025,2,2025-02-17,44.668359215096324
2025-02-17 17:15:54.200000,2.6,,14.148,40.829167,Campi Flegrei,41729702,2025,2,2025-02-17,7943.282347242822
2025-02-17 17:22:59.349000,1.1,,14.145167,40.828833,Campi Flegrei,41729982,2025,2,2025-02-17,44.668359215096324
2025-02-17 17:41:40.299000,1.7,,14.142167,40.826,Campi Flegrei,41730162,2025,2,2025-02-17,354.8133892335753
2025-02-17 17:53:21.190000,1.0,,14.146167,40.8305,Campi Flegrei,41730462,2025,2,2025-02-17,31.622776601683793
2025-02-17 17:55:34.960000,2.6,,14.143833,40.827167,Campi Flegrei,41730562,2025,2,2025-02-17,7943.282347242822
2025-02-17 17:56:12.869000,1.0,,14.143167,40.826833,Campi Flegrei,41730952,2025,2,2025-02-17,31.622776601683793
2025-02-17 17:59:49.940000,1.2,,14.145333,40.829167,Campi Flegrei,41730802,2025,2,2025-02-17,63.0957344480193
2025-02-17 18:03:55.299000,1.7,,14.1465,40.826833,Campi Flegrei,41731102,2025,2,2025-02-17,354.8133892335753
2025-02-17 18:32:58.609000,1.2,,14.1445,40.826333,Campi Flegrei,41934482,2025,2,2025-02-17,63.0957344480193
2025-02-17 18:46:43.890000,1.2,,14.146167,40.827167,Campi Flegrei,41975862,2025,2,2025-02-17,63.0957344480193
2025-02-17 18:47:10.200000,1.2,,14.1435,40.826333,Campi Flegrei,41731762,2025,2,2025-02-17,63.0957344480193
2025-02-17 20:24:32.420000,1.7,,14.145833,40.829333,Campi Flegrei,41733552,2025,2,2025-02-17,354.8133892335753
2025-02-17 20:28:47.450000,1.1,,14.147833,40.831333,Campi Flegrei,41733262,2025,2,2025-02-17,44.668359215096324
2025-02-17 21:15:36.349000,1.4,,14.1455,40.831333,Campi Flegrei,41733902,2025,2,2025-02-17,125.89254117941663
2025-02-17 21:20:20.819000,1.4,,14.147833,40.831333,Campi Flegrei,41733942,2025,2,2025-02-17,125.89254117941663
2025-02-17 21:32:09.960000,1.3,,14.146167,40.831333,Campi Flegrei,41734152,2025,2,2025-02-17,89.12509381337459
2025-02-17 21:42:45.519000,1.0,,14.151667,40.829833,Campi Flegrei,41734292,2025,2,2025-02-17,31.622776601683793
2025-02-17 22:23:40.309000,1.8,,14.143333,40.83,Campi Flegrei,41734672,2025,2,2025-02-17,501.18723362727246
2025-02-17 22:24:20.690000,1.3,,14.143667,40.828833,Campi Flegrei,41734712,2025,2,2025-02-17,89.12509381337459
2025-02-17 22:56:42.329000,1.8,,14.143833,40.827167,Campi Flegrei,41735032,2025,2,2025-02-17,501.18723362727246
2025-02-17 23:09:13.960000,1.1,,14.142333,40.8285,Campi Flegrei,41735182,2025,2,2025-02-17,44.668359215096324
2025-02-17 23:19:04.779000,1.7,,14.1445,40.8295,Campi Flegrei,41735232,2025,2,2025-02-17,354.8133892335753
2025-02-17 23:29:36.950000,1.1,,14.142,40.827833,Campi Flegrei,41735382,2025,2,2025-02-17,44.668359215096324
2025-02-17 23:48:32.299000,1.0,,14.143,40.828667,Campi Flegrei,41735542,2025,2,2025-02-17,31.622776601683793
2025-02-17 23:51:22.950000,1.6,,14.142167,40.827833,Campi Flegrei,41735612,2025,2,2025-02-17,251.18864315095823
2025-02-17 23:52:42.890000,1.7,,14.145167,40.829167,Campi Flegrei,41735722,2025,2,2025-02-17,354.8133892335753
2025-02-18 00:06:36.960000,2.4,,14.146,40.829,Campi Flegrei,41735822,2025,2,2025-02-18,3981.071705534969
2025-02-18 00:08:08.700000,1.0,,14.144333,40.829,Campi Flegrei,41735882,2025,2,2025-02-18,31.622776601683793
2025-02-18 00:28:48.079000,2.0,,14.142167,40.827833,Campi Flegrei,41736042,2025,2,2025-02-18,1000.0
2025-02-18 01:03:49.640000,1.2,,14.110167,40.808833,Campi Flegrei,41685371,2025,2,2025-02-18,63.0957344480193
2025-02-18 01:13:28.230000,1.2,,14.142667,40.829333,Campi Flegrei,41736562,2025,2,2025-02-18,63.0957344480193
2025-02-18 01:19:30.599000,1.5,,14.1435,40.829333,Campi Flegrei,41736612,2025,2,2025-02-18,177.82794100389228
2025-02-18 01:20:53.130000,1.0,,14.131833,40.823167,Campi Flegrei,41736672,2025,2,2025-02-18,31.622776601683793
2025-02-18 01:40:46.609000,1.7,,14.144167,40.827333,Campi Flegrei,41736892,2025,2,2025-02-18,354.8133892335753
2025-02-18 01:44:03.980000,1.6,,14.1445,40.8285,Campi Flegrei,41687561,2025,2,2025-02-18,251.18864315095823
2025-02-18 02:04:08.730000,1.1,,14.140167,40.8275,Campi Flegrei,41737202,2025,2,2025-02-18,44.668359215096324
2025-02-18 02:22:11.059000,1.5,,14.145167,40.827667,Campi Flegrei,41737312,2025,2,2025-02-18,177.82794100389228
2025-02-18 02:22:19.809000,3.1,,14.142333,40.831333,Campi Flegrei,41737592,2025,2,2025-02-18,44668.359215096345
2025-02-18 02:22:37.079000,2.3,,14.142,40.827333,Campi Flegrei,41737822,2025,2,2025-02-18,2818.382931264452
2025-02-18 02:26:02.279000,1.0,,14.143333,40.829667,Campi Flegrei,41737402,2025,2,2025-02-18,31.622776601683793
2025-02-18 03:21:35.890000,1.6,,14.147833,40.831333,Campi Flegrei,42063511,2025,2,2025-02-18,251.18864315095823
2025-02-18 05:02:13.180000,1.3,,14.148333,40.831333,Campi Flegrei,41739082,2025,2,2025-02-18,89.12509381337459
2025-02-18 05:26:41.180000,1.0,,14.151667,40.83,Campi Flegrei,41739462,2025,2,2025-02-18,31.622776601683793
2025-02-18 06:25:46.359000,1.3,,14.140833,40.8275,Campi Flegrei,41739772,2025,2,2025-02-18,89.12509381337459
2025-02-18 06:31:40.640000,1.6,,14.141667,40.8275,Campi Flegrei,41739952,2025,2,2025-02-18,251.18864315095823
2025-02-18 06:36:06.430000,1.0,,14.144833,40.826667,Campi Flegrei,41740122,2025,2,2025-02-18,31.622776601683793
2025-02-18 07:02:59.380000,1.2,,14.141333,40.828667,Campi Flegrei,41740282,2025,2,2025-02-18,63.0957344480193
2025-02-18 07:47:56.829000,1.0,,14.142833,40.828333,Campi Flegrei,41740722,2025,2,2025-02-18,31.622776601683793
2025-02-18 08:01:26.259000,1.2,,14.144,40.827667,Campi Flegrei,41740872,2025,2,2025-02-18,63.0957344480193
2025-02-18 08:06:59.690000,1.0,,14.141167,40.824667,Campi Flegrei,41741102,2025,2,2025-02-18,31.622776601683793
2025-02-18 09:28:57.339000,2.3,,14.144833,40.8275,Campi Flegrei,41741702,2025,2,2025-02-18,2818.382931264452
2025-02-18 09:44:17.869000,1.0,,14.143333,40.8265,Campi Flegrei,41741942,2025,2,2025-02-18,31.622776601683793
2025-02-18 10:08:07.710000,1.2,,14.138667,40.824,Campi Flegrei,41742122,2025,2,2025-02-18,63.0957344480193
2025-02-18 10:08:35.609000,1.0,,14.144667,40.825833,Campi Flegrei,41742272,2025,2,2025-02-18,31.622776601683793
2025-02-18 11:35:39.170000,1.1,,14.144,40.826,Campi Flegrei,41461991,2025,2,2025-02-18,44.668359215096324
2025-02-18 13:06:56.450000,1.0,,14.1455,40.831333,Campi Flegrei,41743842,2025,2,2025-02-18,31.622776601683793
2025-02-18 13:27:30.690000,1.1,,14.146167,40.8305,Campi Flegrei,41744632,2025,2,2025-02-18,44.668359215096324
2025-02-18 13:47:57.740000,1.0,,14.147333,40.831333,Campi Flegrei,41745142,2025,2,2025-02-18,31.622776601683793
2025-02-18 14:46:37.619000,1.0,,14.139833,40.825,Campi Flegrei,41746272,2025,2,2025-02-18,31.622776601683793
2025-02-18 19:13:25.619000,1.2,,14.1425,40.828,Campi Flegrei,41748762,2025,2,2025-02-18,63.0957344480193
2025-02-18 21:31:27.480000,1.1,,14.142333,40.828333,Campi Flegrei,41749222,2025,2,2025-02-18,44.668359215096324
2025-02-19 00:31:12.549000,3.1,,14.148,40.8345,Campi Flegrei,41749832,2025,2,2025-02-19,44668.359215096345
2025-02-19 01:30:00.210000,1.0,,14.1465,40.831333,Campi Flegrei,41750192,2025,2,2025-02-19,31.622776601683793
2025-02-19 01:46:07.930000,1.6,,14.147667,40.832333,Campi Flegrei,41750212,2025,2,2025-02-19,251.18864315095823
2025-02-19 01:47:47.269000,1.0,,14.1445,40.831333,Campi Flegrei,41750262,2025,2,2025-02-19,31.622776601683793
2025-02-19 03:04:15.519000,3.0,,14.146167,40.83,Campi Flegrei,41750822,2025,2,2025-02-19,31622.776601683792
2025-02-19 04:12:49.420000,1.6,,14.151667,40.833,Campi Flegrei,41751222,2025,2,2025-02-19,251.18864315095823
2025-02-19 04:28:22.309000,1.0,,14.147333,40.828667,Campi Flegrei,41751452,2025,2,2025-02-19,31.622776601683793
2025-02-19 05:53:07.640000,1.0,,14.147167,40.829833,Campi Flegrei,41752022,2025,2,2025-02-19,31.622776601683793
2025-02-19 08:51:31.599000,1.2,,14.142167,40.818333,Campi Flegrei,41753372,2025,2,2025-02-19,63.0957344480193
2025-02-19 14:55:11.180000,3.2,,14.145,40.828167,Campi Flegrei,41755672,2025,2,2025-02-19,63095.73444801943
2025-02-19 14:55:35.940000,3.1,,14.139667,40.824833,Campi Flegrei,41756082,2025,2,2025-02-19,44668.359215096345
2025-02-20 01:34:41.900000,2.3,,14.1455,40.8295,Campi Flegrei,41757542,2025,2,2025-02-20,2818.382931264452
2025-02-20 07:58:59.450000,1.1,,14.145,40.829,Campi Flegrei,41758822,2025,2,2025-02-20,44.668359215096324
2025-02-20 10:43:45.039000,1.0,,14.141,40.828167,Campi Flegrei,41760372,2025,2,2025-02-20,31.622776601683793
2025-02-20 12:55:44.740000,1.0,,14.143333,40.828167,Campi Flegrei,41761402,2025,2,2025-02-20,31.622776601683793
2025-02-20 14:15:46.329000,1.5,,14.141667,40.827,Campi Flegrei,41762032,2025,2,2025-02-20,177.82794100389228
2025-02-20 15:00:18.829000,1.2,,14.142833,40.829333,Campi Flegrei,41762532,2025,2,2025-02-20,63.0957344480193
2025-02-20 19:14:31.410000,1.1,,14.144667,40.827667,Campi Flegrei,42063521,2025,2,2025-02-20,44.668359215096324
2025-02-21 07:01:27.619000,1.0,,14.140667,40.826333,Campi Flegrei,41481881,2025,2,2025-02-21,31.622776601683793
2025-02-21 07:53:39.480000,2.1,,14.142833,40.828333,Campi Flegrei,41482391,2025,2,2025-02-21,1412.5375446227554
2025-02-21 17:13:31.039000,2.1,,14.144,40.828667,Campi Flegrei,41769582,2025,2,2025-02-21,1412.5375446227554
2025-02-21 17:13:56.960000,1.9,,14.142667,40.829,Campi Flegrei,41769592,2025,2,2025-02-21,707.9457843841374
2025-02-21 17:14:33.920000,1.1,,14.1485,40.828,Campi Flegrei,41769612,2025,2,2025-02-21,44.668359215096324
2025-02-21 17:15:05.140000,1.1,,14.144667,40.830833,Campi Flegrei,41769982,2025,2,2025-02-21,44.668359215096324
2025-02-21 17:15:34.890000,2.1,,14.145833,40.830667,Campi Flegrei,41769622,2025,2,2025-02-21,1412.5375446227554
2025-02-21 17:32:38.619000,1.7,,14.146167,40.830333,Campi Flegrei,41769802,2025,2,2025-02-21,354.8133892335753
2025-02-21 18:26:34.549000,1.3,,14.142,40.828333,Campi Flegrei,41770022,2025,2,2025-02-21,89.12509381337459
2025-02-21 23:23:27.059000,1.0,,14.1415,40.826333,Campi Flegrei,41770782,2025,2,2025-02-21,31.622776601683793
2025-02-22 22:05:07.589000,1.0,,14.084333,40.835833,Campi Flegrei,41777022,2025,2,2025-02-22,31.622776601683793
2025-02-24 23:58:54.730000,1.2,,14.092,40.837167,Campi Flegrei,41789312,2025,2,2025-02-24,63.0957344480193
2025-03-01 00:53:08.579000,2.2,,14.124667,40.836333,Campi Flegrei,41816522,2025,3,2025-03-01,1995.262314968881
2025-03-01 00:53:31.700000,1.2,,14.129667,40.836333,Campi Flegrei,41816542,2025,3,2025-03-01,63.0957344480193
2025-03-02 20:27:18.079000,1.0,,14.1405,40.825167,Campi Flegrei,41828602,2025,3,2025-03-02,31.622776601683793
2025-03-02 20:57:42.369000,1.3,,14.107333,40.811333,Campi Flegrei,41828682,2025,3,2025-03-02,89.12509381337459
2025-03-03 06:54:21.420000,1.3,,14.139333,40.809833,Campi Flegrei,41830092,2025,3,2025-03-03,89.12509381337459
2025-03-03 09:06:24.690000,1.0,,14.135833,40.82,Campi Flegrei,41831232,2025,3,2025-03-03,31.622776601683793
2025-03-06 07:26:08.380000,1.8,,14.0845,40.8345,Campi Flegrei,41853172,2025,3,2025-03-06,501.18723362727246
2025-03-06 14:21:55.039000,1.1,,14.117167,40.838167,Campi Flegrei,41856812,2025,3,2025-03-06,44.668359215096324
2025-03-06 20:46:08.569000,1.1,,14.142333,40.817667,Campi Flegrei,41858852,2025,3,2025-03-06,44.668359215096324
2025-03-06 20:46:36.740000,2.0,,14.141833,40.817167,Campi Flegrei,41858882,2025,3,2025-03-06,1000.0
2025-03-06 23:38:43.099000,3.4,,14.131833,40.825167,Campi Flegrei,41859192,2025,3,2025-03-06,125892.54117941661
2025-03-07 00:44:46.220000,2.0,,14.133667,40.824,Campi Flegrei,41859522,2025,3,2025-03-07,1000.0
2025-03-07 03:46:50.220000,1.0,,14.1385,40.825,Campi Flegrei,41859942,2025,3,2025-03-07,31.622776601683793
2025-03-07 07:55:39.960000,1.0,,14.0985,40.8345,Campi Flegrei,41861392,2025,3,2025-03-07,31.622776601683793
2025-03-07 20:00:23.359000,1.3,,14.140167,40.827333,Campi Flegrei,41866562,2025,3,2025-03-07,89.12509381337459
2025-03-07 20:44:58.490000,1.9,,14.123,40.837833,Campi Flegrei,41866702,2025,3,2025-03-07,707.9457843841374
2025-03-08 03:58:32.589000,1.1,,14.158333,40.8255,Campi Flegrei,41867772,2025,3,2025-03-08,44.668359215096324
2025-03-08 18:54:50.490000,1.0,,14.137333,40.807667,Campi Flegrei,41873252,2025,3,2025-03-08,31.622776601683793
2025-03-08 19:39:06.170000,1.1,,14.122667,40.7975,Campi Flegrei,41873502,2025,3,2025-03-08,44.668359215096324
2025-03-08 19:52:31.930000,1.5,,14.120167,40.809833,Campi Flegrei,41873532,2025,3,2025-03-08,177.82794100389228
2025-03-08 21:29:10.940000,2.3,,14.0935,40.810833,Campi Flegrei,41873882,2025,3,2025-03-08,2818.382931264452
2025-03-08 22:09:38.230000,1.1,,14.1005,40.816667,Campi Flegrei,41874102,2025,3,2025-03-08,44.668359215096324
2025-03-09 13:25:14.950000,1.4,,14.077,40.869,Campi Flegrei,41881112,2025,3,2025-03-09,125.89254117941663
2025-03-09 17:09:51.089000,1.3,,14.1265,40.841,Campi Flegrei,41882402,2025,3,2025-03-09,89.12509381337459
2025-03-09 19:08:08.190000,1.0,,14.128167,40.822833,Campi Flegrei,41882882,2025,3,2025-03-09,31.622776601683793
2025-03-09 22:46:36.859000,1.2,,14.092,40.831167,Campi Flegrei,41883622,2025,3,2025-03-09,63.0957344480193
2025-03-09 23:59:14.799000,2.8,,14.087,40.8345,Campi Flegrei,41883812,2025,3,2025-03-09,15848.931924611108
2025-03-10 00:41:01.880000,1.2,,14.086833,40.827167,Campi Flegrei,41883962,2025,3,2025-03-10,63.0957344480193
2025-03-10 20:55:13.859000,1.7,,14.092,40.830667,Campi Flegrei,41891962,2025,3,2025-03-10,354.8133892335753
2025-03-11 02:04:09.559000,3.2,,14.138,40.8285,Campi Flegrei,41892682,2025,3,2025-03-11,63095.73444801943
2025-03-11 02:11:06.559000,1.3,,14.140167,40.8285,Campi Flegrei,41892862,2025,3,2025-03-11,89.12509381337459
2025-03-11 02:43:50.759000,2.6,,14.133833,40.825667,Campi Flegrei,41730861,2025,3,2025-03-11,7943.282347242822
2025-03-11 02:49:45.539000,1.1,,14.1385,40.824667,Campi Flegrei,41893082,2025,3,2025-03-11,44.668359215096324
2025-03-11 02:51:52.710000,1.1,,14.133833,40.8285,Campi Flegrei,41893212,2025,3,2025-03-11,44.668359215096324
2025-03-11 03:02:19.440000,1.4,,14.133833,40.826833,Campi Flegrei,41893152,2025,3,2025-03-11,125.89254117941663
2025-03-11 12:54:48.230000,1.0,,14.122167,40.821,Campi Flegrei,41897322,2025,3,2025-03-11,31.622776601683793
2025-03-12 05:25:19.539000,1.7,,14.136,40.840667,Campi Flegrei,41901152,2025,3,2025-03-12,354.8133892335753
2025-03-12 05:27:55.789000,1.0,,14.138667,40.842,Campi Flegrei,41901192,2025,3,2025-03-12,31.622776601683793
2025-03-12 09:13:31.710000,1.2,,14.139167,40.842,Campi Flegrei,41903092,2025,3,2025-03-12,63.0957344480193
2025-03-12 19:51:44.660000,1.0,,14.128167,40.822,Campi Flegrei,41906902,2025,3,2025-03-12,31.622776601683793
2025-03-13 00:25:02.349000,4.6,,14.1575,40.818833,Campi Flegrei,41908352,2025,3,2025-03-13,7943282.347242805
2025-03-13 00:26:23.789000,1.1,,14.142333,40.827167,Campi Flegrei,41908722,2025,3,2025-03-13,44.668359215096324
2025-03-13 00:26:39.410000,1.0,,14.154333,40.825333,Campi Flegrei,41908702,2025,3,2025-03-13,31.622776601683793
2025-03-13 00:40:11.859000,1.5,,14.150833,40.814667,Campi Flegrei,41908522,2025,3,2025-03-13,177.82794100389228
2025-03-13 00:47:47.339000,1.1,,14.152667,40.808667,Campi Flegrei,41908682,2025,3,2025-03-13,44.668359215096324
2025-03-13 01:27:16.940000,1.2,,14.157333,40.820333,Campi Flegrei,41908852,2025,3,2025-03-13,63.0957344480193
2025-03-13 02:26:38.390000,1.1,,14.155333,40.821333,Campi Flegrei,41909292,2025,3,2025-03-13,44.668359215096324
2025-03-13 07:24:13.480000,1.7,,14.149667,40.817333,Campi Flegrei,41911472,2025,3,2025-03-13,354.8133892335753
2025-03-13 10:09:16.009000,1.3,,14.124167,40.836333,Campi Flegrei,41914102,2025,3,2025-03-13,89.12509381337459
2025-03-14 02:52:06.539000,1.0,,14.158167,40.818,Campi Flegrei,41922742,2025,3,2025-03-14,31.622776601683793
2025-03-14 18:44:10.519000,3.5,,14.1575,40.819667,Campi Flegrei,41936002,2025,3,2025-03-14,177827.94100389228
2025-03-14 21:42:41.680000,2.5,,14.092,40.825833,Campi Flegrei,41938122,2025,3,2025-03-14,5623.413251903491
2025-03-15 08:28:57.950000,1.1,,14.153,40.813333,Campi Flegrei,41942132,2025,3,2025-03-15,44.668359215096324
2025-03-15 12:32:27.089000,3.3,,14.132333,40.829667,Campi Flegrei,41944592,2025,3,2025-03-15,89125.0938133744
2025-03-16 13:18:43.920000,1.0,,14.155167,40.814333,Campi Flegrei,41956952,2025,3,2025-03-16,31.622776601683793
2025-03-16 17:37:19.740000,1.2,,14.155333,40.811167,Campi Flegrei,41959692,2025,3,2025-03-16,63.0957344480193
2025-03-17 16:07:55.819000,1.0,,14.107667,40.829,Campi Flegrei,41967352,2025,3,2025-03-17,31.622776601683793
2025-03-18 04:01:36.750000,1.4,,14.107833,40.7975,Campi Flegrei,41970462,2025,3,2025-03-18,125.89254117941663
2025-03-18 05:40:12.950000,1.2,,14.11,40.801833,Campi Flegrei,41970832,2025,3,2025-03-18,63.0957344480193
2025-03-19 02:48:18.670000,1.1,,14.1135,40.806,Campi Flegrei,41982832,2025,3,2025-03-19,44.668359215096324
2025-03-19 02:52:46.210000,1.3,,14.158167,40.8155,Campi Flegrei,41982862,2025,3,2025-03-19,89.12509381337459
2025-03-19 11:54:59.910000,1.0,,14.086667,40.832167,Campi Flegrei,41986132,2025,3,2025-03-19,31.622776601683793
2025-03-20 06:32:17.359000,2.0,,14.106333,40.8075,Campi Flegrei,41993022,2025,3,2025-03-20,1000.0
2025-03-25 19:51:21.779000,1.2,,14.140333,40.828,Campi Flegrei,41733941,2025,3,2025-03-25,63.0957344480193
2025-03-26 19:11:37.599000,1.2,,14.138833,40.826833,Campi Flegrei,42154792,2025,3,2025-03-26,63.0957344480193
2025-03-27 03:43:07.839000,1.0,,14.109333,40.7985,Campi Flegrei,42155622,2025,3,2025-03-27,31.622776601683793
2025-03-27 19:04:48.170000,1.3,,14.151667,40.834833,Campi Flegrei,42161152,2025,3,2025-03-27,89.12509381337459
2025-03-28 23:30:53.940000,1.0,,14.091,40.830667,Campi Flegrei,42167142,2025,3,2025-03-28,31.622776601683793
2025-03-30 11:05:55.720000,1.1,,14.1145,40.825833,Campi Flegrei,42173932,2025,3,2025-03-30,44.668359215096324
2025-03-30 22:29:40.940000,1.3,,14.148667,40.838167,Campi Flegrei,42177162,2025,3,2025-03-30,89.12509381337459
2025-03-31 16:00:20.750000,1.0,,14.084,40.827167,Campi Flegrei,42184732,2025,3,2025-03-31,31.622776601683793
2025-04-02 00:37:12.690000,1.0,,14.086667,40.808833,Campi Flegrei,42195902,2025,4,2025-04-02,31.622776601683793
2025-04-02 08:27:33.630000,2.0,,14.100333,40.814,Campi Flegrei,42197422,2025,4,2025-04-02,1000.0
2025-04-03 14:07:13.940000,1.0,,14.101667,40.826833,Campi Flegrei,42206712,2025,4,2025-04-03,31.622776601683793
2025-04-05 19:20:49.859000,1.4,,14.14,40.827333,Campi Flegrei,42355742,2025,4,2025-04-05,125.89254117941663
2025-04-07 00:55:32.710000,1.5,,14.137667,40.825167,Campi Flegrei,42363642,2025,4,2025-04-07,177.82794100389228
2025-04-07 00:56:56.539000,1.2,,14.14,40.826667,Campi Flegrei,42363672,2025,4,2025-04-07,63.0957344480193
2025-04-07 04:11:41.299000,1.7,,14.131,40.8405,Campi Flegrei,42364102,2025,4,2025-04-07,354.8133892335753
2025-04-07 07:43:32.380000,2.4,,14.135333,40.835833,Campi Flegrei,42365652,2025,4,2025-04-07,3981.071705534969
2025-04-07 11:39:49.609000,1.0,,14.09,40.8345,Campi Flegrei,42449471,2025,4,2025-04-07,31.622776601683793
2025-04-08 01:21:45.859000,1.2,,14.1155,40.807333,Campi Flegrei,42373612,2025,4,2025-04-08,63.0957344480193
2025-04-08 16:19:48.529000,1.1,,14.122667,40.831167,Campi Flegrei,42380202,2025,4,2025-04-08,44.668359215096324
2025-04-08 16:27:07.079000,1.2,,14.122833,40.836,Campi Flegrei,42380262,2025,4,2025-04-08,63.0957344480193
2025-04-10 03:19:49.819000,2.2,,14.117833,40.800833,Campi Flegrei,42389732,2025,4,2025-04-10,1995.262314968881
2025-04-10 21:38:01.089000,1.2,,14.132167,40.822833,Campi Flegrei,42399162,2025,4,2025-04-10,63.0957344480193
2025-04-10 22:30:28.099000,1.0,,14.130667,40.822833,Campi Flegrei,42399272,2025,4,2025-04-10,31.622776601683793
2025-04-11 16:07:09.250000,1.6,,14.131,40.825,Campi Flegrei,42406692,2025,4,2025-04-11,251.18864315095823
2025-04-11 20:55:54.720000,2.2,,14.132333,40.824667,Campi Flegrei,42408642,2025,4,2025-04-11,1995.262314968881
2025-04-11 20:56:03.670000,1.5,,14.142167,40.830833,Campi Flegrei,42408902,2025,4,2025-04-11,177.82794100389228
2025-04-11 20:59:20.200000,1.6,,14.128833,40.824333,Campi Flegrei,42408692,2025,4,2025-04-11,251.18864315095823
2025-04-11 21:02:26.529000,1.2,,14.129667,40.824833,Campi Flegrei,42408752,2025,4,2025-04-11,63.0957344480193
2025-04-12 12:59:54.279000,1.3,,14.126167,40.826667,Campi Flegrei,42449481,2025,4,2025-04-12,89.12509381337459
2025-04-12 21:29:15.420000,2.9,,14.135667,40.826333,Campi Flegrei,42417512,2025,4,2025-04-12,22387.21138568338
2025-04-12 21:39:08.329000,1.2,,14.137167,40.827833,Campi Flegrei,42417632,2025,4,2025-04-12,63.0957344480193
2025-04-12 21:46:37.259000,1.0,,14.134333,40.823333,Campi Flegrei,42417702,2025,4,2025-04-12,31.622776601683793
2025-04-13 01:10:48.079000,1.5,,14.120667,40.838667,Campi Flegrei,42418452,2025,4,2025-04-13,177.82794100389228
2025-04-13 12:28:58.759000,1.3,,14.125833,40.8355,Campi Flegrei,42422282,2025,4,2025-04-13,89.12509381337459
2025-04-14 04:00:39.819000,1.0,,14.134667,40.835167,Campi Flegrei,42424972,2025,4,2025-04-14,31.622776601683793
2025-04-14 16:03:25.980000,1.0,,14.097833,40.815667,Campi Flegrei,42449581,2025,4,2025-04-14,31.622776601683793
2025-04-15 20:53:10.089000,1.3,,14.140167,40.829667,Campi Flegrei,42446252,2025,4,2025-04-15,89.12509381337459
2025-04-16 00:25:00.710000,1.2,,14.124167,40.8205,Campi Flegrei,42442732,2025,4,2025-04-16,63.0957344480193
2025-04-16 23:19:00.859000,1.1,,14.151667,40.823833,Campi Flegrei,42455552,2025,4,2025-04-16,44.668359215096324
2025-04-20 01:48:00.170000,1.6,,14.137,40.8245,Campi Flegrei,42484402,2025,4,2025-04-20,251.18864315095823
2025-04-20 01:53:46.910000,2.2,,14.139667,40.8255,Campi Flegrei,42484452,2025,4,2025-04-20,1995.262314968881
2025-04-20 01:56:01.690000,1.1,,14.140667,40.824833,Campi Flegrei,42484752,2025,4,2025-04-20,44.668359215096324
2025-04-20 12:15:06.579000,1.2,,14.140833,40.827333,Campi Flegrei,42488342,2025,4,2025-04-20,63.0957344480193
2025-04-21 17:47:10.809000,1.1,,14.151667,40.835,Campi Flegrei,42501162,2025,4,2025-04-21,44.668359215096324
2025-04-21 20:08:37.109000,1.1,,14.118667,40.839,Campi Flegrei,42501962,2025,4,2025-04-21,44.668359215096324
2025-04-22 00:22:12.829000,1.6,,14.118167,40.836,Campi Flegrei,42502562,2025,4,2025-04-22,251.18864315095823
2025-04-24 00:11:24.430000,1.8,,14.157333,40.822167,Campi Flegrei,42527552,2025,4,2025-04-24,501.18723362727246
2025-04-24 01:00:45.099000,1.6,,14.130167,40.836833,Campi Flegrei,42527702,2025,4,2025-04-24,251.18864315095823
2025-04-24 01:56:20.599000,1.7,,14.155667,40.822,Campi Flegrei,42527822,2025,4,2025-04-24,354.8133892335753
2025-04-24 04:21:49.640000,2.1,,14.157333,40.821333,Campi Flegrei,42528232,2025,4,2025-04-24,1412.5375446227554
2025-04-24 20:26:06.980000,2.5,,14.117333,40.836833,Campi Flegrei,42535822,2025,4,2025-04-24,5623.413251903491
2025-04-25 00:12:30.059000,1.6,,14.123,40.837833,Campi Flegrei,42536532,2025,4,2025-04-25,251.18864315095823
2025-04-25 06:28:55.890000,2.7,,14.115167,40.835667,Campi Flegrei,42537582,2025,4,2025-04-25,11220.184543019654
2025-04-25 06:32:11.009000,1.0,,14.114667,40.834833,Campi Flegrei,42537622,2025,4,2025-04-25,31.622776601683793
2025-04-25 06:36:27.509000,1.4,,14.114667,40.838,Campi Flegrei,42537642,2025,4,2025-04-25,125.89254117941663
2025-04-27 18:51:13.670000,1.3,,14.130167,40.832667,Campi Flegrei,42559542,2025,4,2025-04-27,89.12509381337459
2025-04-27 18:51:50.890000,1.2,,14.133833,40.8315,Campi Flegrei,42559622,2025,4,2025-04-27,63.0957344480193
2025-04-27 18:54:25.509000,1.6,,14.130667,40.8325,Campi Flegrei,42559662,2025,4,2025-04-27,251.18864315095823
2025-04-27 18:58:40.049000,1.2,,14.131333,40.832833,Campi Flegrei,42559692,2025,4,2025-04-27,63.0957344480193
2025-04-29 18:57:16.720000,1.4,,14.083,40.823333,Campi Flegrei,42579062,2025,4,2025-04-29,125.89254117941663
2025-04-30 09:24:01.779000,1.0,,14.145667,40.823833,Campi Flegrei,42583072,2025,4,2025-04-30,31.622776601683793
2025-05-01 08:27:02.369000,1.4,,14.140167,40.835333,Campi Flegrei,42590872,2025,5,2025-05-01,125.89254117941663
2025-05-01 14:11:57.099000,1.1,,14.124167,40.812333,Campi Flegrei,42449591,2025,5,2025-05-01,44.668359215096324
2025-05-01 15:33:46.220000,1.3,,14.123333,40.809333,Campi Flegrei,42449661,2025,5,2025-05-01,89.12509381337459
2025-05-03 01:32:41.079000,1.4,,14.1525,40.813333,Campi Flegrei,42604472,2025,5,2025-05-03,125.89254117941663
2025-05-06 03:04:11.859000,2.3,,14.123333,40.805,Campi Flegrei,42635152,2025,5,2025-05-06,2818.382931264452
2025-05-07 00:06:54.119000,1.0,,14.0985,40.819333,Campi Flegrei,42449691,2025,5,2025-05-07,31.622776601683793
2025-05-08 13:55:45.470000,1.1,,14.133,40.829,Campi Flegrei,42656272,2025,5,2025-05-08,44.668359215096324
2025-05-12 02:35:29.549000,1.9,,14.092,40.8345,Campi Flegrei,42681772,2025,5,2025-05-12,707.9457843841374
2025-05-12 12:38:35.650000,2.0,,14.147833,40.843833,Campi Flegrei,42687972,2025,5,2025-05-12,1000.0
2025-05-13 01:58:39.289000,1.2,,14.128167,40.835,Campi Flegrei,42693082,2025,5,2025-05-13,63.0957344480193
2025-05-13 01:58:57.289000,1.2,,14.131,40.834,Campi Flegrei,42693202,2025,5,2025-05-13,63.0957344480193
2025-05-13 02:03:06.420000,1.1,,14.1285,40.836,Campi Flegrei,42693282,2025,5,2025-05-13,44.668359215096324
2025-05-13 10:06:43.990000,2.1,,14.111333,40.826333,Campi Flegrei,42697472,2025,5,2025-05-13,1412.5375446227554
2025-05-13 10:07:44.910000,4.4,,14.110333,40.828167,Campi Flegrei,42698352,2025,5,2025-05-13,3981071.7055349774
2025-05-13 10:13:59.859000,1.3,,14.122,40.824667,Campi Flegrei,42449951,2025,5,2025-05-13,89.12509381337459
2025-05-13 10:22:43.289000,3.5,,14.123833,40.825333,Campi Flegrei,42698472,2025,5,2025-05-13,177827.94100389228
2025-05-13 10:27:11.119000,1.9,,14.123333,40.823667,Campi Flegrei,42699092,2025,5,2025-05-13,707.9457843841374
2025-05-13 10:27:30.119000,1.6,,14.123667,40.822833,Campi Flegrei,42699422,2025,5,2025-05-13,251.18864315095823
2025-05-13 10:34:25.150000,1.0,,14.1295,40.8265,Campi Flegrei,42699252,2025,5,2025-05-13,31.622776601683793
2025-05-13 10:59:40.619000,1.1,,14.120333,40.827167,Campi Flegrei,42699612,2025,5,2025-05-13,44.668359215096324
2025-05-13 12:58:42.440000,3.2,,14.123833,40.825,Campi Flegrei,42701812,2025,5,2025-05-13,63095.73444801943
2025-05-13 13:01:07.220000,2.7,,14.124333,40.824,Campi Flegrei,42450651,2025,5,2025-05-13,11220.184543019654
2025-05-13 13:24:20.779000,1.2,,14.129667,40.8275,Campi Flegrei,42702402,2025,5,2025-05-13,63.0957344480193
2025-05-13 13:29:57.259000,1.0,,14.122333,40.8285,Campi Flegrei,42702462,2025,5,2025-05-13,31.622776601683793
2025-05-13 13:55:46.079000,1.0,,14.138,40.825,Campi Flegrei,42702962,2025,5,2025-05-13,31.622776601683793
2025-05-13 14:47:08.359000,1.0,,14.139167,40.830833,Campi Flegrei,42703552,2025,5,2025-05-13,31.622776601683793
2025-05-13 15:52:11.099000,1.3,,14.135,40.825,Campi Flegrei,42704212,2025,5,2025-05-13,89.12509381337459
2025-05-13 15:53:41.119000,1.4,,14.134167,40.826,Campi Flegrei,42704222,2025,5,2025-05-13,125.89254117941663
2025-05-13 15:54:58.750000,1.4,,14.1355,40.823333,Campi Flegrei,42704352,2025,5,2025-05-13,125.89254117941663
2025-05-14 02:52:37.420000,1.0,,14.1265,40.826667,Campi Flegrei,42707732,2025,5,2025-05-14,31.622776601683793
2025-05-14 03:39:45.670000,1.0,,14.1295,40.822167,Campi Flegrei,42707842,2025,5,2025-05-14,31.622776601683793
2025-05-14 12:23:00.240000,3.5,,14.143833,40.835,Campi Flegrei,42711862,2025,5,2025-05-14,177827.94100389228
2025-05-14 12:23:05.019000,2.5,,14.130833,40.8335,Campi Flegrei,42712342,2025,5,2025-05-14,5623.413251903491
2025-05-14 12:24:19.920000,1.3,,14.131833,40.833667,Campi Flegrei,42712092,2025,5,2025-05-14,89.12509381337459
2025-05-14 12:35:54.579000,1.2,,14.152667,40.83,Campi Flegrei,42711982,2025,5,2025-05-14,63.0957344480193
2025-05-17 10:02:25.740000,1.1,,14.136167,40.837167,Campi Flegrei,42738942,2025,5,2025-05-17,44.668359215096324
2025-05-17 17:42:37.519000,1.2,,14.127833,40.824,Campi Flegrei,42743252,2025,5,2025-05-17,63.0957344480193
2025-05-18 05:27:05.970000,1.7,,14.148833,40.805167,Campi Flegrei,42746302,2025,5,2025-05-18,354.8133892335753
2025-05-18 07:13:29.259000,1.8,,14.1485,40.828,Campi Flegrei,42747102,2025,5,2025-05-18,501.18723362727246
2025-05-18 22:25:06.200000,1.1,,14.1435,40.8335,Campi Flegrei,42754752,2025,5,2025-05-18,44.668359215096324
2025-05-20 11:01:43.349000,1.0,,14.143333,40.829333,Campi Flegrei,42768902,2025,5,2025-05-20,31.622776601683793
2025-05-22 16:59:15.640000,1.0,,14.131333,40.834667,Campi Flegrei,42450661,2025,5,2025-05-22,31.622776601683793
2025-05-23 10:44:16.220000,2.6,,14.094167,40.830667,Campi Flegrei,42799812,2025,5,2025-05-23,7943.282347242822
2025-05-25 17:27:54.970000,2.3,,14.143333,40.8275,Campi Flegrei,42821512,2025,5,2025-05-25,2818.382931264452
2025-05-26 22:43:01.289000,1.0,,14.142,40.828667,Campi Flegrei,42242671,2025,5,2025-05-26,31.622776601683793
2025-05-27 02:10:47.259000,1.0,,14.1365,40.821833,Campi Flegrei,42243181,2025,5,2025-05-27,31.622776601683793
2025-05-27 22:39:46.960000,1.0,,14.1535,40.817667,Campi Flegrei,42450701,2025,5,2025-05-27,31.622776601683793
2025-05-28 20:03:36.099000,1.9,,14.142,40.825,Campi Flegrei,42260791,2025,5,2025-05-28,707.9457843841374
2025-05-31 18:46:07.500000,1.0,,14.123167,40.8365,Campi Flegrei,42450731,2025,5,2025-05-31,31.622776601683793
2025-06-02 10:01:53.569000,1.0,,14.137833,40.8315,Campi Flegrei,42777781,2025,6,2025-06-02,31.622776601683793
2025-06-03 03:59:54.440000,1.1,,14.132167,40.838167,Campi Flegrei,42908952,2025,6,2025-06-03,44.668359215096324
2025-06-04 03:44:20.450000,1.0,,14.110667,40.8055,Campi Flegrei,42917972,2025,6,2025-06-04,31.622776601683793
2025-06-05 04:39:01.829000,2.3,,14.148,40.826833,Campi Flegrei,42927122,2025,6,2025-06-05,2818.382931264452
2025-06-05 04:43:58.160000,1.3,,14.150667,40.827333,Campi Flegrei,42927912,2025,6,2025-06-05,89.12509381337459
2025-06-05 04:44:48.309000,2.2,,14.1495,40.827833,Campi Flegrei,42927262,2025,6,2025-06-05,1995.262314968881
2025-06-05 04:48:25.390000,3.2,,14.148667,40.827167,Campi Flegrei,42927332,2025,6,2025-06-05,63095.73444801943
2025-06-05 04:50:59.230000,2.1,,14.152333,40.8275,Campi Flegrei,42927432,2025,6,2025-06-05,1412.5375446227554
2025-06-05 07:25:15.009000,1.1,,14.146,40.8265,Campi Flegrei,42928802,2025,6,2025-06-05,44.668359215096324
2025-06-05 08:51:50.500000,1.5,,14.128167,40.7985,Campi Flegrei,42929662,2025,6,2025-06-05,177.82794100389228
2025-06-05 13:33:15.690000,1.3,,14.1455,40.828667,Campi Flegrei,42932632,2025,6,2025-06-05,89.12509381337459
2025-06-05 13:51:03.750000,2.0,,14.1505,40.832,Campi Flegrei,42932792,2025,6,2025-06-05,1000.0
2025-06-05 16:59:40.170000,2.8,,14.1455,40.8315,Campi Flegrei,42934552,2025,6,2025-06-05,15848.931924611108
2025-06-05 18:30:54.619000,1.0,,14.143833,40.829833,Campi Flegrei,42935222,2025,6,2025-06-05,31.622776601683793
2025-06-06 00:26:22.170000,1.2,,14.1365,40.823333,Campi Flegrei,42936042,2025,6,2025-06-06,63.0957344480193
2025-06-06 00:28:10.980000,1.1,,14.1365,40.821667,Campi Flegrei,42936092,2025,6,2025-06-06,44.668359215096324
2025-06-06 17:31:06.230000,3.2,,14.129167,40.8215,Campi Flegrei,42944912,2025,6,2025-06-06,63095.73444801943
2025-06-07 02:10:16.769000,1.2,,14.146833,40.8235,Campi Flegrei,42946462,2025,6,2025-06-07,63.0957344480193
2025-06-07 08:21:28.130000,1.3,,14.111167,40.803167,Campi Flegrei,42948712,2025,6,2025-06-07,89.12509381337459
2025-06-07 09:01:41.710000,1.3,,14.1105,40.796,Campi Flegrei,42949022,2025,6,2025-06-07,89.12509381337459
2025-06-07 18:48:49.319000,1.0,,14.122333,40.837,Campi Flegrei,42955652,2025,6,2025-06-07,31.622776601683793
2025-06-07 19:45:34.789000,2.6,,14.138333,40.820333,Campi Flegrei,42955982,2025,6,2025-06-07,7943.282347242822
2025-06-07 20:32:34.220000,1.0,,14.137667,40.816833,Campi Flegrei,42956392,2025,6,2025-06-07,31.622776601683793
2025-06-07 20:55:58.309000,2.3,,14.139667,40.820833,Campi Flegrei,42956402,2025,6,2025-06-07,2818.382931264452
2025-06-07 20:57:37.000000,1.9,,14.138,40.816167,Campi Flegrei,42956532,2025,6,2025-06-07,707.9457843841374
2025-06-07 21:00:45.119000,1.0,,14.139833,40.819333,Campi Flegrei,42956472,2025,6,2025-06-07,31.622776601683793
2025-06-07 21:03:27.089000,1.2,,14.142333,40.818333,Campi Flegrei,42956482,2025,6,2025-06-07,63.0957344480193
2025-06-07 21:45:29.190000,1.9,,14.145833,40.819,Campi Flegrei,42956732,2025,6,2025-06-07,707.9457843841374
2025-06-07 22:21:41.460000,1.0,,14.142667,40.819667,Campi Flegrei,42956912,2025,6,2025-06-07,31.622776601683793
2025-06-07 22:54:52.400000,1.3,,14.142167,40.818833,Campi Flegrei,42957122,2025,6,2025-06-07,89.12509381337459
2025-06-08 05:14:12.170000,2.1,,14.140833,40.823333,Campi Flegrei,42957862,2025,6,2025-06-08,1412.5375446227554
2025-06-08 05:33:57.960000,1.0,,14.143333,40.8225,Campi Flegrei,42958002,2025,6,2025-06-08,31.622776601683793
2025-06-08 06:04:21.559000,1.1,,14.145167,40.819833,Campi Flegrei,42777801,2025,6,2025-06-08,44.668359215096324
2025-06-08 23:19:17.650000,1.3,,14.116167,40.829667,Campi Flegrei,42967232,2025,6,2025-06-08,89.12509381337459
2025-06-10 01:06:56.230000,1.2,,14.1175,40.807167,Campi Flegrei,42777821,2025,6,2025-06-10,63.0957344480193
2025-06-10 23:12:08.430000,1.3,,14.109833,40.811833,Campi Flegrei,42988832,2025,6,2025-06-10,89.12509381337459
2025-06-12 03:33:24.250000,1.7,,14.117333,40.838333,Campi Flegrei,42777831,2025,6,2025-06-12,354.8133892335753
2025-06-12 03:48:57.559000,1.3,,14.1205,40.8385,Campi Flegrei,43027442,2025,6,2025-06-12,89.12509381337459
2025-06-12 18:22:43.059000,1.0,,14.087667,40.838,Campi Flegrei,42777931,2025,6,2025-06-12,31.622776601683793
2025-06-14 01:11:02.319000,1.2,,14.1335,40.833167,Campi Flegrei,43069722,2025,6,2025-06-14,63.0957344480193
2025-06-15 05:56:37.529000,1.7,,14.139,40.824833,Campi Flegrei,43081282,2025,6,2025-06-15,354.8133892335753
2025-06-15 16:43:05.660000,1.5,,14.1255,40.8325,Campi Flegrei,43087752,2025,6,2025-06-15,177.82794100389228
2025-06-19 08:29:20.490000,1.1,,14.154167,40.815833,Campi Flegrei,43135152,2025,6,2025-06-19,44.668359215096324
2025-06-19 08:42:22.400000,1.9,,14.1555,40.816167,Campi Flegrei,43135342,2025,6,2025-06-19,707.9457843841374
2025-06-19 08:42:26.910000,1.6,,14.1545,40.812667,Campi Flegrei,43135742,2025,6,2025-06-19,251.18864315095823
2025-06-19 21:37:30.869000,1.9,,14.095333,40.837167,Campi Flegrei,43144182,2025,6,2025-06-19,707.9457843841374
2025-06-19 21:47:02.180000,1.5,,14.140167,40.824667,Campi Flegrei,43144232,2025,6,2025-06-19,177.82794100389228
2025-06-20 23:01:01.809000,1.5,,14.139333,40.830167,Campi Flegrei,43157242,2025,6,2025-06-20,177.82794100389228
2025-06-20 23:01:46.119000,1.1,,14.14,40.83,Campi Flegrei,43157282,2025,6,2025-06-20,44.668359215096324
2025-06-21 02:55:48.940000,2.3,,14.126833,40.839333,Campi Flegrei,43158092,2025,6,2025-06-21,2818.382931264452
2025-06-21 03:00:12.640000,3.2,,14.122667,40.837667,Campi Flegrei,43158122,2025,6,2025-06-21,63095.73444801943
2025-06-21 03:00:39.710000,2.0,,14.124333,40.839333,Campi Flegrei,43158342,2025,6,2025-06-21,1000.0
2025-06-21 03:16:45.009000,1.6,,14.1195,40.835667,Campi Flegrei,43158222,2025,6,2025-06-21,251.18864315095823
2025-06-21 11:43:51.549000,1.0,,14.127833,40.834667,Campi Flegrei,42778011,2025,6,2025-06-21,31.622776601683793
2025-06-22 00:02:27.220000,1.3,,14.112167,40.809667,Campi Flegrei,43167202,2025,6,2025-06-22,89.12509381337459
2025-06-22 15:06:28.900000,1.8,,14.147833,40.8065,Campi Flegrei,43172052,2025,6,2025-06-22,501.18723362727246
2025-06-22 19:59:09.339000,1.6,,14.126333,40.797667,Campi Flegrei,43173932,2025,6,2025-06-22,251.18864315095823
2025-06-24 01:57:16.619000,1.8,,14.086,40.817833,Campi Flegrei,43185582,2025,6,2025-06-24,501.18723362727246
2025-06-24 02:04:44.369000,1.5,,14.1005,40.819333,Campi Flegrei,43185672,2025,6,2025-06-24,177.82794100389228
2025-06-24 15:03:01.019000,1.5,,14.136333,40.839,Campi Flegrei,43193202,2025,6,2025-06-24,177.82794100389228
2025-06-27 14:25:32.369000,1.9,,14.081667,40.824167,Campi Flegrei,43246782,2025,6,2025-06-27,707.9457843841374
2025-06-28 20:07:38.980000,1.3,,14.124167,40.810833,Campi Flegrei,43258242,2025,6,2025-06-28,89.12509381337459
2025-06-29 02:16:53.740000,1.5,,14.132333,40.822167,Campi Flegrei,43259232,2025,6,2025-06-29,177.82794100389228
2025-06-30 10:47:11.759000,4.6,,14.095833,40.808,Campi Flegrei,43270472,2025,6,2025-06-30,7943282.347242805
2025-06-30 10:51:17.319000,2.2,,14.117,40.805833,Campi Flegrei,43270512,2025,6,2025-06-30,1995.262314968881
2025-06-30 10:59:16.200000,1.6,,14.117833,40.8,Campi Flegrei,43270672,2025,6,2025-06-30,251.18864315095823
2025-06-30 11:25:50.470000,1.1,,14.108833,40.808167,Campi Flegrei,43270972,2025,6,2025-06-30,44.668359215096324
2025-06-30 14:38:53.950000,1.1,,14.106,40.811333,Campi Flegrei,43272382,2025,6,2025-06-30,44.668359215096324
2025-06-30 17:43:19.319000,1.1,,14.1065,40.802167,Campi Flegrei,43273772,2025,6,2025-06-30,44.668359215096324
2025-07-03 07:00:08.099000,2.6,,14.150167,40.835167,Campi Flegrei,43298652,2025,7,2025-07-03,7943.282347242822
2025-07-05 08:46:45.359000,1.0,,14.160667,40.814333,Campi Flegrei,43321482,2025,7,2025-07-05,31.622776601683793
2025-07-05 19:26:35.539000,1.2,,14.163167,40.817833,Campi Flegrei,43328142,2025,7,2025-07-05,63.0957344480193
2025-07-06 04:10:23.660000,1.0,,14.128167,40.838833,Campi Flegrei,43330112,2025,7,2025-07-06,31.622776601683793
2025-07-06 10:22:38.369000,1.2,,14.151667,40.830167,Campi Flegrei,43333592,2025,7,2025-07-06,63.0957344480193
2025-07-06 19:27:01.519000,1.2,,14.123,40.801167,Campi Flegrei,43339292,2025,7,2025-07-06,63.0957344480193
2025-07-09 03:35:59.950000,1.0,,14.140667,40.824167,Campi Flegrei,43370922,2025,7,2025-07-09,31.622776601683793
2025-07-09 09:05:43.500000,1.1,,14.132667,40.8255,Campi Flegrei,43372942,2025,7,2025-07-09,44.668359215096324
2025-07-09 09:14:32.230000,1.6,,14.1285,40.830833,Campi Flegrei,43373052,2025,7,2025-07-09,251.18864315095823
2025-07-09 10:08:01.690000,1.5,,14.132,40.828333,Campi Flegrei,43373832,2025,7,2025-07-09,177.82794100389228
2025-07-10 06:38:49.130000,1.2,,14.151667,40.826,Campi Flegrei,43380032,2025,7,2025-07-10,63.0957344480193
2025-07-14 19:25:36.829000,1.0,,14.1615,40.820833,Campi Flegrei,43421722,2025,7,2025-07-14,31.622776601683793
2025-07-14 23:39:35.170000,1.3,,14.110333,40.8355,Campi Flegrei,43422422,2025,7,2025-07-14,89.12509381337459
2025-07-15 13:12:29.759000,2.1,,14.085833,40.832,Campi Flegrei,43427062,2025,7,2025-07-15,1412.5375446227554
2025-07-17 23:44:53.839000,1.0,,14.128833,40.8335,Campi Flegrei,43449592,2025,7,2025-07-17,31.622776601683793
2025-07-18 07:14:22.079000,4.0,,14.155667,40.817,Campi Flegrei,43451602,2025,7,2025-07-18,1000000.0
2025-07-18 07:36:05.269000,1.5,,14.143667,40.8255,Campi Flegrei,43452012,2025,7,2025-07-18,177.82794100389228
2025-07-18 07:37:51.329000,1.5,,14.139,40.824167,Campi Flegrei,43452072,2025,7,2025-07-18,177.82794100389228
2025-07-18 12:10:47.440000,1.5,,14.157667,40.822333,Campi Flegrei,43454742,2025,7,2025-07-18,177.82794100389228
2025-07-18 18:04:24.190000,1.3,,14.104,40.822333,Campi Flegrei,43457262,2025,7,2025-07-18,89.12509381337459
2025-07-18 22:08:57.400000,1.7,,14.114333,40.831,Campi Flegrei,43458442,2025,7,2025-07-18,354.8133892335753
2025-07-18 22:29:28.259000,1.6,,14.106667,40.838333,Campi Flegrei,43458582,2025,7,2025-07-18,251.18864315095823
2025-07-18 22:30:07.029000,1.6,,14.110667,40.837167,Campi Flegrei,43458532,2025,7,2025-07-18,251.18864315095823
2025-07-18 23:03:23.089000,1.1,,14.1125,40.837167,Campi Flegrei,43458612,2025,7,2025-07-18,44.668359215096324
2025-07-19 08:58:35.750000,1.5,,14.106833,40.839667,Campi Flegrei,43461082,2025,7,2025-07-19,177.82794100389228
2025-07-19 10:22:55.200000,1.9,,14.1135,40.836,Campi Flegrei,43461832,2025,7,2025-07-19,707.9457843841374
2025-07-20 16:56:26.990000,1.2,,14.100833,40.8015,Campi Flegrei,43473042,2025,7,2025-07-20,63.0957344480193
2025-07-22 00:07:13.910000,1.1,,14.133167,40.824833,Campi Flegrei,43486992,2025,7,2025-07-22,44.668359215096324
2025-07-22 12:43:45.890000,1.2,,14.130333,40.84,Campi Flegrei,43492612,2025,7,2025-07-22,63.0957344480193
2025-07-23 21:14:21.660000,1.0,,14.085667,40.829667,Campi Flegrei,43507942,2025,7,2025-07-23,31.622776601683793
2025-07-25 04:36:10.319000,1.2,,14.141,40.822667,Campi Flegrei,43517852,2025,7,2025-07-25,63.0957344480193
2025-07-25 05:12:31.009000,1.4,,14.135333,40.823167,Campi Flegrei,43518352,2025,7,2025-07-25,125.89254117941663
2025-07-26 00:47:05.519000,1.0,,14.132167,40.818333,Campi Flegrei,43527212,2025,7,2025-07-26,31.622776601683793
2025-07-26 05:16:28.930000,1.1,,14.117333,40.8075,Campi Flegrei,43528072,2025,7,2025-07-26,44.668359215096324
2025-07-27 15:56:36.000000,1.3,,14.146833,40.828,Campi Flegrei,43545142,2025,7,2025-07-27,89.12509381337459
2025-07-29 03:37:34.109000,1.8,,14.142333,40.8265,Campi Flegrei,43558732,2025,7,2025-07-29,501.18723362727246
2025-07-29 12:41:02.240000,1.0,,14.132,40.835167,Campi Flegrei,43562742,2025,7,2025-07-29,31.622776601683793
2025-07-30 00:37:23.250000,1.0,,14.145333,40.821667,Campi Flegrei,43567672,2025,7,2025-07-30,31.622776601683793
2025-07-30 21:05:58.890000,1.0,,14.136333,40.820333,Campi Flegrei,43578322,2025,7,2025-07-30,31.622776601683793
2025-07-30 22:47:26.900000,1.8,,14.1365,40.821667,Campi Flegrei,43578672,2025,7,2025-07-30,501.18723362727246
2025-07-30 22:48:28.769000,1.0,,14.137667,40.822167,Campi Flegrei,43578722,2025,7,2025-07-30,31.622776601683793
2025-07-31 01:45:37.920000,1.2,,14.134833,40.820833,Campi Flegrei,43579272,2025,7,2025-07-31,63.0957344480193
2025-08-01 02:24:24.160000,1.1,,14.096833,40.815667,Campi Flegrei,43588852,2025,8,2025-08-01,44.668359215096324
2025-08-02 22:45:41.220000,2.4,,14.133833,40.8315,Campi Flegrei,43610042,2025,8,2025-08-02,3981.071705534969
2025-08-02 23:54:24.859000,1.0,,14.138,40.8315,Campi Flegrei,43610432,2025,8,2025-08-02,31.622776601683793
2025-08-03 00:53:53.089000,1.3,,14.128833,40.83,Campi Flegrei,43610762,2025,8,2025-08-03,89.12509381337459
2025-08-03 05:12:35.650000,1.4,,14.1315,40.832167,Campi Flegrei,43611332,2025,8,2025-08-03,125.89254117941663
2025-08-03 14:24:46.769000,1.6,,14.1315,40.838833,Campi Flegrei,43618792,2025,8,2025-08-03,251.18864315095823
2025-08-05 23:35:52.359000,2.0,,14.140167,40.8315,Campi Flegrei,43639632,2025,8,2025-08-05,1000.0
2025-08-08 06:36:40.059000,1.5,,14.144667,40.832667,Campi Flegrei,43660812,2025,8,2025-08-08,177.82794100389228
2025-08-09 19:11:23.769000,1.3,,14.103833,40.804667,Campi Flegrei,43678492,2025,8,2025-08-09,89.12509381337459
2025-08-09 20:30:23.059000,1.0,,14.137167,40.821167,Campi Flegrei,43678752,2025,8,2025-08-09,31.622776601683793
2025-08-09 21:02:32.640000,1.0,,14.134167,40.821333,Campi Flegrei,43678922,2025,8,2025-08-09,31.622776601683793
2025-08-09 21:03:22.049000,1.6,,14.136167,40.820833,Campi Flegrei,43678962,2025,8,2025-08-09,251.18864315095823
2025-08-10 00:03:21.970000,1.0,,14.1085,40.800833,Campi Flegrei,43679842,2025,8,2025-08-10,31.622776601683793
2025-08-10 04:43:16.569000,1.2,,14.135667,40.821333,Campi Flegrei,43680582,2025,8,2025-08-10,63.0957344480193
2025-08-10 13:51:05.529000,1.0,,14.118667,40.840333,Campi Flegrei,43684962,2025,8,2025-08-10,31.622776601683793
2025-08-10 13:51:11.799000,1.1,,14.1105,40.8405,Campi Flegrei,43685152,2025,8,2025-08-10,44.668359215096324
2025-08-11 08:35:37.369000,1.3,,14.1425,40.825167,Campi Flegrei,43691622,2025,8,2025-08-11,89.12509381337459
2025-08-11 17:15:09.900000,1.2,,14.089333,40.817167,Campi Flegrei,43696582,2025,8,2025-08-11,63.0957344480193
2025-08-11 18:41:08.579000,2.3,,14.157,40.823167,Campi Flegrei,43697532,2025,8,2025-08-11,2818.382931264452
2025-08-12 01:45:16.380000,1.6,,14.1105,40.836667,Campi Flegrei,43698662,2025,8,2025-08-12,251.18864315095823
2025-08-12 15:54:24.329000,1.1,,14.1315,40.836667,Campi Flegrei,43706962,2025,8,2025-08-12,44.668359215096324
2025-08-14 09:36:12.369000,1.5,,14.131833,40.8315,Campi Flegrei,43729122,2025,8,2025-08-14,177.82794100389228
2025-08-14 09:36:35.839000,1.3,,14.132667,40.834333,Campi Flegrei,43729182,2025,8,2025-08-14,89.12509381337459
2025-08-14 09:36:56.210000,1.3,,14.128,40.832167,Campi Flegrei,43729432,2025,8,2025-08-14,89.12509381337459
2025-08-15 14:54:41.170000,1.0,,14.149,40.811833,Campi Flegrei,43752402,2025,8,2025-08-15,31.622776601683793
2025-08-15 22:49:55.940000,1.2,,14.143333,40.820333,Campi Flegrei,43759872,2025,8,2025-08-15,63.0957344480193
2025-08-16 00:50:49.009000,1.1,,14.13,40.822833,Campi Flegrei,43760342,2025,8,2025-08-16,44.668359215096324
2025-08-16 03:25:56.039000,1.4,,14.147833,40.823167,Campi Flegrei,43760712,2025,8,2025-08-16,125.89254117941663
2025-08-17 03:05:22.200000,2.2,,14.116667,40.839667,Campi Flegrei,43774192,2025,8,2025-08-17,1995.262314968881
2025-08-17 03:20:41.750000,1.0,,14.129,40.835833,Campi Flegrei,43774262,2025,8,2025-08-17,31.622776601683793
2025-08-17 05:56:59.410000,1.0,,14.14,40.823167,Campi Flegrei,43774682,2025,8,2025-08-17,31.622776601683793
2025-08-17 08:18:23.390000,1.4,,14.1275,40.835333,Campi Flegrei,43775422,2025,8,2025-08-17,125.89254117941663
2025-08-17 11:03:53.299000,1.1,,14.112333,40.8355,Campi Flegrei,43777052,2025,8,2025-08-17,44.668359215096324
2025-08-17 11:03:56.230000,1.6,,14.1315,40.837833,Campi Flegrei,43777032,2025,8,2025-08-17,251.18864315095823
2025-08-17 13:37:04.250000,1.3,,14.0925,40.819833,Campi Flegrei,43778412,2025,8,2025-08-17,89.12509381337459
2025-08-18 18:54:29.720000,1.1,,14.132167,40.823167,Campi Flegrei,43795812,2025,8,2025-08-18,44.668359215096324
2025-08-19 02:22:20.529000,1.2,,14.1345,40.820667,Campi Flegrei,43797742,2025,8,2025-08-19,63.0957344480193
2025-08-19 03:50:43.890000,1.1,,14.128667,40.824667,Campi Flegrei,43798182,2025,8,2025-08-19,44.668359215096324
2025-08-19 03:50:47.329000,1.3,,14.140167,40.835167,Campi Flegrei,43798232,2025,8,2025-08-19,89.12509381337459
2025-08-20 01:57:56.170000,1.5,,14.149333,40.827667,Campi Flegrei,43808732,2025,8,2025-08-20,177.82794100389228
2025-08-20 20:47:31.579000,1.2,,14.117,40.836667,Campi Flegrei,43817672,2025,8,2025-08-20,63.0957344480193
2025-08-22 16:30:35.859000,1.1,,14.127833,40.8095,Campi Flegrei,43841502,2025,8,2025-08-22,44.668359215096324
2025-08-23 02:50:15.380000,1.2,,14.1295,40.836333,Campi Flegrei,43843602,2025,8,2025-08-23,63.0957344480193
2025-08-23 20:55:04.960000,1.6,,14.140667,40.818833,Campi Flegrei,43853562,2025,8,2025-08-23,251.18864315095823
2025-08-23 20:57:18.509000,2.4,,14.1415,40.822667,Campi Flegrei,43853612,2025,8,2025-08-23,3981.071705534969
2025-08-23 21:00:21.519000,1.6,,14.140167,40.818,Campi Flegrei,43853652,2025,8,2025-08-23,251.18864315095823
2025-08-24 03:45:08.759000,1.4,,14.141167,40.821333,Campi Flegrei,43854542,2025,8,2025-08-24,125.89254117941663
2025-08-24 04:02:18.940000,1.1,,14.144333,40.820333,Campi Flegrei,43854602,2025,8,2025-08-24,44.668359215096324
2025-08-24 13:54:53.230000,2.0,,14.077333,40.826833,Campi Flegrei,43857742,2025,8,2025-08-24,1000.0
2025-08-25 04:33:17.880000,1.6,,14.142,40.825833,Campi Flegrei,43860782,2025,8,2025-08-25,251.18864315095823
2025-08-25 10:09:58.240000,1.0,,14.118,40.8395,Campi Flegrei,43863502,2025,8,2025-08-25,31.622776601683793
2025-08-25 13:36:17.400000,1.5,,14.133167,40.832333,Campi Flegrei,43864932,2025,8,2025-08-25,177.82794100389228
2025-08-26 05:36:33.089000,1.6,,14.15,40.823833,Campi Flegrei,43869472,2025,8,2025-08-26,251.18864315095823
2025-08-26 05:44:42.250000,1.2,,14.151667,40.8245,Campi Flegrei,43869962,2025,8,2025-08-26,63.0957344480193
2025-08-27 17:09:29.000000,1.1,,14.140333,40.824,Campi Flegrei,43888592,2025,8,2025-08-27,44.668359215096324
2025-08-27 22:45:49.049000,1.0,,14.078167,40.833167,Campi Flegrei,43889442,2025,8,2025-08-27,31.622776601683793
2025-08-28 13:02:51.220000,1.3,,14.141833,40.821167,Campi Flegrei,43894252,2025,8,2025-08-28,89.12509381337459
2025-08-28 19:53:23.569000,3.0,,14.093,40.831,Campi Flegrei,43897202,2025,8,2025-08-28,31622.776601683792
2025-08-29 00:37:46.380000,1.8,,14.144833,40.826667,Campi Flegrei,43898982,2025,8,2025-08-29,501.18723362727246
2025-08-29 10:03:29.210000,2.3,,14.1395,40.821667,Campi Flegrei,43902632,2025,8,2025-08-29,2818.382931264452
2025-08-30 20:11:46.440000,1.2,,14.139167,40.824667,Campi Flegrei,43919072,2025,8,2025-08-30,63.0957344480193
2025-08-30 20:11:58.009000,1.1,,14.139833,40.825667,Campi Flegrei,43919162,2025,8,2025-08-30,44.668359215096324
2025-08-31 09:27:27.619000,1.8,,14.124333,40.839667,Campi Flegrei,43921572,2025,8,2025-08-31,501.18723362727246
2025-08-31 14:09:21.269000,1.2,,14.141833,40.826,Campi Flegrei,43924152,2025,8,2025-08-31,63.0957344480193
2025-08-31 14:10:13.079000,3.3,,14.1415,40.818167,Campi Flegrei,43923702,2025,8,2025-08-31,89125.0938133744
2025-08-31 14:14:26.900000,1.0,,14.142333,40.819833,Campi Flegrei,43924682,2025,8,2025-08-31,31.622776601683793
2025-08-31 14:15:21.440000,1.0,,14.156167,40.817833,Campi Flegrei,43932152,2025,8,2025-08-31,31.622776601683793
2025-08-31 14:18:12.980000,1.4,,14.141833,40.819333,Campi Flegrei,43924732,2025,8,2025-08-31,125.89254117941663
2025-08-31 14:18:36.500000,1.3,,14.1405,40.820333,Campi Flegrei,43924742,2025,8,2025-08-31,89.12509381337459
2025-08-31 14:19:15.309000,1.6,,14.151167,40.812167,Campi Flegrei,43924832,2025,8,2025-08-31,251.18864315095823
2025-08-31 14:34:00.630000,1.4,,14.144667,40.818333,Campi Flegrei,43924672,2025,8,2025-08-31,125.89254117941663
2025-08-31 14:36:41.589000,3.3,,14.149,40.818667,Campi Flegrei,43924192,2025,8,2025-08-31,89125.0938133744
2025-08-31 14:38:47.400000,2.7,,14.146333,40.816333,Campi Flegrei,43924212,2025,8,2025-08-31,11220.184543019654
2025-08-31 15:59:52.839000,1.1,,14.148167,40.820667,Campi Flegrei,43925382,2025,8,2025-08-31,44.668359215096324
2025-08-31 18:31:35.180000,1.3,,14.139167,40.820333,Campi Flegrei,43926332,2025,8,2025-08-31,89.12509381337459
2025-08-31 21:36:39.059000,1.1,,14.149,40.8245,Campi Flegrei,43927062,2025,8,2025-08-31,44.668359215096324
2025-08-31 21:38:12.829000,1.6,,14.141,40.824,Campi Flegrei,43927092,2025,8,2025-08-31,251.18864315095823
2025-08-31 21:46:31.849000,1.8,,14.143333,40.826667,Campi Flegrei,43927152,2025,8,2025-08-31,501.18723362727246
2025-08-31 21:47:41.470000,1.1,,14.147667,40.824,Campi Flegrei,43927172,2025,8,2025-08-31,44.668359215096324
2025-08-31 22:33:31.019000,2.8,,14.138333,40.820333,Campi Flegrei,43927452,2025,8,2025-08-31,15848.931924611108
2025-08-31 22:38:39.950000,1.3,,14.1425,40.820333,Campi Flegrei,43927872,2025,8,2025-08-31,89.12509381337459
2025-08-31 22:40:38.349000,2.5,,14.139167,40.820333,Campi Flegrei,43927562,2025,8,2025-08-31,5623.413251903491
2025-08-31 22:45:44.119000,1.3,,14.149,40.820333,Campi Flegrei,43927662,2025,8,2025-08-31,89.12509381337459
2025-08-31 22:54:27.940000,1.1,,14.1425,40.817667,Campi Flegrei,43927782,2025,8,2025-08-31,44.668359215096324
2025-08-31 23:01:09.190000,2.1,,14.1415,40.822833,Campi Flegrei,43173381,2025,8,2025-08-31,1412.5375446227554
2025-08-31 23:05:26.950000,1.3,,14.142,40.823667,Campi Flegrei,43927852,2025,8,2025-08-31,89.12509381337459
2025-08-31 23:29:36.930000,2.8,,14.141333,40.818667,Campi Flegrei,43927942,2025,8,2025-08-31,15848.931924611108
2025-08-31 23:32:33.779000,2.0,,14.137333,40.8175,Campi Flegrei,43928002,2025,8,2025-08-31,1000.0
2025-08-31 23:51:56.869000,1.2,,14.144667,40.820333,Campi Flegrei,43928032,2025,8,2025-08-31,63.0957344480193
2025-08-31 23:54:31.380000,2.3,,14.140167,40.8185,Campi Flegrei,43928042,2025,8,2025-08-31,2818.382931264452
2025-09-01 00:02:11.380000,2.3,,14.139833,40.818833,Campi Flegrei,43928092,2025,9,2025-09-01,2818.382931264452
2025-09-01 00:03:11.369000,1.8,,14.142167,40.820333,Campi Flegrei,43928272,2025,9,2025-09-01,501.18723362727246
2025-09-01 00:05:16.819000,1.2,,14.142333,40.819333,Campi Flegrei,43928132,2025,9,2025-09-01,63.0957344480193
2025-09-01 01:05:39.460000,1.4,,14.1565,40.827667,Campi Flegrei,43928372,2025,9,2025-09-01,125.89254117941663
2025-09-01 02:55:45.400000,4.0,,14.137167,40.823,Campi Flegrei,43928662,2025,9,2025-09-01,1000000.0
2025-09-01 02:56:35.019000,1.3,,14.141667,40.816167,Campi Flegrei,43928942,2025,9,2025-09-01,89.12509381337459
2025-09-01 02:56:53.609000,1.4,,14.140333,40.8235,Campi Flegrei,43928952,2025,9,2025-09-01,125.89254117941663
2025-09-01 02:59:06.069000,1.9,,14.138167,40.825333,Campi Flegrei,43928762,2025,9,2025-09-01,707.9457843841374
2025-09-01 03:04:28.099000,1.6,,14.135167,40.824167,Campi Flegrei,43928772,2025,9,2025-09-01,251.18864315095823
2025-09-01 03:10:05.759000,1.1,,14.140167,40.821167,Campi Flegrei,43928832,2025,9,2025-09-01,44.668359215096324
2025-09-01 03:10:53.779000,1.7,,14.1455,40.822167,Campi Flegrei,43928852,2025,9,2025-09-01,354.8133892335753
2025-09-01 04:40:56.230000,1.8,,14.133167,40.823667,Campi Flegrei,43929192,2025,9,2025-09-01,501.18723362727246
2025-09-01 06:07:45.589000,1.0,,14.133333,40.825333,Campi Flegrei,43929722,2025,9,2025-09-01,31.622776601683793
2025-09-01 08:24:22.210000,2.7,,14.151667,40.830167,Campi Flegrei,43930672,2025,9,2025-09-01,11220.184543019654
2025-09-01 08:25:09.160000,1.4,,14.147,40.831,Campi Flegrei,43930892,2025,9,2025-09-01,125.89254117941663
2025-09-01 08:52:55.619000,1.7,,14.144333,40.8285,Campi Flegrei,43930932,2025,9,2025-09-01,354.8133892335753
2025-09-01 09:34:59.880000,1.9,,14.147167,40.828667,Campi Flegrei,43931362,2025,9,2025-09-01,707.9457843841374
2025-09-01 09:54:02.210000,1.0,,14.1495,40.832667,Campi Flegrei,43931572,2025,9,2025-09-01,31.622776601683793
2025-09-01 10:53:42.710000,1.4,,14.150833,40.8345,Campi Flegrei,43931982,2025,9,2025-09-01,125.89254117941663
2025-09-01 15:22:01.250000,3.3,,14.147,40.829,Campi Flegrei,43933792,2025,9,2025-09-01,89125.0938133744
2025-09-02 02:10:10.839000,1.0,,14.149,40.8265,Campi Flegrei,43936032,2025,9,2025-09-02,31.622776601683793
2025-09-04 07:07:38.500000,1.8,,14.138,40.824333,Campi Flegrei,43954972,2025,9,2025-09-04,501.18723362727246
2025-09-06 00:13:13.920000,1.0,,14.149,40.829,Campi Flegrei,43970972,2025,9,2025-09-06,31.622776601683793
2025-09-06 05:18:11.730000,1.2,,14.133167,40.826667,Campi Flegrei,43971912,2025,9,2025-09-06,63.0957344480193
2025-09-06 14:38:23.339000,1.3,,14.138,40.838167,Campi Flegrei,43976202,2025,9,2025-09-06,89.12509381337459
2025-09-07 15:28:33.769000,1.1,,14.132667,40.841833,Campi Flegrei,43985182,2025,9,2025-09-07,44.668359215096324
2025-09-08 16:05:02.200000,1.2,,14.138833,40.815833,Campi Flegrei,43993762,2025,9,2025-09-08,63.0957344480193
2025-09-12 15:11:31.720000,1.8,,14.122333,40.8365,Campi Flegrei,44029102,2025,9,2025-09-12,501.18723362727246
2025-09-12 16:00:57.680000,2.1,,14.128833,40.835833,Campi Flegrei,44029642,2025,9,2025-09-12,1412.5375446227554
2025-09-12 19:27:29.759000,1.4,,14.1255,40.839833,Campi Flegrei,44030692,2025,9,2025-09-12,125.89254117941663
2025-09-15 18:32:34.309000,2.0,,14.147333,40.824333,Campi Flegrei,44054162,2025,9,2025-09-15,1000.0
2025-09-17 18:14:08.359000,1.0,,14.1425,40.824833,Campi Flegrei,44067572,2025,9,2025-09-17,31.622776601683793
2025-09-20 01:10:00.470000,1.2,,14.119167,40.825333,Campi Flegrei,44085532,2025,9,2025-09-20,63.0957344480193
2025-09-20 19:39:04.500000,1.3,,14.118,40.827333,Campi Flegrei,44091702,2025,9,2025-09-20,89.12509381337459
2025-09-22 02:08:02.980000,1.0,,14.143667,40.8275,Campi Flegrei,44100392,2025,9,2025-09-22,31.622776601683793
2025-09-24 16:54:36.079000,1.1,,14.120333,40.834167,Campi Flegrei,44123992,2025,9,2025-09-24,44.668359215096324
2025-09-24 19:32:48.279000,1.1,,14.142667,40.820333,Campi Flegrei,44124122,2025,9,2025-09-24,44.668359215096324
2025-09-24 20:02:57.319000,1.0,,14.140667,40.819667,Campi Flegrei,44124172,2025,9,2025-09-24,31.622776601683793
2025-09-24 22:20:00.079000,1.7,,14.1425,40.821333,Campi Flegrei,44124382,2025,9,2025-09-24,354.8133892335753
2025-09-24 22:51:04.019000,1.3,,14.144833,40.820333,Campi Flegrei,44124612,2025,9,2025-09-24,89.12509381337459
2025-09-24 22:54:54.279000,1.7,,14.145167,40.821167,Campi Flegrei,44124652,2025,9,2025-09-24,354.8133892335753
2025-09-24 23:09:24.420000,1.4,,14.146333,40.820833,Campi Flegrei,44124692,2025,9,2025-09-24,125.89254117941663
2025-09-25 00:06:22.869000,1.1,,14.145167,40.820333,Campi Flegrei,44124802,2025,9,2025-09-25,44.668359215096324
2025-09-25 04:15:57.640000,1.0,,14.140833,40.821667,Campi Flegrei,44125332,2025,9,2025-09-25,31.622776601683793
2025-09-25 05:50:00.170000,1.2,,14.103667,40.829667,Campi Flegrei,44125692,2025,9,2025-09-25,63.0957344480193
2025-09-25 07:25:44.309000,1.0,,14.103,40.828667,Campi Flegrei,44126432,2025,9,2025-09-25,31.622776601683793
2025-09-25 13:18:06.369000,1.5,,14.149,40.820333,Campi Flegrei,44129422,2025,9,2025-09-25,177.82794100389228
2025-09-27 23:59:23.180000,1.1,,14.144833,40.826833,Campi Flegrei,44286862,2025,9,2025-09-27,44.668359215096324
2025-09-28 07:18:33.059000,1.0,,14.127,40.805167,Campi Flegrei,44288392,2025,9,2025-09-28,31.622776601683793
2025-09-28 22:21:52.029000,1.1,,14.145833,40.820333,Campi Flegrei,44292562,2025,9,2025-09-28,44.668359215096324
2025-09-29 05:07:59.440000,2.0,,14.126,40.818833,Campi Flegrei,44293292,2025,9,2025-09-29,1000.0
2025-09-29 11:17:07.990000,1.2,,14.13,40.822833,Campi Flegrei,44295732,2025,9,2025-09-29,63.0957344480193
2025-09-29 13:11:52.109000,1.2,,14.138333,40.8305,Campi Flegrei,44296312,2025,9,2025-09-29,63.0957344480193
2025-09-29 15:47:59.930000,1.0,,14.1305,40.835167,Campi Flegrei,44296992,2025,9,2025-09-29,31.622776601683793
2025-09-30 15:35:53.700000,1.3,,14.143333,40.827333,Campi Flegrei,44303552,2025,9,2025-09-30,89.12509381337459
2025-10-02 12:41:42.940000,1.6,,14.135167,40.838167,Campi Flegrei,44320522,2025,10,2025-10-02,251.18864315095823
2025-10-02 14:38:03.359000,1.6,,14.136667,40.839,Campi Flegrei,44321682,2025,10,2025-10-02,251.18864315095823
2025-10-02 14:46:57.980000,1.0,,14.1355,40.8355,Campi Flegrei,44321782,2025,10,2025-10-02,31.622776601683793
2025-10-02 14:48:08.650000,1.4,,14.110833,40.841167,Campi Flegrei,44322082,2025,10,2025-10-02,125.89254117941663
2025-10-02 17:56:04.079000,1.1,,14.127,40.8365,Campi Flegrei,44205571,2025,10,2025-10-02,44.668359215096324
2025-10-02 17:57:03.690000,2.7,,14.126,40.833667,Campi Flegrei,44324532,2025,10,2025-10-02,11220.184543019654
2025-10-02 18:20:18.019000,1.6,,14.1275,40.836833,Campi Flegrei,44325282,2025,10,2025-10-02,251.18864315095823
2025-10-02 18:31:01.460000,2.2,,14.132667,40.839833,Campi Flegrei,44325302,2025,10,2025-10-02,1995.262314968881
2025-10-02 19:31:59.509000,2.4,,14.148667,40.833333,Campi Flegrei,44325882,2025,10,2025-10-02,3981.071705534969
2025-10-02 19:33:26.670000,2.0,,14.145,40.834333,Campi Flegrei,44325942,2025,10,2025-10-02,1000.0
2025-10-02 19:36:56.859000,1.9,,14.146,40.835167,Campi Flegrei,44326032,2025,10,2025-10-02,707.9457843841374
2025-10-02 19:46:52.170000,2.0,,14.145333,40.835333,Campi Flegrei,44326172,2025,10,2025-10-02,1000.0
2025-10-03 00:38:58.539000,1.3,,14.129667,40.837833,Campi Flegrei,44328422,2025,10,2025-10-03,89.12509381337459
2025-10-03 01:00:46.819000,1.2,,14.112667,40.796333,Campi Flegrei,44328652,2025,10,2025-10-03,63.0957344480193
2025-10-03 01:42:06.559000,1.0,,14.130833,40.836667,Campi Flegrei,44328932,2025,10,2025-10-03,31.622776601683793
2025-10-03 03:11:24.900000,2.2,,14.120167,40.839,Campi Flegrei,44329452,2025,10,2025-10-03,1995.262314968881
2025-10-03 04:13:00.279000,2.2,,14.114667,40.836667,Campi Flegrei,44330012,2025,10,2025-10-03,1995.262314968881
2025-10-03 05:18:37.029000,1.2,,14.140167,40.8315,Campi Flegrei,44330832,2025,10,2025-10-03,63.0957344480193
2025-10-03 23:00:22.130000,1.8,,14.1165,40.837167,Campi Flegrei,44339812,2025,10,2025-10-03,501.18723362727246
2025-10-04 02:03:43.700000,1.2,,14.085333,40.839,Campi Flegrei,44340032,2025,10,2025-10-04,63.0957344480193
2025-10-04 17:59:01.869000,1.5,,14.140333,40.8285,Campi Flegrei,44343992,2025,10,2025-10-04,177.82794100389228
2025-10-04 21:33:49.539000,1.1,,14.129167,40.824167,Campi Flegrei,44345022,2025,10,2025-10-04,44.668359215096324
2025-10-04 22:50:25.789000,3.3,,14.133167,40.826,Campi Flegrei,44345642,2025,10,2025-10-04,89125.0938133744
2025-10-04 22:51:09.140000,1.2,,14.133833,40.8225,Campi Flegrei,44346112,2025,10,2025-10-04,63.0957344480193
2025-10-04 22:51:34.910000,1.5,,14.134,40.825,Campi Flegrei,44346152,2025,10,2025-10-04,177.82794100389228
2025-10-04 23:03:19.759000,1.4,,14.135833,40.827333,Campi Flegrei,44345842,2025,10,2025-10-04,125.89254117941663
2025-10-05 00:02:11.410000,1.9,,14.165833,40.815167,Campi Flegrei,44346162,2025,10,2025-10-05,707.9457843841374
2025-10-05 03:49:43.450000,1.0,,14.138333,40.825,Campi Flegrei,44346752,2025,10,2025-10-05,31.622776601683793
2025-10-06 06:06:12.680000,1.5,,14.138167,40.823667,Campi Flegrei,44353132,2025,10,2025-10-06,177.82794100389228
2025-10-08 12:12:35.769000,1.7,,14.137833,40.8355,Campi Flegrei,44376682,2025,10,2025-10-08,354.8133892335753
2025-10-09 00:09:35.279000,1.1,,14.082667,40.833333,Campi Flegrei,44379682,2025,10,2025-10-09,44.668359215096324
2025-10-09 23:22:22.259000,1.2,,14.101,40.841667,Campi Flegrei,44386562,2025,10,2025-10-09,63.0957344480193
2025-10-09 23:54:05.460000,1.1,,14.15,40.824,Campi Flegrei,44386692,2025,10,2025-10-09,44.668359215096324
2025-10-10 00:23:13.569000,1.3,,14.154333,40.828167,Campi Flegrei,44386772,2025,10,2025-10-10,89.12509381337459
2025-10-10 00:30:14.619000,1.0,,14.152333,40.825333,Campi Flegrei,44386792,2025,10,2025-10-10,31.622776601683793
2025-10-10 13:10:26.309000,1.1,,14.104167,40.8075,Campi Flegrei,44392042,2025,10,2025-10-10,44.668359215096324
2025-10-10 16:15:11.549000,1.2,,14.1315,40.835167,Campi Flegrei,44393272,2025,10,2025-10-10,63.0957344480193
2025-10-10 19:56:25.069000,1.2,,14.1245,40.799167,Campi Flegrei,44394242,2025,10,2025-10-10,63.0957344480193
2025-10-11 02:05:15.319000,1.1,,14.108833,40.8345,Campi Flegrei,44395342,2025,10,2025-10-11,44.668359215096324
2025-10-11 02:28:42.400000,1.4,,14.145167,40.826333,Campi Flegrei,44395462,2025,10,2025-10-11,125.89254117941663
2025-10-11 02:38:11.799000,1.1,,14.141667,40.823,Campi Flegrei,44395512,2025,10,2025-10-11,44.668359215096324
2025-10-11 02:52:04.019000,1.0,,14.128,40.834333,Campi Flegrei,44395542,2025,10,2025-10-11,31.622776601683793
2025-10-11 02:53:21.359000,1.1,,14.134167,40.839667,Campi Flegrei,44395602,2025,10,2025-10-11,44.668359215096324
2025-10-11 03:32:33.859000,1.2,,14.151667,40.826833,Campi Flegrei,44396562,2025,10,2025-10-11,63.0957344480193
2025-10-11 04:00:31.880000,1.8,,14.139833,40.829167,Campi Flegrei,44396692,2025,10,2025-10-11,501.18723362727246
2025-10-11 04:01:21.789000,1.6,,14.141333,40.826667,Campi Flegrei,44396622,2025,10,2025-10-11,251.18864315095823
2025-10-11 04:01:31.190000,1.1,,14.146333,40.822667,Campi Flegrei,44396702,2025,10,2025-10-11,44.668359215096324
2025-10-11 10:20:53.160000,1.9,,14.210167,40.798333,Campi Flegrei,44399332,2025,10,2025-10-11,707.9457843841374
2025-10-11 14:33:24.230000,1.3,,14.128833,40.836333,Campi Flegrei,44401522,2025,10,2025-10-11,89.12509381337459
2025-10-11 14:34:02.160000,1.5,,14.127167,40.834167,Campi Flegrei,44401552,2025,10,2025-10-11,177.82794100389228
2025-10-11 15:49:03.420000,1.2,,14.1275,40.834,Campi Flegrei,44402142,2025,10,2025-10-11,63.0957344480193
2025-10-11 16:20:44.500000,1.1,,14.138333,40.820833,Campi Flegrei,44402362,2025,10,2025-10-11,44.668359215096324
2025-10-11 20:38:39.069000,1.0,,14.140833,40.827667,Campi Flegrei,44403602,2025,10,2025-10-11,31.622776601683793
2025-10-11 21:11:44.009000,1.7,,14.138333,40.8315,Campi Flegrei,44403662,2025,10,2025-10-11,354.8133892335753
2025-10-11 21:11:55.130000,1.0,,14.136167,40.831167,Campi Flegrei,44403742,2025,10,2025-10-11,31.622776601683793
2025-10-11 21:53:18.349000,1.3,,14.137,40.8285,Campi Flegrei,44403912,2025,10,2025-10-11,89.12509381337459
2025-10-12 06:37:47.869000,1.3,,14.083667,40.829,Campi Flegrei,44405272,2025,10,2025-10-12,89.12509381337459
2025-10-12 13:35:50.480000,2.5,,14.092,40.832167,Campi Flegrei,44408162,2025,10,2025-10-12,5623.413251903491
2025-10-12 14:00:11.130000,1.8,,14.119,40.838667,Campi Flegrei,44408322,2025,10,2025-10-12,501.18723362727246
2025-10-12 14:13:45.220000,1.4,,14.088833,40.832,Campi Flegrei,44408442,2025,10,2025-10-12,125.89254117941663
2025-10-12 14:29:05.950000,1.2,,14.083833,40.830667,Campi Flegrei,44408572,2025,10,2025-10-12,63.0957344480193
2025-10-12 15:01:55.400000,2.5,,14.139,40.829833,Campi Flegrei,44408742,2025,10,2025-10-12,5623.413251903491
2025-10-12 15:02:12.329000,1.5,,14.139167,40.830833,Campi Flegrei,44409242,2025,10,2025-10-12,177.82794100389228
2025-10-12 15:04:04.220000,2.0,,14.136,40.829667,Campi Flegrei,44290481,2025,10,2025-10-12,1000.0
2025-10-13 16:08:35.450000,2.2,,14.140167,40.827333,Campi Flegrei,44416662,2025,10,2025-10-13,1995.262314968881
2025-10-13 18:40:26.450000,1.2,,14.158667,40.825833,Campi Flegrei,44417262,2025,10,2025-10-13,63.0957344480193
2025-10-14 01:52:49.390000,1.4,,14.084,40.824667,Campi Flegrei,44418542,2025,10,2025-10-14,125.89254117941663
2025-10-14 02:44:43.380000,1.2,,14.139833,40.814833,Campi Flegrei,44418862,2025,10,2025-10-14,63.0957344480193
2025-10-14 17:33:21.210000,1.1,,14.092833,40.811333,Campi Flegrei,44425282,2025,10,2025-10-14,44.668359215096324
2025-10-14 17:58:22.490000,1.3,,14.149,40.825,Campi Flegrei,44425392,2025,10,2025-10-14,89.12509381337459
2025-10-15 00:51:10.559000,2.1,,14.138667,40.8065,Campi Flegrei,44426282,2025,10,2025-10-15,1412.5375446227554
2025-10-15 03:31:56.289000,1.0,,14.151833,40.826167,Campi Flegrei,44426682,2025,10,2025-10-15,31.622776601683793
2025-10-15 14:30:51.920000,1.3,,14.099333,40.8345,Campi Flegrei,44432602,2025,10,2025-10-15,89.12509381337459
2025-10-15 17:26:33.890000,1.6,,14.137833,40.827833,Campi Flegrei,44433962,2025,10,2025-10-15,251.18864315095823
2025-10-15 21:34:50.509000,1.5,,14.142167,40.8245,Campi Flegrei,44434732,2025,10,2025-10-15,177.82794100389228
2025-10-16 04:04:02.700000,1.1,,14.118167,40.8405,Campi Flegrei,44435822,2025,10,2025-10-16,44.668359215096324
2025-10-16 21:38:37.230000,1.2,,14.125833,40.803,Campi Flegrei,44443272,2025,10,2025-10-16,63.0957344480193
2025-10-17 02:02:08.920000,1.4,,14.152833,40.8265,Campi Flegrei,44443962,2025,10,2025-10-17,125.89254117941663
2025-10-17 13:57:16.009000,1.2,,14.1285,40.832833,Campi Flegrei,44447802,2025,10,2025-10-17,63.0957344480193
2025-10-17 21:15:16.359000,2.5,,14.105667,40.8405,Campi Flegrei,44449562,2025,10,2025-10-17,5623.413251903491
2025-10-18 06:50:47.430000,1.5,,14.141667,40.828167,Campi Flegrei,44451152,2025,10,2025-10-18,177.82794100389228
2025-10-18 09:21:43.950000,1.4,,14.129333,40.8355,Campi Flegrei,44452172,2025,10,2025-10-18,125.89254117941663
2025-10-18 12:38:39.819000,1.1,,14.144333,40.828667,Campi Flegrei,44330261,2025,10,2025-10-18,44.668359215096324
2025-10-18 22:53:53.349000,1.0,,14.132667,40.835667,Campi Flegrei,44457152,2025,10,2025-10-18,31.622776601683793
2025-10-18 22:54:13.960000,1.2,,14.130167,40.833167,Campi Flegrei,44456912,2025,10,2025-10-18,63.0957344480193
2025-10-18 22:59:01.349000,2.9,,14.1245,40.8355,Campi Flegrei,44456952,2025,10,2025-10-18,22387.21138568338
2025-10-18 22:59:47.880000,1.2,,14.1255,40.834,Campi Flegrei,44457182,2025,10,2025-10-18,63.0957344480193
2025-10-18 23:05:06.460000,1.3,,14.133667,40.836833,Campi Flegrei,44457032,2025,10,2025-10-18,89.12509381337459
2025-10-19 07:50:14.240000,1.5,,14.157333,40.820333,Campi Flegrei,44458992,2025,10,2025-10-19,177.82794100389228
2025-10-19 08:08:40.839000,1.0,,14.119,40.837,Campi Flegrei,44459192,2025,10,2025-10-19,31.622776601683793
2025-10-19 14:39:12.599000,1.1,,14.131,40.8315,Campi Flegrei,44461942,2025,10,2025-10-19,44.668359215096324
2025-10-19 16:55:01.920000,1.0,,14.099833,40.803167,Campi Flegrei,44463022,2025,10,2025-10-19,31.622776601683793
2025-10-19 21:57:52.940000,2.2,,14.142167,40.827333,Campi Flegrei,44463912,2025,10,2025-10-19,1995.262314968881
2025-10-20 02:47:51.450000,2.5,,14.142333,40.843333,Campi Flegrei,44465502,2025,10,2025-10-20,5623.413251903491
2025-10-20 05:15:45.029000,1.1,,14.147333,40.8315,Campi Flegrei,44466052,2025,10,2025-10-20,44.668359215096324
2025-10-20 09:45:22.539000,1.8,,14.13,40.834,Campi Flegrei,44468172,2025,10,2025-10-20,501.18723362727246
2025-10-20 10:05:04.059000,1.3,,14.1385,40.8315,Campi Flegrei,44468272,2025,10,2025-10-20,89.12509381337459
2025-10-20 23:49:25.299000,1.3,,14.145667,40.814833,Campi Flegrei,44472252,2025,10,2025-10-20,89.12509381337459
2025-10-21 03:46:36.380000,1.0,,14.084333,40.819167,Campi Flegrei,44472562,2025,10,2025-10-21,31.622776601683793
2025-10-21 05:13:10.339000,1.0,,14.134,40.8305,Campi Flegrei,44473002,2025,10,2025-10-21,31.622776601683793
2025-10-22 01:59:25.430000,1.4,,14.105667,40.805167,Campi Flegrei,44477942,2025,10,2025-10-22,125.89254117941663
2025-10-22 04:59:04.250000,2.8,,14.098,40.811333,Campi Flegrei,44478542,2025,10,2025-10-22,15848.931924611108
2025-10-22 06:36:43.619000,1.1,,14.115667,40.810667,Campi Flegrei,44479312,2025,10,2025-10-22,44.668359215096324
2025-10-22 11:57:53.019000,1.2,,14.1375,40.8225,Campi Flegrei,44482172,2025,10,2025-10-22,63.0957344480193
2025-10-22 12:13:21.950000,1.3,,14.0915,40.812833,Campi Flegrei,44482412,2025,10,2025-10-22,89.12509381337459
2025-10-23 09:49:08.279000,1.2,,14.142167,40.830833,Campi Flegrei,44490402,2025,10,2025-10-23,63.0957344480193
2025-10-23 21:29:11.279000,1.2,,14.148167,40.823,Campi Flegrei,44501092,2025,10,2025-10-23,63.0957344480193
2025-10-23 22:24:38.069000,1.1,,14.145833,40.820333,Campi Flegrei,44501812,2025,10,2025-10-23,44.668359215096324
2025-10-24 08:06:28.750000,1.1,,14.084333,40.82,Campi Flegrei,44506012,2025,10,2025-10-24,44.668359215096324
2025-10-24 12:25:33.750000,1.7,,14.139,40.8355,Campi Flegrei,44508932,2025,10,2025-10-24,354.8133892335753
2025-10-24 12:44:12.569000,1.0,,14.129167,40.834167,Campi Flegrei,44509322,2025,10,2025-10-24,31.622776601683793
2025-10-24 20:33:40.289000,1.2,,14.132167,40.8315,Campi Flegrei,44512172,2025,10,2025-10-24,63.0957344480193
2025-10-25 02:37:49.559000,1.5,,14.140167,40.838667,Campi Flegrei,44512972,2025,10,2025-10-25,177.82794100389228
2025-10-25 22:51:49.289000,2.8,,14.1415,40.834333,Campi Flegrei,44524112,2025,10,2025-10-25,15848.931924611108
2025-10-25 22:52:13.339000,1.4,,14.140167,40.8315,Campi Flegrei,44524092,2025,10,2025-10-25,125.89254117941663
2025-10-25 22:52:44.009000,1.9,,14.136833,40.832333,Campi Flegrei,44523832,2025,10,2025-10-25,707.9457843841374
2025-10-25 22:53:16.700000,1.0,,14.133833,40.833167,Campi Flegrei,44524382,2025,10,2025-10-25,31.622776601683793
2025-10-25 22:54:42.789000,1.1,,14.140833,40.833,Campi Flegrei,44523852,2025,10,2025-10-25,44.668359215096324
2025-10-25 22:57:53.789000,1.7,,14.136833,40.834167,Campi Flegrei,44523872,2025,10,2025-10-25,354.8133892335753
2025-10-25 22:58:08.279000,1.4,,14.134167,40.8305,Campi Flegrei,44524392,2025,10,2025-10-25,125.89254117941663
2025-10-26 00:16:40.549000,1.2,,14.123667,40.8175,Campi Flegrei,44524432,2025,10,2025-10-26,63.0957344480193
2025-10-26 06:26:48.019000,1.0,,14.091,40.816667,Campi Flegrei,44526392,2025,10,2025-10-26,31.622776601683793
2025-10-27 02:52:52.359000,1.0,,14.084667,40.820333,Campi Flegrei,44538402,2025,10,2025-10-27,31.622776601683793
2025-10-27 04:39:17.589000,1.4,,14.120333,40.8335,Campi Flegrei,44538592,2025,10,2025-10-27,125.89254117941663
2025-10-28 04:13:28.450000,2.0,,14.1,40.813833,Campi Flegrei,44547042,2025,10,2025-10-28,1000.0
2025-10-28 20:44:32.180000,1.3,,14.15,40.824333,Campi Flegrei,44551602,2025,10,2025-10-28,89.12509381337459
2025-10-28 23:25:33.539000,1.1,,14.109,40.833167,Campi Flegrei,44551882,2025,10,2025-10-28,44.668359215096324
2025-10-29 04:00:30.869000,1.0,,14.116,40.8075,Campi Flegrei,44552242,2025,10,2025-10-29,31.622776601683793
2025-10-30 13:23:10.349000,1.0,,14.093333,40.833167,Campi Flegrei,44564352,2025,10,2025-10-30,31.622776601683793
2025-10-30 17:03:42.319000,1.4,,14.142667,40.829167,Campi Flegrei,44565772,2025,10,2025-10-30,125.89254117941663
2025-10-31 02:30:55.019000,2.0,,14.114,40.832833,Campi Flegrei,44567172,2025,10,2025-10-31,1000.0
2025-10-31 16:04:28.670000,1.6,,14.0805,40.825,Campi Flegrei,44571112,2025,10,2025-10-31,251.18864315095823
2025-10-31 18:23:20.599000,1.1,,14.078167,40.8345,Campi Flegrei,44571662,2025,10,2025-10-31,44.668359215096324
2025-10-31 20:10:16.509000,1.1,,14.1185,40.813,Campi Flegrei,44571862,2025,10,2025-10-31,44.668359215096324
2025-10-31 20:14:51.549000,1.0,,14.117833,40.814333,Campi Flegrei,44571902,2025,10,2025-10-31,31.622776601683793
2025-10-31 20:18:55.869000,1.0,,14.1175,40.808833,Campi Flegrei,44571922,2025,10,2025-10-31,31.622776601683793
2025-10-31 21:04:05.690000,1.2,,14.082333,40.8305,Campi Flegrei,44572102,2025,10,2025-10-31,63.0957344480193
2025-11-01 05:09:33.420000,1.1,,14.1765,40.826333,Campi Flegrei,44572912,2025,11,2025-11-01,44.668359215096324
2025-11-01 21:02:45.009000,1.4,,14.139167,40.804833,Campi Flegrei,44578472,2025,11,2025-11-01,125.89254117941663
2025-11-01 21:04:01.150000,1.5,,14.139333,40.805333,Campi Flegrei,44578482,2025,11,2025-11-01,177.82794100389228
2025-11-02 01:43:08.019000,1.0,,14.111333,40.8365,Campi Flegrei,44579642,2025,11,2025-11-02,31.622776601683793
2025-11-02 01:43:16.000000,1.8,,14.132,40.831333,Campi Flegrei,44579622,2025,11,2025-11-02,501.18723362727246
2025-11-02 02:32:54.619000,1.8,,14.120333,40.829,Campi Flegrei,44579792,2025,11,2025-11-02,501.18723362727246
2025-11-02 02:40:27.470000,2.1,,14.11,40.839167,Campi Flegrei,44579862,2025,11,2025-11-02,1412.5375446227554
2025-11-02 14:38:21.930000,1.5,,14.122167,40.827833,Campi Flegrei,44584542,2025,11,2025-11-02,177.82794100389228
2025-11-02 14:40:51.619000,1.3,,14.125833,40.828,Campi Flegrei,44584622,2025,11,2025-11-02,89.12509381337459
2025-11-02 14:51:02.069000,2.1,,14.128333,40.827,Campi Flegrei,44584792,2025,11,2025-11-02,1412.5375446227554
2025-11-02 14:53:11.759000,1.3,,14.126833,40.826833,Campi Flegrei,44584872,2025,11,2025-11-02,89.12509381337459
2025-11-02 14:58:10.579000,1.1,,14.1235,40.827167,Campi Flegrei,44585012,2025,11,2025-11-02,44.668359215096324
2025-11-02 15:00:28.460000,1.0,,14.121833,40.828,Campi Flegrei,44585092,2025,11,2025-11-02,31.622776601683793
2025-11-02 15:05:12.269000,1.0,,14.125,40.826333,Campi Flegrei,44585172,2025,11,2025-11-02,31.622776601683793
2025-11-02 15:26:09.369000,2.0,,14.120333,40.8255,Campi Flegrei,44585472,2025,11,2025-11-02,1000.0
2025-11-02 23:30:23.490000,1.2,,14.082333,40.821667,Campi Flegrei,44587682,2025,11,2025-11-02,63.0957344480193
2025-11-03 04:34:39.339000,1.5,,14.117333,40.842,Campi Flegrei,44588072,2025,11,2025-11-03,177.82794100389228
2025-11-03 06:49:10.539000,1.3,,14.1225,40.803333,Campi Flegrei,44588512,2025,11,2025-11-03,89.12509381337459
2025-11-03 08:41:06.349000,1.0,,14.151667,40.828833,Campi Flegrei,44589072,2025,11,2025-11-03,31.622776601683793
2025-11-03 09:51:36.609000,1.6,,14.134667,40.835833,Campi Flegrei,44589672,2025,11,2025-11-03,251.18864315095823
2025-11-04 18:48:22.359000,2.4,,14.1305,40.824833,Campi Flegrei,44598952,2025,11,2025-11-04,3981.071705534969
2025-11-04 19:32:53.599000,1.9,,14.129167,40.8295,Campi Flegrei,44599092,2025,11,2025-11-04,707.9457843841374
2025-11-04 20:31:53.859000,1.1,,14.130167,40.839,Campi Flegrei,44599282,2025,11,2025-11-04,44.668359215096324
2025-11-04 20:39:28.210000,1.8,,14.137,40.842833,Campi Flegrei,44599242,2025,11,2025-11-04,501.18723362727246
2025-11-05 01:36:19.940000,1.0,,14.149,40.828167,Campi Flegrei,44600302,2025,11,2025-11-05,31.622776601683793
2025-11-06 20:11:52.059000,1.1,,14.095333,40.8075,Campi Flegrei,44611332,2025,11,2025-11-06,44.668359215096324
2025-11-07 09:26:26.750000,1.0,,14.145167,40.829167,Campi Flegrei,44614112,2025,11,2025-11-07,31.622776601683793
2025-11-07 11:59:57.420000,1.5,,14.115667,40.796667,Campi Flegrei,44614682,2025,11,2025-11-07,177.82794100389228
2025-11-07 12:40:24.640000,1.7,,14.1355,40.8285,Campi Flegrei,44614952,2025,11,2025-11-07,354.8133892335753
2025-11-07 12:40:49.579000,1.5,,14.135833,40.829833,Campi Flegrei,44615172,2025,11,2025-11-07,177.82794100389228
2025-11-07 12:42:33.829000,1.3,,14.1345,40.831333,Campi Flegrei,44615002,2025,11,2025-11-07,89.12509381337459
2025-11-07 12:43:25.650000,2.2,,14.135667,40.8335,Campi Flegrei,44615012,2025,11,2025-11-07,1995.262314968881
2025-11-08 04:36:10.279000,1.0,,14.1225,40.8375,Campi Flegrei,44617972,2025,11,2025-11-08,31.622776601683793
2025-11-08 05:16:10.410000,1.0,,14.128,40.840167,Campi Flegrei,44618032,2025,11,2025-11-08,31.622776601683793
2025-11-08 06:50:10.549000,1.1,,14.140833,40.839333,Campi Flegrei,44618292,2025,11,2025-11-08,44.668359215096324
2025-11-08 12:10:17.420000,1.0,,14.133667,40.8325,Campi Flegrei,44619932,2025,11,2025-11-08,31.622776601683793
2025-11-08 22:09:17.349000,1.0,,14.138167,40.8315,Campi Flegrei,44621792,2025,11,2025-11-08,31.622776601683793
2025-11-09 05:11:44.710000,2.5,,14.145667,40.833667,Campi Flegrei,44622402,2025,11,2025-11-09,5623.413251903491
2025-11-09 05:12:40.200000,1.4,,14.149167,40.834,Campi Flegrei,44622452,2025,11,2025-11-09,125.89254117941663
2025-11-09 05:13:18.259000,1.4,,14.147667,40.831333,Campi Flegrei,44622482,2025,11,2025-11-09,125.89254117941663
2025-11-09 05:14:40.539000,1.3,,14.134833,40.8315,Campi Flegrei,44622502,2025,11,2025-11-09,89.12509381337459
2025-11-09 07:33:20.529000,1.4,,14.127333,40.833333,Campi Flegrei,44623072,2025,11,2025-11-09,125.89254117941663
2025-11-09 08:00:37.630000,1.1,,14.149,40.824667,Campi Flegrei,44623282,2025,11,2025-11-09,44.668359215096324
2025-11-09 15:18:03.190000,1.2,,14.081167,40.830333,Campi Flegrei,44626022,2025,11,2025-11-09,63.0957344480193
2025-11-09 20:26:02.609000,1.1,,14.125667,40.838667,Campi Flegrei,44627162,2025,11,2025-11-09,44.668359215096324
2025-11-10 00:27:01.240000,1.7,,14.151667,40.831333,Campi Flegrei,44627442,2025,11,2025-11-10,354.8133892335753
2025-11-12 09:07:27.119000,1.0,,14.137167,40.822333,Campi Flegrei,44639492,2025,11,2025-11-12,31.622776601683793
2025-11-12 09:12:02.539000,1.4,,14.135333,40.822167,Campi Flegrei,44639582,2025,11,2025-11-12,125.89254117941663
2025-11-12 10:19:13.049000,1.1,,14.124333,40.803667,Campi Flegrei,44640292,2025,11,2025-11-12,44.668359215096324
2025-11-13 12:45:54.740000,1.3,,14.141833,40.838,Campi Flegrei,44648382,2025,11,2025-11-13,89.12509381337459
2025-11-15 00:40:44.789000,1.0,,14.142833,40.822167,Campi Flegrei,44658042,2025,11,2025-11-15,31.622776601683793
2025-11-15 05:45:41.769000,1.2,,14.140833,40.838667,Campi Flegrei,44658782,2025,11,2025-11-15,63.0957344480193
2025-11-15 05:46:02.200000,1.0,,14.1345,40.831333,Campi Flegrei,44658792,2025,11,2025-11-15,31.622776601683793
2025-11-15 07:14:25.279000,1.6,,14.1215,40.835333,Campi Flegrei,44659202,2025,11,2025-11-15,251.18864315095823
2025-11-15 18:57:53.809000,2.0,,14.143833,40.8125,Campi Flegrei,44662772,2025,11,2025-11-15,1000.0
2025-11-16 01:23:41.630000,1.1,,14.157667,40.817167,Campi Flegrei,44663642,2025,11,2025-11-16,44.668359215096324
2025-11-17 10:57:48.069000,1.8,,14.133667,40.801167,Campi Flegrei,44672512,2025,11,2025-11-17,501.18723362727246
2025-11-17 11:54:55.619000,2.4,,14.082833,40.824833,Campi Flegrei,44673262,2025,11,2025-11-17,3981.071705534969
2025-11-17 18:00:44.220000,1.3,,14.146833,40.793333,Campi Flegrei,44678202,2025,11,2025-11-17,89.12509381337459
2025-11-17 21:11:40.890000,1.3,,14.140833,40.842,Campi Flegrei,44679362,2025,11,2025-11-17,89.12509381337459
2025-11-17 21:14:31.119000,1.5,,14.141833,40.836833,Campi Flegrei,44679412,2025,11,2025-11-17,177.82794100389228
2025-11-17 23:53:56.869000,1.0,,14.157833,40.813,Campi Flegrei,44679692,2025,11,2025-11-17,31.622776601683793
2025-11-18 01:35:34.539000,1.1,,14.150833,40.822,Campi Flegrei,44680002,2025,11,2025-11-18,44.668359215096324
2025-11-18 05:05:05.230000,1.8,,14.160167,40.828833,Campi Flegrei,44680232,2025,11,2025-11-18,501.18723362727246
2025-11-18 05:10:18.789000,1.0,,14.155,40.826833,Campi Flegrei,44680272,2025,11,2025-11-18,31.622776601683793
2025-11-18 06:00:15.700000,1.1,,14.136,40.823833,Campi Flegrei,44680432,2025,11,2025-11-18,44.668359215096324
2025-11-18 10:53:09.859000,1.1,,14.127333,40.834833,Campi Flegrei,44681882,2025,11,2025-11-18,44.668359215096324
2025-11-19 08:18:25.480000,1.2,,14.128167,40.837,Campi Flegrei,44686062,2025,11,2025-11-19,63.0957344480193
2025-11-19 10:36:49.549000,1.0,,14.128167,40.834833,Campi Flegrei,44687262,2025,11,2025-11-19,31.622776601683793
2025-11-19 10:53:33.559000,2.1,,14.1325,40.834167,Campi Flegrei,44687292,2025,11,2025-11-19,1412.5375446227554
2025-11-19 11:16:11.579000,1.0,,14.130667,40.836333,Campi Flegrei,44687472,2025,11,2025-11-19,31.622776601683793
2025-11-19 12:26:28.539000,1.2,,14.130333,40.835167,Campi Flegrei,44687742,2025,11,2025-11-19,63.0957344480193
2025-11-19 12:27:25.079000,1.2,,14.1295,40.834,Campi Flegrei,44687832,2025,11,2025-11-19,63.0957344480193
2025-11-19 12:27:45.349000,1.2,,14.134833,40.837,Campi Flegrei,44688352,2025,11,2025-11-19,63.0957344480193
2025-11-19 12:49:28.970000,1.5,,14.139,40.825,Campi Flegrei,44687862,2025,11,2025-11-19,177.82794100389228
2025-11-19 12:49:52.539000,2.7,,14.137333,40.835667,Campi Flegrei,44687902,2025,11,2025-11-19,11220.184543019654
2025-11-19 12:51:05.410000,1.2,,14.138667,40.839333,Campi Flegrei,44687952,2025,11,2025-11-19,63.0957344480193
2025-11-19 13:07:32.849000,2.0,,14.127667,40.833333,Campi Flegrei,44688182,2025,11,2025-11-19,1000.0
2025-11-19 18:21:22.089000,2.5,,14.147333,40.8375,Campi Flegrei,44689912,2025,11,2025-11-19,5623.413251903491
2025-11-19 20:12:19.859000,1.1,,14.135167,40.8375,Campi Flegrei,44690292,2025,11,2025-11-19,44.668359215096324
2025-11-19 21:51:45.599000,1.3,,14.146167,40.836667,Campi Flegrei,44690502,2025,11,2025-11-19,89.12509381337459
2025-11-20 00:22:18.549000,1.1,,14.092,40.840667,Campi Flegrei,44690902,2025,11,2025-11-20,44.668359215096324
2025-11-20 01:52:52.579000,1.0,,14.132833,40.836833,Campi Flegrei,44691032,2025,11,2025-11-20,31.622776601683793
2025-11-20 03:24:11.200000,2.4,,14.121833,40.839833,Campi Flegrei,44691092,2025,11,2025-11-20,3981.071705534969
2025-11-21 10:07:13.430000,1.3,,14.1045,40.804333,Campi Flegrei,44698742,2025,11,2025-11-21,89.12509381337459
2025-11-21 22:12:52.000000,1.1,,14.130167,40.8325,Campi Flegrei,44711132,2025,11,2025-11-21,44.668359215096324
2025-11-22 14:04:46.089000,2.2,,14.141833,40.817833,Campi Flegrei,44713052,2025,11,2025-11-22,1995.262314968881
2025-11-22 17:54:59.869000,1.8,,14.153333,40.8135,Campi Flegrei,44713652,2025,11,2025-11-22,501.18723362727246
2025-11-22 17:55:10.059000,3.0,,14.160333,40.814667,Campi Flegrei,44713762,2025,11,2025-11-22,31622.776601683792
2025-11-23 06:35:06.460000,1.6,,14.132833,40.826833,Campi Flegrei,44714702,2025,11,2025-11-23,251.18864315095823
2025-11-23 17:51:43.180000,1.3,,14.1465,40.831333,Campi Flegrei,44717162,2025,11,2025-11-23,89.12509381337459
2025-11-25 17:49:46.069000,1.3,,14.137333,40.8265,Campi Flegrei,44729632,2025,11,2025-11-25,89.12509381337459
2025-11-25 18:48:47.690000,1.5,,14.123667,40.813167,Campi Flegrei,44729882,2025,11,2025-11-25,177.82794100389228
2025-11-25 20:39:16.519000,1.0,,14.1235,40.832833,Campi Flegrei,44730302,2025,11,2025-11-25,31.622776601683793
2025-11-25 22:15:36.930000,1.6,,14.1315,40.827667,Campi Flegrei,44730482,2025,11,2025-11-25,251.18864315095823
2025-11-25 22:21:54.200000,3.3,,14.140167,40.8285,Campi Flegrei,44730652,2025,11,2025-11-25,89125.0938133744
2025-11-25 22:27:11.970000,1.2,,14.139333,40.8265,Campi Flegrei,44730692,2025,11,2025-11-25,63.0957344480193
2025-11-25 22:28:05.589000,1.0,,14.136667,40.827167,Campi Flegrei,44730702,2025,11,2025-11-25,31.622776601683793
2025-11-25 22:34:23.619000,1.3,,14.1285,40.828333,Campi Flegrei,44730742,2025,11,2025-11-25,89.12509381337459
2025-11-25 22:35:06.529000,1.7,,14.136,40.827167,Campi Flegrei,44730762,2025,11,2025-11-25,354.8133892335753
2025-11-25 22:51:23.640000,1.1,,14.129667,40.826333,Campi Flegrei,44730852,2025,11,2025-11-25,44.668359215096324
2025-11-26 20:08:04.769000,2.2,,14.110833,40.805833,Campi Flegrei,44734252,2025,11,2025-11-26,1995.262314968881
2025-11-26 22:11:59.150000,1.0,,14.139333,40.825667,Campi Flegrei,44734482,2025,11,2025-11-26,31.622776601683793
2025-11-27 01:01:03.450000,1.0,,14.140167,40.820333,Campi Flegrei,44735072,2025,11,2025-11-27,31.622776601683793
2025-11-27 04:42:50.859000,1.4,,14.1165,40.797833,Campi Flegrei,44735352,2025,11,2025-11-27,125.89254117941663
2025-11-27 05:04:44.539000,1.1,,14.1165,40.796333,Campi Flegrei,44735432,2025,11,2025-11-27,44.668359215096324
2025-11-27 18:08:43.390000,1.2,,14.145667,40.819167,Campi Flegrei,44738492,2025,11,2025-11-27,63.0957344480193
2025-11-27 18:11:47.210000,1.0,,14.143667,40.817833,Campi Flegrei,44738602,2025,11,2025-11-27,31.622776601683793
2025-11-27 23:43:02.119000,1.0,,14.1395,40.820333,Campi Flegrei,44739062,2025,11,2025-11-27,31.622776601683793
2025-11-27 23:43:52.390000,1.3,,14.149,40.824167,Campi Flegrei,44738992,2025,11,2025-11-27,89.12509381337459
2025-11-27 23:44:57.460000,1.1,,14.149,40.823667,Campi Flegrei,44739022,2025,11,2025-11-27,44.668359215096324
2025-11-28 00:39:13.289000,1.3,,14.143167,40.825833,Campi Flegrei,44739092,2025,11,2025-11-28,89.12509381337459
2025-11-28 00:39:57.119000,1.1,,14.151667,40.825167,Campi Flegrei,44739172,2025,11,2025-11-28,44.668359215096324
2025-11-28 02:14:29.200000,1.0,,14.1065,40.830333,Campi Flegrei,44739272,2025,11,2025-11-28,31.622776601683793
2025-11-28 02:25:21.500000,1.2,,14.102167,40.832,Campi Flegrei,44739352,2025,11,2025-11-28,63.0957344480193
2025-11-28 06:28:54.180000,1.7,,14.149,40.823167,Campi Flegrei,44739752,2025,11,2025-11-28,354.8133892335753
2025-11-28 06:39:15.130000,2.2,,14.139833,40.824833,Campi Flegrei,44739842,2025,11,2025-11-28,1995.262314968881
2025-11-28 08:06:38.549000,1.3,,14.085667,40.804833,Campi Flegrei,44740472,2025,11,2025-11-28,89.12509381337459
2025-11-28 08:17:59.140000,1.8,,14.148167,40.824167,Campi Flegrei,44740262,2025,11,2025-11-28,501.18723362727246
2025-11-28 08:20:00.900000,1.2,,14.145333,40.821833,Campi Flegrei,44740312,2025,11,2025-11-28,63.0957344480193
2025-11-28 08:20:19.569000,1.1,,14.146833,40.823167,Campi Flegrei,44740592,2025,11,2025-11-28,44.668359215096324
2025-11-28 08:22:52.619000,1.0,,14.149,40.821167,Campi Flegrei,44740432,2025,11,2025-11-28,31.622776601683793
2025-11-28 08:38:36.349000,1.2,,14.143833,40.821667,Campi Flegrei,44740502,2025,11,2025-11-28,63.0957344480193
2025-11-28 14:02:21.190000,1.4,,14.14,40.8225,Campi Flegrei,44741542,2025,11,2025-11-28,125.89254117941663
2025-11-28 14:34:36.680000,1.0,,14.105667,40.832,Campi Flegrei,44741632,2025,11,2025-11-28,31.622776601683793
2025-11-28 15:09:01.839000,1.1,,14.140833,40.8235,Campi Flegrei,44741772,2025,11,2025-11-28,44.668359215096324
2025-11-28 15:29:30.250000,2.6,,14.109333,40.826667,Campi Flegrei,44741812,2025,11,2025-11-28,7943.282347242822
2025-11-28 15:29:41.279000,2.7,,14.105167,40.828333,Campi Flegrei,44741992,2025,11,2025-11-28,11220.184543019654
2025-11-28 16:59:41.750000,1.9,,14.152833,40.830667,Campi Flegrei,44742312,2025,11,2025-11-28,707.9457843841374
2025-12-01 04:51:38.980000,1.2,,14.149,40.824667,Campi Flegrei,44751042,2025,12,2025-12-01,63.0957344480193
2025-12-01 04:54:43.160000,1.3,,14.151833,40.826167,Campi Flegrei,44751072,2025,12,2025-12-01,89.12509381337459
2025-12-01 12:59:28.250000,1.7,,14.151667,40.833333,Campi Flegrei,44752852,2025,12,2025-12-01,354.8133892335753
2025-12-01 13:00:42.420000,1.3,,14.149833,40.835167,Campi Flegrei,44752902,2025,12,2025-12-01,89.12509381337459
2025-12-01 16:33:50.849000,1.3,,14.113167,40.838,Campi Flegrei,44753692,2025,12,2025-12-01,89.12509381337459
2025-12-03 22:54:45.920000,1.3,,14.142,40.828333,Campi Flegrei,44761092,2025,12,2025-12-03,89.12509381337459
2025-12-05 12:41:16.000000,1.3,,14.1565,40.822833,Campi Flegrei,44766472,2025,12,2025-12-05,89.12509381337459
2025-12-07 05:00:39.509000,2.3,,14.124333,40.8295,Campi Flegrei,44772082,2025,12,2025-12-07,2818.382931264452
2025-12-07 07:43:29.789000,1.3,,14.113833,40.836833,Campi Flegrei,44772432,2025,12,2025-12-07,89.12509381337459
2025-12-11 10:07:50.289000,2.0,,14.084333,40.835833,Campi Flegrei,44788132,2025,12,2025-12-11,1000.0
2025-12-14 07:58:15.009000,1.0,,14.139667,40.829167,Campi Flegrei,44800582,2025,12,2025-12-14,31.622776601683793
2025-12-14 15:24:15.910000,1.0,,14.1085,40.839,Campi Flegrei,44802182,2025,12,2025-12-14,31.622776601683793
2025-12-15 06:47:52.440000,1.9,,14.123667,40.844167,Campi Flegrei,44804572,2025,12,2025-12-15,707.9457843841374
2025-12-15 06:51:12.309000,1.1,,14.136,40.821667,Campi Flegrei,44804642,2025,12,2025-12-15,44.668359215096324
2025-12-18 17:16:14.960000,1.5,,14.151,40.824833,Campi Flegrei,44820622,2025,12,2025-12-18,177.82794100389228
2025-12-19 03:42:52.470000,2.0,,14.138667,40.826667,Campi Flegrei,44821352,2025,12,2025-12-19,1000.0
2025-12-19 03:50:13.259000,1.8,,14.151833,40.823667,Campi Flegrei,44821422,2025,12,2025-12-19,501.18723362727246
2025-12-19 13:15:00.589000,1.4,,14.126833,40.820667,Campi Flegrei,44823472,2025,12,2025-12-19,125.89254117941663
2025-12-20 09:35:46.049000,1.0,,14.146,40.8255,Campi Flegrei,44826292,2025,12,2025-12-20,31.622776601683793
2025-12-21 16:33:14.079000,1.3,,14.141667,40.826167,Campi Flegrei,44831262,2025,12,2025-12-21,89.12509381337459
2025-12-23 10:11:06.519000,1.1,,14.090667,40.811333,Campi Flegrei,44837742,2025,12,2025-12-23,44.668359215096324
2025-12-23 23:42:15.950000,2.0,,14.146333,40.824,Campi Flegrei,44839492,2025,12,2025-12-23,1000.0
2025-12-23 23:42:54.329000,1.6,,14.136667,40.820667,Campi Flegrei,44839532,2025,12,2025-12-23,251.18864315095823
2025-12-24 17:20:08.170000,2.0,,14.124167,40.803667,Campi Flegrei,44842232,2025,12,2025-12-24,1000.0
2025-12-24 18:18:40.150000,1.2,,14.122833,40.803667,Campi Flegrei,44842422,2025,12,2025-12-24,63.0957344480193
2025-12-26 12:14:50.950000,1.0,,14.096667,40.811,Campi Flegrei,44845692,2025,12,2025-12-26,31.622776601683793
2025-12-27 07:51:04.079000,1.0,,14.135,40.823,Campi Flegrei,44847872,2025,12,2025-12-27,31.622776601683793
2025-12-27 16:22:15.009000,1.1,,14.084333,40.823333,Campi Flegrei,44850032,2025,12,2025-12-27,44.668359215096324
2025-12-28 17:15:40.579000,1.0,,14.157167,40.820333,Campi Flegrei,44853852,2025,12,2025-12-28,31.622776601683793
2025-12-29 12:36:02.359000,1.7,,14.101833,40.837,Campi Flegrei,44860702,2025,12,2025-12-29,354.8133892335753
2025-12-29 12:42:28.190000,1.2,,14.096667,40.8345,Campi Flegrei,44860712,2025,12,2025-12-29,63.0957344480193
2025-12-30 00:10:27.039000,1.4,,14.130333,40.818833,Campi Flegrei,44862402,2025,12,2025-12-30,125.89254117941663
2025-12-30 12:40:47.730000,2.0,,14.087667,40.8295,Campi Flegrei,44865952,2025,12,2025-12-30,1000.0
2025-12-30 20:21:35.230000,1.3,,14.116,40.8075,Campi Flegrei,44868432,2025,12,2025-12-30,89.12509381337459
2025-12-31 08:56:37.890000,1.2,,14.123,40.8405,Campi Flegrei,44870672,2025,12,2025-12-31,63.0957344480193
2026-01-01 02:27:21.430000,1.0,,14.131333,40.831333,Campi Flegrei,44874712,2026,1,2026-01-01,31.622776601683793
2026-01-03 07:52:59.650000,1.0,,14.139667,40.828667,Campi Flegrei,44894452,2026,1,2026-01-03,31.622776601683793
2026-01-05 09:33:59.670000,1.2,,14.134,40.8365,Campi Flegrei,44909002,2026,1,2026-01-05,63.0957344480193
2026-01-05 09:35:26.150000,1.7,,14.1355,40.835333,Campi Flegrei,44909012,2026,1,2026-01-05,354.8133892335753
2026-01-05 12:54:22.220000,2.9,,14.141,40.829333,Campi Flegrei,44909642,2026,1,2026-01-05,22387.21138568338
2026-01-06 02:23:02.359000,3.1,,14.139333,40.827667,Campi Flegrei,44911792,2026,1,2026-01-06,44668.359215096345
2026-01-06 02:24:19.450000,2.9,,14.144167,40.829,Campi Flegrei,44911832,2026,1,2026-01-06,22387.21138568338
2026-01-06 02:25:43.180000,1.6,,14.114167,40.837333,Campi Flegrei,44911892,2026,1,2026-01-06,251.18864315095823
2026-01-06 04:19:57.519000,1.3,,14.1145,40.837833,Campi Flegrei,44912072,2026,1,2026-01-06,89.12509381337459
2026-01-08 16:44:08.099000,2.6,,14.1295,40.8285,Campi Flegrei,44920132,2026,1,2026-01-08,7943.282347242822
2026-01-08 16:45:07.819000,1.0,,14.1295,40.824333,Campi Flegrei,44920192,2026,1,2026-01-08,31.622776601683793
2026-01-08 17:28:44.539000,1.1,,14.132,40.827333,Campi Flegrei,44920292,2026,1,2026-01-08,44.668359215096324
2026-01-08 17:48:02.440000,1.1,,14.125,40.826333,Campi Flegrei,44920412,2026,1,2026-01-08,44.668359215096324
2026-01-08 17:53:39.230000,2.0,,14.126,40.828667,Campi Flegrei,44920442,2026,1,2026-01-08,1000.0
2026-01-08 17:55:41.450000,1.0,,14.125,40.826667,Campi Flegrei,44920472,2026,1,2026-01-08,31.622776601683793
2026-01-13 06:52:54.589000,1.2,,14.160833,40.828333,Campi Flegrei,44943512,2026,1,2026-01-13,63.0957344480193
2026-01-14 08:03:14.980000,2.5,,14.128833,40.833167,Campi Flegrei,44948582,2026,1,2026-01-14,5623.413251903491
2026-01-14 08:03:40.769000,2.2,,14.134,40.836667,Campi Flegrei,44948852,2026,1,2026-01-14,1995.262314968881
2026-01-14 08:13:53.220000,1.7,,14.124167,40.835333,Campi Flegrei,44948712,2026,1,2026-01-14,354.8133892335753
2026-01-16 20:33:55.440000,2.2,,14.142,40.832167,Campi Flegrei,44961782,2026,1,2026-01-16,1995.262314968881
2026-01-18 14:37:30.640000,1.4,,14.108333,40.8025,Campi Flegrei,44968922,2026,1,2026-01-18,125.89254117941663
2026-01-21 14:34:23.180000,1.7,,14.112,40.8375,Campi Flegrei,44983812,2026,1,2026-01-21,354.8133892335753
2026-01-27 00:57:41.119000,1.1,,14.136667,40.825,Campi Flegrei,44803501,2026,1,2026-01-27,44.668359215096324
2026-01-27 01:09:49.880000,1.4,,14.140833,40.841167,Campi Flegrei,44803561,2026,1,2026-01-27,125.89254117941663
2026-02-01 05:13:55.789000,1.3,,14.1185,40.810667,Campi Flegrei,44829351,2026,2,2026-02-01,89.12509381337459
2026-02-04 00:28:20.690000,1.7,,14.147167,40.831333,Campi Flegrei,44840091,2026,2,2026-02-04,354.8133892335753
2026-02-04 15:04:41.069000,1.3,,14.135333,40.840333,Campi Flegrei,44842511,2026,2,2026-02-04,89.12509381337459
2026-02-05 01:14:45.500000,1.7,,14.1625,40.815,Campi Flegrei,44843681,2026,2,2026-02-05,354.8133892335753
2026-02-05 07:13:34.309000,1.2,,14.163,40.817167,Campi Flegrei,44844031,2026,2,2026-02-05,63.0957344480193
2026-02-09 10:58:37.180000,1.2,,14.144167,40.8165,Campi Flegrei,44865141,2026,2,2026-02-09,63.0957344480193
2026-02-09 16:28:39.529000,1.4,,14.1395,40.825167,Campi Flegrei,44866481,2026,2,2026-02-09,125.89254117941663
2026-02-11 18:12:24.660000,1.6,,14.144,40.831333,Campi Flegrei,44875281,2026,2,2026-02-11,251.18864315095823
2026-02-12 12:49:34.480000,1.7,,14.146,40.8305,Campi Flegrei,44877761,2026,2,2026-02-12,354.8133892335753
2026-02-14 09:51:06.140000,1.4,,14.149,40.825,Campi Flegrei,45163942,2026,2,2026-02-14,125.89254117941663
2026-02-14 09:51:11.359000,1.2,,14.144333,40.8235,Campi Flegrei,45164242,2026,2,2026-02-14,63.0957344480193
2026-02-14 09:51:20.390000,1.0,,14.150333,40.824167,Campi Flegrei,45164272,2026,2,2026-02-14,31.622776601683793
2026-02-14 09:56:23.309000,1.4,,14.148667,40.826833,Campi Flegrei,45164052,2026,2,2026-02-14,125.89254117941663
2026-02-14 11:12:02.200000,1.3,,14.149,40.8255,Campi Flegrei,45164442,2026,2,2026-02-14,89.12509381337459
2026-02-14 12:21:53.430000,1.3,,14.137333,40.832,Campi Flegrei,45164872,2026,2,2026-02-14,89.12509381337459
2026-02-14 12:22:17.119000,1.6,,14.145,40.832833,Campi Flegrei,45164802,2026,2,2026-02-14,251.18864315095823
2026-02-16 04:59:35.140000,1.1,,14.121167,40.8115,Campi Flegrei,45168442,2026,2,2026-02-16,44.668359215096324
2026-02-16 06:49:06.509000,1.5,,14.082333,40.829333,Campi Flegrei,45168682,2026,2,2026-02-16,177.82794100389228
2026-02-17 03:53:37.380000,1.3,,14.125667,40.844333,Campi Flegrei,44895461,2026,2,2026-02-17,89.12509381337459
2026-02-17 22:12:38.410000,2.8,,14.117833,40.838167,Campi Flegrei,44899531,2026,2,2026-02-17,15848.931924611108
2026-02-17 22:12:49.910000,2.5,,14.117,40.837167,Campi Flegrei,44899551,2026,2,2026-02-17,5623.413251903491
2026-02-17 23:24:27.710000,2.0,,14.1165,40.833833,Campi Flegrei,44899661,2026,2,2026-02-17,1000.0
2026-02-22 03:16:27.200000,2.3,,14.088667,40.8095,Campi Flegrei,45199272,2026,2,2026-02-22,2818.382931264452
2026-02-23 16:19:13.690000,1.7,,14.140333,40.826833,Campi Flegrei,45206452,2026,2,2026-02-23,354.8133892335753
2026-02-24 10:40:43.730000,2.0,,14.109667,40.8115,Campi Flegrei,45209782,2026,2,2026-02-24,1000.0
2026-02-24 22:39:19.130000,2.1,,14.124,40.8425,Campi Flegrei,45213082,2026,2,2026-02-24,1412.5375446227554
2026-02-25 23:35:23.759000,1.1,,14.139,40.8315,Campi Flegrei,45218792,2026,2,2026-02-25,44.668359215096324
2026-02-28 10:19:07.200000,3.5,,14.139833,40.835167,Campi Flegrei,45232062,2026,2,2026-02-28,177827.94100389228
2026-02-28 10:20:52.329000,1.2,,14.131333,40.8315,Campi Flegrei,45232172,2026,2,2026-02-28,63.0957344480193
2026-02-28 10:22:06.450000,2.3,,14.140167,40.833667,Campi Flegrei,45231902,2026,2,2026-02-28,2818.382931264452
2026-02-28 12:51:19.950000,1.4,,14.137167,40.8315,Campi Flegrei,45232852,2026,2,2026-02-28,125.89254117941663
2026-02-28 13:38:52.660000,1.2,,14.132,40.8315,Campi Flegrei,45233102,2026,2,2026-02-28,63.0957344480193
2026-03-02 19:06:44.640000,1.0,,14.166333,40.81,Campi Flegrei,45245852,2026,3,2026-03-02,31.622776601683793
2026-03-04 02:28:41.960000,1.0,,14.135833,40.823333,Campi Flegrei,45256552,2026,3,2026-03-04,31.622776601683793
2026-03-05 01:39:11.940000,1.0,,14.1455,40.817833,Campi Flegrei,45266242,2026,3,2026-03-05,31.622776601683793
2026-03-05 04:04:17.160000,2.4,,14.085667,40.828,Campi Flegrei,45266872,2026,3,2026-03-05,3981.071705534969
2026-03-05 11:38:13.049000,1.1,,14.129333,40.833,Campi Flegrei,45270582,2026,3,2026-03-05,44.668359215096324
2026-03-07 17:33:44.990000,1.0,,14.1165,40.826667,Campi Flegrei,45285222,2026,3,2026-03-07,31.622776601683793
2026-03-08 13:33:41.089000,1.1,,14.107333,40.802167,Campi Flegrei,45293782,2026,3,2026-03-08,44.668359215096324
2026-03-20 10:49:07.299000,1.1,,14.139,40.825167,Campi Flegrei,45385732,2026,3,2026-03-20,44.668359215096324
2026-03-20 22:02:53.539000,1.0,,14.1605,40.816333,Campi Flegrei,45390222,2026,3,2026-03-20,31.622776601683793
2026-03-21 14:02:15.430000,1.0,,14.118,40.805,Campi Flegrei,45396032,2026,3,2026-03-21,31.622776601683793
2026-03-21 15:48:16.420000,1.0,,14.078667,40.8365,Campi Flegrei,45395442,2026,3,2026-03-21,31.622776601683793
2026-03-21 20:53:30.569000,1.3,,14.1175,40.809333,Campi Flegrei,45399122,2026,3,2026-03-21,89.12509381337459
2026-03-22 02:22:32.799000,1.2,,14.078333,40.8345,Campi Flegrei,45400272,2026,3,2026-03-22,63.0957344480193
2026-04-01 16:10:27.849000,1.2,,14.150833,40.830833,Campi Flegrei,45485142,2026,4,2026-04-01,63.0957344480193
2026-04-02 06:10:09.119000,1.2,,14.156333,40.8235,Campi Flegrei,45488302,2026,4,2026-04-02,63.0957344480193
2026-04-02 15:50:09.130000,1.3,,14.1045,40.822833,Campi Flegrei,45492312,2026,4,2026-04-02,89.12509381337459
2026-04-03 07:59:38.720000,2.1,,14.132333,40.8365,Campi Flegrei,45497122,2026,4,2026-04-03,1412.5375446227554
2026-04-03 21:14:08.710000,1.0,,14.097667,40.817667,Campi Flegrei,45502592,2026,4,2026-04-03,31.622776601683793
2026-04-05 04:05:51.190000,1.4,,14.14,40.823333,Campi Flegrei,45511822,2026,4,2026-04-05,125.89254117941663
2026-04-05 14:33:22.430000,2.1,,14.145167,40.8195,Campi Flegrei,45515042,2026,4,2026-04-05,1412.5375446227554
2026-04-05 14:34:02.390000,1.7,,14.145333,40.820333,Campi Flegrei,45515212,2026,4,2026-04-05,354.8133892335753
2026-04-06 02:51:50.130000,1.8,,14.147167,40.821,Campi Flegrei,45518662,2026,4,2026-04-06,501.18723362727246
2026-04-06 02:52:13.460000,1.5,,14.138833,40.820333,Campi Flegrei,45518742,2026,4,2026-04-06,177.82794100389228
2026-04-07 02:32:57.920000,3.3,,14.143667,40.824667,Campi Flegrei,45526562,2026,4,2026-04-07,89125.0938133744
2026-04-07 02:34:32.970000,1.6,,14.144167,40.824167,Campi Flegrei,45526702,2026,4,2026-04-07,251.18864315095823
2026-04-07 02:38:34.619000,2.6,,14.143667,40.824667,Campi Flegrei,45526392,2026,4,2026-04-07,7943.282347242822
2026-04-08 12:38:59.079000,2.3,,14.133,40.824167,Campi Flegrei,45536842,2026,4,2026-04-08,2818.382931264452
2026-04-08 13:19:59.130000,1.7,,14.134,40.823167,Campi Flegrei,45537202,2026,4,2026-04-08,354.8133892335753
2026-04-08 13:32:57.140000,1.1,,14.136667,40.8225,Campi Flegrei,45537492,2026,4,2026-04-08,44.668359215096324
2026-04-08 14:48:57.299000,3.4,,14.132833,40.824167,Campi Flegrei,45537922,2026,4,2026-04-08,125892.54117941661
2026-04-08 14:51:19.369000,1.1,,14.134833,40.823667,Campi Flegrei,45538022,2026,4,2026-04-08,44.668359215096324
2026-04-09 01:43:58.039000,1.3,,14.1375,40.821667,Campi Flegrei,45540192,2026,4,2026-04-09,89.12509381337459
2026-04-09 19:20:57.089000,1.3,,14.1275,40.832667,Campi Flegrei,45547622,2026,4,2026-04-09,89.12509381337459
2026-04-13 21:12:54.710000,1.9,,14.114667,40.838667,Campi Flegrei,45577862,2026,4,2026-04-13,707.9457843841374
2026-04-14 19:18:14.450000,1.0,,14.146833,40.8365,Campi Flegrei,45582652,2026,4,2026-04-14,31.622776601683793
2026-04-17 02:05:02.319000,1.6,,14.147,40.822833,Campi Flegrei,45599912,2026,4,2026-04-17,251.18864315095823
2026-04-20 08:57:19.779000,1.0,,14.131667,40.833833,Campi Flegrei,45625552,2026,4,2026-04-20,31.622776601683793
2026-04-25 02:47:05.210000,1.8,,14.138,40.820833,Campi Flegrei,45668002,2026,4,2026-04-25,501.18723362727246
2026-04-27 10:42:07.160000,1.1,,14.139167,40.828167,Campi Flegrei,45691952,2026,4,2026-04-27,44.668359215096324
2026-05-05 23:26:49.519000,1.9,,14.120667,40.836667,Campi Flegrei,45769772,2026,5,2026-05-05,707.9457843841374
2026-05-06 14:32:39.880000,1.5,,14.124,40.8005,Campi Flegrei,45776472,2026,5,2026-05-06,177.82794100389228
2026-05-06 14:33:06.680000,1.0,,14.124167,40.797333,Campi Flegrei,45776522,2026,5,2026-05-06,31.622776601683793
2026-05-09 13:37:01.130000,1.0,,14.084333,40.8025,Campi Flegrei,45799352,2026,5,2026-05-09,31.622776601683793
2026-05-09 18:37:28.250000,1.4,,14.120333,40.801333,Campi Flegrei,45801502,2026,5,2026-05-09,125.89254117941663
2026-05-11 18:59:33.000000,1.2,,14.125833,40.821833,Campi Flegrei,45823392,2026,5,2026-05-11,63.0957344480193
2026-05-12 00:11:19.900000,1.8,,14.142667,40.816833,Campi Flegrei,45825532,2026,5,2026-05-12,501.18723362727246
2026-05-12 14:06:11.230000,2.6,,14.1065,40.839667,Campi Flegrei,45838302,2026,5,2026-05-12,7943.282347242822
2026-05-14 16:38:04.549000,1.0,,14.125,40.8315,Campi Flegrei,45861022,2026,5,2026-05-14,31.622776601683793
2026-05-15 05:30:51.849000,1.0,,14.114667,40.839,Campi Flegrei,45873972,2026,5,2026-05-15,31.622776601683793
2026-05-16 01:58:40.990000,1.0,,14.117167,40.798333,Campi Flegrei,45883792,2026,5,2026-05-16,31.622776601683793
2026-05-17 22:57:34.619000,2.3,,14.137333,40.828,Campi Flegrei,45900972,2026,5,2026-05-17,2818.382931264452
2026-05-17 23:58:06.930000,1.3,,14.118833,40.832833,Campi Flegrei,45901232,2026,5,2026-05-17,89.12509381337459
2026-05-19 05:58:03.670000,1.0,,14.139,40.8275,Campi Flegrei,45911592,2026,5,2026-05-19,31.622776601683793
2026-05-21 00:17:55.470000,1.3,,14.111833,40.8025,Campi Flegrei,45926592,2026,5,2026-05-21,89.12509381337459
2026-05-21 03:50:52.069000,4.4,,14.106167,40.806,Campi Flegrei,45927482,2026,5,2026-05-21,3981071.7055349774
2026-05-21 03:53:46.250000,1.2,,14.101833,40.7995,Campi Flegrei,45927692,2026,5,2026-05-21,63.0957344480193
2026-05-21 03:57:37.210000,2.1,,14.105,40.803333,Campi Flegrei,45927742,2026,5,2026-05-21,1412.5375446227554
