time,csi,csi_normalized,critical
2020-04-26 02:59:02.780,0.07703153235519371,0.0,0
2020-04-26 03:32:27.279,0.09914229631199016,0.00048706635670632374,0
2020-04-26 03:35:56.539,0.20304983956789666,0.0027759908202322687,0
2020-04-26 04:32:25.290,0.20337244247560593,0.0027830972695267317,0
2020-05-13 18:15:13.690,0.20308858525547904,0.0027768443285473006,0
2020-05-28 18:47:30.760,0.1996689558535458,0.002701515116162783,0
2020-06-18 19:25:56.440,0.19728885946183244,0.0026490852281504627,0
2020-07-11 21:22:37.809,0.19320659339036558,0.00255915914208576,0
2020-07-11 21:23:10.779,0.21689296965282842,0.0030809338312043923,0
2020-07-14 19:07:08.730,0.21800335501767978,0.003105393924725129,0
2020-08-01 03:48:13.619,0.22406909973993647,0.003239013015786523,0
2020-09-10 01:48:31.799,0.23007175695337034,0.0033712423853920663,0
2020-09-10 01:48:57.549,0.35875976329489445,0.006206042599579141,0
2020-09-11 17:32:30.549,0.3581854555432189,0.006193391477040662,0
2020-09-18 09:10:25.960,0.3575540288331757,0.0061794821110961505,0
2020-09-18 09:28:17.380,0.3555404369082148,0.00613512575666623,0
2020-09-20 14:44:16.589,0.35584813409539273,0.006141903855705249,0
2020-10-09 01:23:18.079,0.3555014233756499,0.006134266348135354,0
2020-10-15 03:59:33.640,0.3489199407516906,0.005989286338867403,0
2020-10-15 22:05:53.619,0.34681086232394925,0.005942826562632847,0
2020-10-21 03:26:08.670,0.34612737108092306,0.005927770294553103,0
2020-11-04 20:56:57.009,0.344422199570047,0.005890207970746262,0
2020-11-06 05:14:49.869,0.3393157863735105,0.005777721487857931,0
2020-11-08 04:48:00.150,0.33911945593387716,0.005773396628159296,0
2020-11-15 03:14:10.470,0.35374247097934075,0.006095519313570463,0
2020-12-02 19:23:16.630,0.373215489443296,0.006524480166114785,0
2020-12-03 22:57:44.099,0.3674434905626795,0.006397331847260306,0
2020-12-03 23:22:40.960,0.40849013825744207,0.007301526798948111,0
2020-12-19 15:21:42.769,0.41141501487438253,0.0073659573631933055,0
2020-12-19 17:10:44.019,0.4106527522126309,0.00734916588107907,0
2020-12-19 21:54:53.200,0.413886916836333,0.007420409587688803,0
2020-12-19 21:54:57.430,0.4804791615857755,0.008887335022666226,0
2020-12-20 03:13:48.650,0.5434576363141977,0.010274654623962275,0
2020-12-20 03:20:26.690,0.5726275851274564,0.010917224040448523,0
2020-12-23 01:59:42.290,0.5763141430659258,0.010998433280770818,0
2020-12-26 12:31:21.960,0.6299245940646075,0.012179389628562888,0
2020-12-27 06:59:06.630,0.6747104084285087,0.01316595271055201,0
2020-12-27 23:15:00.509,0.7317006948268526,0.014421361669642226,0
2020-12-28 08:09:42.770,0.7768729542854218,0.015416437546788257,0
2021-01-01 02:13:58.519,0.8595380225097267,0.01723742273235511,0
2021-01-01 02:40:31.589,0.8859241169978312,0.017818668090278596,0
2021-01-02 09:00:07.920,0.871654493170356,0.017504330073609492,0
2021-01-02 09:18:10.190,0.8719851521293562,0.017511613985408615,0
2021-01-06 14:47:17.849,1.238206365115981,0.025578907920005427,0
2021-01-10 23:54:51.320,1.2192836638773157,0.025162069715347832,0
2021-01-11 10:24:10.900,1.2313932901121156,0.025428826284355766,0
2021-01-12 10:26:35.730,1.2420092598852048,0.02566267988300963,0
2021-01-12 11:29:18.089,1.2601194893212084,0.026061620574871096,0
2021-01-20 02:58:27.109,1.2512045239517102,0.025865237505015664,0
2021-02-07 03:13:45.170,1.2184038013786695,0.025142687688455616,0
2021-02-20 23:41:35.640,1.1478085703280267,0.023587582579655948,0
2021-02-25 19:41:54.240,1.0789885706731794,0.02207158310691437,0
2021-03-14 15:59:55.690,1.0621461617739416,0.021700570564935316,0
2021-03-15 08:32:06.370,1.0105901173263538,0.020564869655444254,0
2021-03-31 14:06:36.400,1.061844236132102,0.02169391960422431,0
2021-03-31 23:10:48.950,1.057860981320527,0.021606174584979487,0
2021-04-07 00:05:14.089,1.1438691567430441,0.02350080331566733,0
2021-04-07 02:08:45.530,1.2112355219391726,0.024984781441648823,0
2021-04-08 09:10:47.109,1.211120684507805,0.024982251748445143,0
2021-04-28 02:25:21.500,1.2178278278041386,0.025129999870384105,0
2021-04-29 02:40:18.769,1.2080503129666285,0.0249146161532564,0
2021-04-29 02:57:39.890,1.3913180107168035,0.02895172360099321,0
2021-04-29 22:38:08.460,1.3898313242778944,0.02891897416959504,0
2021-05-05 07:08:06.010,1.3958455505181289,0.0290514583871898,0
2021-05-06 16:35:42.640,1.4154562550605192,0.02948345225373235,0
2021-05-07 17:26:36.789,1.4103046322003217,0.029369969871009427,0
2021-05-19 02:47:22.089,1.4194521069284607,0.029571474766887453,0
2021-05-25 03:34:55.859,1.4628247816632773,0.030526908541359185,0
2021-05-31 21:19:13.579,1.4632749498690116,0.030536825059318512,0
2021-05-31 21:22:01.849,1.426877817505309,0.02973505182843486,0
2021-05-31 21:22:13.940,1.4567512472111597,0.030393117854447437,0
2021-05-31 21:22:56.430,1.5495282683009517,0.03243685391605831,0
2021-05-31 21:25:32.000,1.5551771396380383,0.03256128992320097,0
2021-05-31 21:32:07.560,1.571491242930581,0.03292066469962912,0
2021-05-31 21:33:10.099,1.6250278346678437,0.03409999404070904,0
2021-05-31 21:36:16.460,1.7622388839265757,0.037122543871772655,0
2021-05-31 21:38:09.290,1.7679352713209158,0.03724802658507782,0
2021-05-31 21:42:16.859,1.7690945412875216,0.03727356353170604,0
2021-05-31 21:45:58.250,1.917967329746335,0.040553003664531344,0
2021-05-31 22:07:31.450,1.9187217311804432,0.04056962197580829,0
2021-06-01 18:05:29.109,1.9184573829738982,0.04056379878859887,0
2021-06-03 06:01:03.410,1.838395333782351,0.03880015413632159,0
2021-06-07 05:31:01.600,1.7418246256444256,0.03667284894373773,0
2021-06-19 18:27:40.960,1.6584074323630935,0.034835295592003955,0
2021-06-28 06:05:22.039,1.5865818932960898,0.0332530886768476,0
2021-07-02 05:54:23.280,1.5395034336351836,0.032216022120884716,0
2021-07-08 08:57:08.210,1.5186404160907798,0.03175644171176324,0
2021-07-09 03:28:20.830,1.4840537505341038,0.030994550299226493,0
2021-07-16 14:10:20.250,1.4815758539891815,0.0309399660232246,0
2021-08-03 03:50:58.140,1.4252019108270229,0.029698134164189174,0
2021-08-06 14:51:09.030,1.3220994441665375,0.027426944308339724,0
2021-08-12 00:52:01.329,1.3175245657061023,0.027326166723790752,0
2021-09-01 06:41:16.099,1.2897729967711449,0.026714842049507876,0
2021-10-09 15:05:15.900,1.2108423763651808,0.02497612104516711,0
2021-10-21 00:47:38.490,1.0712393958892177,0.021900880622962225,0
2021-10-24 20:01:27.580,1.0336235849141608,0.021072261763750755,0
2021-10-25 15:02:00.619,1.026715845969512,0.020920094826080822,0
2021-10-29 13:26:47.299,1.0242352424237149,0.020865450918984486,0
2021-11-06 22:01:45.250,1.037309181231922,0.021153449821037687,0
2021-11-06 22:01:56.059,1.0704150532979808,0.02188272161482591,0
2021-11-06 22:16:57.809,1.1153001154641624,0.02287147097430242,0
2021-11-25 04:38:30.560,1.1284988812595795,0.023162219624215885,0
2021-11-25 05:12:47.680,1.1222136621202392,0.02302376584698408,0
2021-11-25 05:59:22.890,1.1270116718954133,0.02312945867357305,0
2021-12-02 06:33:03.049,1.1987189461382926,0.02470906039529849,0
2021-12-03 12:10:59.390,1.1730036976206062,0.024142592749414313,0
2021-12-25 11:15:30.650,1.1885857527968824,0.02448584162401382,0
2021-12-26 03:52:20.270,1.0969594999583168,0.02246745522922737,0
2021-12-27 04:54:44.660,1.1030594268821141,0.02260182730197683,0
2021-12-27 09:40:18.940,1.1791461814866409,0.02427790228659732,0
2021-12-27 11:22:06.410,1.1806414626477946,0.024310841046598457,0
2021-12-27 13:29:43.530,1.1803810076755914,0.024305103621394836,0
2022-01-03 05:38:20.750,1.1853902400802987,0.024415449359878744,0
2022-01-05 00:20:57.130,1.1774708238329206,0.02424099671652421,0
2022-01-05 00:42:10.570,1.158641577589949,0.02382621718267317,0
2022-01-06 19:37:15.110,1.161027781117057,0.023878781601549843,0
2022-01-06 19:38:14.670,1.219375262474513,0.025164087492531087,0
2022-01-13 16:58:49.930,1.2487945759923729,0.0258121500325656,0
2022-01-13 17:02:04.660,1.2471109317596298,0.025775061921814016,0
2022-01-14 20:54:52.200,1.247559639664403,0.02578494627157372,0
2022-01-21 03:53:27.549,1.2445180579484956,0.025717944872260413,0
2022-01-21 14:30:14.820,1.2167096975698097,0.025105369169218742,0
2022-01-21 14:56:42.559,1.2152300485787797,0.025072774762047948,0
2022-01-26 03:04:54.410,1.2151650950814252,0.025071343935714963,0
2022-01-31 04:48:12.299,1.185737456269708,0.024423098002173307,0
2022-02-01 02:18:39.400,1.1634211582146197,0.023931504043226304,0
2022-02-04 03:41:57.579,1.1572636586197642,0.023795863732473266,0
2022-02-06 09:13:58.650,1.1569661483001497,0.023789310034566656,0
2022-02-06 14:12:10.019,1.147556877999907,0.023582038182116915,0
2022-02-07 15:53:49.509,1.144682599530104,0.023518722217766616,0
2022-02-09 18:36:57.100,1.1450021371152705,0.023525761142687614,0
2022-02-09 19:04:18.050,1.1397774434121795,0.023410669120908383,0
2022-02-09 19:05:43.640,1.1582956051721427,0.02381859593876721,0
2022-02-09 19:12:40.250,1.2159408780649859,0.025088433249866926,0
2022-02-18 19:37:08.160,1.2526099085288647,0.025896195980584548,0
2022-03-06 05:14:37.940,1.2353770746910275,0.02551658297356582,0
2022-03-11 22:53:37.880,1.1924602477059056,0.0245711908287316,0
2022-03-13 13:58:45.420,1.1705946266495095,0.024089524595675628,0
2022-03-13 15:48:48.500,1.1978481176338198,0.024689877373498866,0
2022-03-13 20:55:19.180,1.2797814228169389,0.02649474293700566,0
2022-03-13 21:02:48.579,1.2947246157389158,0.02682391865197818,0
2022-03-14 05:30:03.930,1.3172011533866068,0.02731904244439098,0
2022-03-16 14:14:35.180,1.4364054385246916,0.02994493076645151,0
2022-03-16 14:31:32.730,1.8169878559514465,0.038328580098728686,0
2022-03-16 14:39:54.589,1.9398798315273604,0.041035702608342564,0
2022-03-16 20:29:38.410,1.9861567388640917,0.04205511219094134,0
2022-03-27 20:49:52.670,1.9904170091305444,0.04214895943752766,0
2022-03-29 17:45:32.790,1.9042744502854125,0.040251370445304635,0
2022-03-29 22:06:32.680,2.127973714453312,0.04517912354370688,0
2022-03-29 23:31:13.289,2.12744358263218,0.045167445549441396,0
2022-03-30 01:58:43.769,2.1268220565405302,0.045153754278997316,0
2022-04-01 08:36:04.850,2.3951206128573594,0.0510639616598977,0
2022-04-05 03:37:59.089,2.3629354158605396,0.050354970931592365,0
2022-04-05 03:43:30.030,2.3181882206063333,0.049369258569600755,0
2022-04-05 04:00:02.769,2.4327691021805835,0.051893300373204485,0
2022-04-06 00:33:19.940,2.453961033669675,0.052360126254125214,0
2022-04-07 00:16:14.490,2.852450519551951,0.06113824095218367,0
2022-04-07 17:46:05.039,2.858541252730505,0.06127241050076848,0
2022-04-07 21:57:51.299,2.8579719627353963,0.06125986991174276,0
2022-04-07 21:58:25.980,2.8618127130344573,0.061344475774246544,0
2022-04-07 22:07:49.339,2.8673793708459265,0.06146710074299755,0
2022-04-08 19:28:52.710,2.869292861361233,0.06150925201627348,0
2022-04-15 03:11:42.370,3.0109071079137246,0.06462879755801997,0
2022-04-19 02:05:53.730,2.8968944380807775,0.0621172725911576,0
2022-04-29 14:17:32.370,2.848127395692375,0.06104300913694707,0
2022-05-01 04:36:52.980,2.667573677181966,0.05706568650637318,0
2022-05-04 03:17:17.720,2.6205700618265753,0.05603026865613927,0
2022-05-06 01:45:11.650,2.6955633851355176,0.05768225701948835,0
2022-05-09 10:40:25.609,2.661936527405922,0.05694150870731609,0
2022-05-09 10:40:52.329,2.6188517461806193,0.05599241678711373,0
2022-05-14 04:25:55.650,2.742243018337253,0.05871053803774633,0
2022-05-14 04:29:34.910,2.6493964619887613,0.0566652702205985,0
2022-05-20 16:40:40.070,2.6558906286538497,0.056808326792663975,0
2022-05-24 09:04:38.099,2.6405616716901563,0.056470653285090794,0
2022-05-24 11:31:09.630,2.6749425899976966,0.057228012399999355,0
2022-06-02 02:57:04.420,2.6947032933292894,0.057663310510751194,0
2022-06-02 10:43:47.289,2.587674157801856,0.0553056221375844,0
2022-06-03 13:10:23.460,2.6034578140113673,0.05565331197500898,0
2022-06-12 04:34:50.839,2.58047064524182,0.05514693975894924,0
2022-07-03 15:31:32.740,2.446925514861674,0.052205144521243994,0
2022-07-03 15:41:11.390,2.1581073443446233,0.04584292138236031,0
2022-07-30 03:27:48.819,2.1582667784381826,0.04584643347191256,0
2022-07-30 13:23:46.480,1.9201577131695582,0.0406012544656264,0
2022-07-30 13:45:07.490,1.9135310083652333,0.04045527828079998,0
2022-08-01 01:02:49.269,2.0093390817973003,0.042565783795706205,0
2022-08-03 23:50:43.660,2.163997153425486,0.04597266487997609,0
2022-08-03 23:51:36.309,2.2023325946534467,0.046817136094454086,0
2022-08-06 02:52:52.750,2.2215456439347,0.04724037022299548,0
2022-08-13 23:13:38.779,2.196806989843953,0.046695415460629865,0
2022-08-13 23:16:00.180,2.1015178916882804,0.0445963421783497,0
2022-08-14 00:01:49.500,2.103794325189548,0.0446464885312262,0
2022-08-27 08:47:50.750,2.107637305432862,0.04473114351599574,0
2022-09-07 20:35:01.400,1.9810316501934726,0.04194221431588497,0
2022-09-11 23:14:46.049,1.8024955476590308,0.038009336683438096,0
2022-09-14 12:04:31.970,1.7686308132531061,0.03726334831143294,0
2022-10-27 05:06:27.430,1.7488221884911104,0.03682699456476728,0
2022-10-28 03:17:14.260,1.5144039427398768,0.03166311867487769,0
2022-10-28 22:52:12.690,1.5358927332708106,0.032136483907050505,0
2022-10-30 05:52:39.289,1.4290258514278396,0.029782369734716745,0
2022-10-30 12:25:08.849,1.4229705251469937,0.0296489801460059,0
2022-10-31 01:02:45.060,1.4233053140260468,0.02965635503363551,0
2022-10-31 05:28:28.549,1.4401053501985392,0.03002643416916692,0
2022-10-31 13:36:32.630,1.4615289899646353,0.030498364229505415,0
2022-10-31 19:07:32.319,1.4527447136832812,0.030304860040639713,0
2022-11-03 23:03:03.779,1.4418518755350205,0.030064907454585618,0
2022-11-03 23:46:42.589,1.4305856061163507,0.029816728748044967,0
2022-11-04 22:14:28.369,1.4377979492226114,0.029975605650125168,0
2022-11-05 11:50:50.289,1.4335153437056771,0.029881266392086894,0
2022-11-06 15:59:23.400,1.4335806392076946,0.029882704752260205,0
2022-11-12 21:37:53.950,1.4243312491219127,0.02967895481672473,0
2022-11-13 06:30:58.560,1.3886151015062196,0.02889218263966417,0
2022-11-19 01:08:41.730,1.3939317912648732,0.02900930119402734,0
2022-11-23 06:55:29.079,1.39646732516102,0.02906515513283808,0
2022-11-30 02:34:39.039,1.3950170395146555,0.02903320755529899,0
2022-11-30 02:35:40.410,1.4422754798085824,0.030074238809694474,0
2022-11-30 02:35:53.710,1.4755001841945763,0.030806128297979497,0
2022-11-30 02:36:14.250,1.502674979243463,0.03140474752455009,0
2022-12-03 04:13:40.019,1.5185460034181604,0.03175436194479682,0
2022-12-03 04:13:50.599,1.5188567876070853,0.03176120804576906,0
2022-12-04 09:35:45.369,1.5207991329416548,0.03180399494663883,0
2022-12-04 09:41:28.950,1.5423295116170614,0.03227827630211024,0
2022-12-04 11:42:50.960,1.5458992429605174,0.0323569120309921,0
2022-12-11 01:47:46.480,1.5887606108288161,0.03330108249619417,0
2022-12-17 08:40:52.900,1.5533898118390703,0.03252191782185773,0
2022-12-19 02:57:56.099,1.5098416082483768,0.03156261741480398,0
2022-12-19 13:22:50.789,1.558235075015666,0.03262865156870244,0
2022-12-19 16:18:08.849,1.5611072846833616,0.03269192196050232,0
2022-12-20 23:48:22.390,1.5667347103323008,0.03281588555189248,0
2022-12-23 16:22:02.790,1.6241690964684705,0.03408107734986333,0
2022-12-27 12:56:21.540,1.7810541866605418,0.03753701625141843,0
2022-12-27 20:17:43.180,1.7540857298804569,0.036942942341736514,0
2022-12-28 02:32:34.839,2.036973654301259,0.04317453121732131,0
2022-12-28 02:35:57.370,1.9829934664452076,0.041985430131318884,0
2022-12-28 02:37:27.789,2.03524922361877,0.04313654464338141,0
2022-12-28 03:03:53.000,2.0552404046660384,0.043576919826164566,0
2022-12-28 03:04:32.519,2.1305821682343855,0.0452365837962005,0
2022-12-28 03:04:57.349,2.1257171158754455,0.04512941412389589,0
2022-12-28 05:18:05.130,2.155676900572725,0.04578938241846603,0
2022-12-28 05:46:59.069,2.253576386265905,0.04794595855094031,0
2022-12-29 12:20:30.670,2.2548197692188108,0.04797334837817767,0
2022-12-29 12:37:50.130,2.2297647624043933,0.04742142484852508,0
2023-01-01 10:05:05.559,2.429724303196386,0.051826228102384984,0
2023-01-03 13:54:18.300,2.5812678465775414,0.055164500886683676,0
2023-01-08 02:27:45.430,2.6415769582556647,0.05649301849732142,0
2023-01-08 02:28:23.540,2.6033981615276205,0.0556519979219087,0
2023-01-10 05:14:37.299,3.820863713158103,0.08247090439690818,0
2023-01-10 13:02:51.759,3.778556764748267,0.08153894694552365,0
2023-01-10 16:52:51.130,3.7903503121178517,0.08179874077992806,0
2023-01-10 18:28:00.670,3.840099908309208,0.08289464839360808,0
2023-01-11 01:28:16.819,3.8486337073179664,0.083082634950752,0
2023-01-11 01:32:14.809,3.853669222058178,0.0831935596489419,0
2023-01-14 23:58:33.170,3.865946466118924,0.08346400858262625,0
2023-01-19 08:44:29.370,3.7086754727187,0.07999956882284646,0
2023-01-29 23:10:57.039,3.5739663715476624,0.07703213308653428,0
2023-02-03 08:19:31.869,3.330840847252843,0.07167644915033122,0
2023-02-05 00:44:59.819,3.2080000142335403,0.06897045323312138,0
2023-02-05 00:45:34.930,3.186847218732467,0.06850448945823812,0
2023-02-09 23:52:01.260,3.219131427398221,0.06921566126237391,0
2023-02-09 23:52:32.110,3.103991744069771,0.06667930990967133,0
2023-02-10 04:22:08.710,3.2791348953826924,0.07053744600929839,0
2023-02-10 17:16:38.120,3.2861776510872507,0.0706925871599567,0
2023-02-10 18:14:31.680,3.4487627738823834,0.0742740890731972,0
2023-02-12 00:38:33.390,3.5921842965667823,0.07743344614759133,0
2023-02-14 14:12:53.680,3.81322073507274,0.08230254126401518,0
2023-02-14 19:27:36.789,3.63278780788529,0.07832787948178242,0
2023-02-15 20:07:46.180,3.584135651324956,0.07725614678688096,0
2023-02-21 00:37:16.320,3.539006611981316,0.07626202298284991,0
2023-02-22 07:09:05.180,3.4579720941353846,0.0744769563315215,0
2023-02-28 02:27:29.680,3.4115500926043776,0.07345435054544812,0
2023-03-02 03:26:11.440,3.2611774057003458,0.07014186994090643,0
2023-03-02 03:34:40.690,3.2094041242098896,0.06900138363118144,0
2023-03-02 12:01:42.259,3.203794770392922,0.06887781813464565,0
2023-03-02 22:30:16.880,3.399313851851577,0.07318480485200698,0
2023-03-04 13:15:19.640,3.6054024176276847,0.07772462116443908,0
2023-03-04 13:37:40.289,3.610073660473281,0.07782752150920061,0
2023-03-04 13:53:58.390,3.619370868194805,0.07803232479421206,0
2023-03-04 15:00:48.240,3.640951969644941,0.07850772349493385,0
2023-03-05 23:06:50.039,3.6987111237978754,0.07978006943624454,0
2023-03-06 16:04:10.089,3.7408220438862045,0.0807077086831313,0
2023-03-07 09:15:37.200,3.872317743949423,0.08360435810137325,0
2023-03-09 02:51:14.960,3.8414892415183246,0.08292525328205687,0
2023-03-09 03:02:42.420,3.7480361257259514,0.08086662388685435,0
2023-03-09 12:31:34.610,3.7478064849075556,0.08086156525039179,0
2023-03-12 01:55:11.640,3.635086160434356,0.0783785086778015,0
2023-03-13 22:40:53.560,3.5432996500218437,0.0763565920534477,0
2023-03-13 22:41:22.799,3.4150193303179606,0.07353077255316368,0
2023-03-14 07:53:50.390,3.4123176201250116,0.07347125800436168,0
2023-03-15 09:44:23.360,3.3976436305953537,0.07314801242892509,0
2023-03-17 02:42:10.829,3.383996761877622,0.07284739275609141,0
2023-03-18 16:16:14.290,3.3669593340974115,0.07247208424604766,0
2023-03-18 16:21:48.650,3.314986185076365,0.071327195159913,0
2023-03-19 17:24:46.480,3.407921757632819,0.07337442386815374,0
2023-03-23 14:59:44.140,3.4457048029375814,0.0742067266442052,0
2023-03-24 05:24:43.250,3.4335777685480355,0.07393958660013844,0
2023-03-24 07:35:45.160,3.47726564308254,0.07490196374474287,0
2023-03-24 07:36:11.069,3.503908629009341,0.07548886802866997,0
2023-03-24 07:38:21.119,3.516087791286946,0.07575715637048751,0
2023-03-24 14:35:40.150,3.5062086246738033,0.07553953342001143,0
2023-03-24 19:41:12.270,3.49870353747235,0.07537420781266845,0
2023-03-24 19:42:11.369,3.4970847740871553,0.07533854892788558,0
2023-03-25 07:31:42.070,3.4903170080340806,0.07518946537921432,0
2023-03-27 14:35:45.760,3.6161085895580296,0.0779604617788373,0
2023-03-28 09:38:35.960,3.7267057499859506,0.08039674829055386,0
2023-03-28 09:42:02.300,4.1691093018072625,0.09014222278436072,0
2023-03-28 10:22:37.330,4.422949941029936,0.09573394433553706,0
2023-03-28 12:17:24.720,4.519913218185798,0.09786989722395341,0
2023-03-31 13:07:06.539,4.500675498125022,0.09744611963582271,0
2023-03-31 13:08:56.910,4.595433240346793,0.09953348795850286,0
2023-04-04 14:45:15.410,4.595372195443882,0.09953214323253524,0
2023-04-10 03:54:45.110,4.380204052522834,0.0947923177042723,0
2023-04-11 11:02:34.460,4.099509563055159,0.08860904685032527,0
2023-04-11 23:52:42.030,4.036137723702161,0.08721306202719774,0
2023-04-13 19:09:03.360,4.057817361170847,0.08769063132589855,0
2023-04-14 03:43:23.190,4.085150239096799,0.08829273287678593,0
2023-04-15 05:44:15.870,4.063040097638634,0.08780568023277363,0
2023-04-15 05:49:24.660,4.060152315971724,0.08774206681361663,0
2023-04-15 05:50:48.840,4.332296875198554,0.09373699576401665,0
2023-04-15 05:54:36.480,4.40802574173418,0.09540518702113823,0
2023-04-15 11:11:01.960,4.865252757578783,0.1054771997851604,0
2023-04-15 16:11:46.250,5.030033959020769,0.10910707795657332,0
2023-04-16 23:12:43.210,4.998856542349366,0.10842028708949487,0
2023-04-17 08:50:48.640,4.934557195533728,0.107003870693694,0
2023-04-17 23:59:45.890,4.926024848126335,0.10681591611311092,0
2023-04-18 00:00:03.359,4.982449892590036,0.10805887365576422,0
2023-04-18 00:03:25.510,5.0043256161922605,0.10854076243247358,0
2023-04-18 00:21:31.769,5.006191810644655,0.1085818718457263,0
2023-04-19 18:00:46.299,4.971836213316572,0.10782507051331847,0
2023-04-19 18:01:06.740,4.932473785535353,0.10695797635375096,0
2023-04-19 18:03:00.470,4.992561170508212,0.10828160966374994,0
2023-04-21 03:11:42.770,5.069635561047114,0.10997944075943238,0
2023-04-21 13:24:16.170,5.166424070418398,0.11211154378050489,0
2023-04-22 03:24:34.710,5.1477943235436365,0.11170115891300862,0
2023-04-22 13:21:36.610,5.117240983164903,0.1110281154934074,0
2023-04-23 00:35:20.270,5.29900516096431,0.11503210269319225,0
2023-04-23 10:14:42.930,5.53249726473193,0.12017557708982576,0
2023-04-24 21:30:44.920,5.506164215847131,0.11959550024551818,0
2023-04-26 02:37:07.279,5.4217034399268424,0.11773495836227678,0
2023-04-26 02:58:42.519,5.4025838360632985,0.11731378269355358,0
2023-04-26 03:03:18.530,5.556178188388271,0.12069723166636016,0
2023-04-26 03:05:34.210,5.746544846481178,0.12489071836708403,0
2023-04-30 07:51:50.430,5.756060616364544,0.12510033624267636,0
2023-05-01 04:02:01.250,5.448929631064413,0.1183347097661757,0
2023-05-01 15:27:08.900,5.750387947545134,0.12497537601334775,0
2023-05-03 03:08:37.579,5.746291408313875,0.12488513551137449,0
2023-05-05 17:41:05.309,5.534260209640716,0.12021441207334213,0
2023-05-06 16:18:08.180,5.2757817786025045,0.1145205270525014,0
2023-05-07 11:45:34.490,5.172151910588473,0.1122377193504167,0
2023-05-08 02:28:34.660,5.1139860438429325,0.11095641415192728,0
2023-05-08 02:33:03.720,5.145640154910038,0.11165370586841242,0
2023-05-08 22:33:16.950,5.166831532102772,0.11212051953903106,0
2023-05-08 22:33:51.319,5.117813251150184,0.11104072168300785,0
2023-05-08 22:35:43.340,5.3094840275387325,0.11526293611779886,0
2023-05-08 22:38:26.069,5.358127768237128,0.11633448342411669,0
2023-05-09 08:41:01.430,5.350442422783528,0.1161651870028158,0
2023-05-12 11:05:56.740,5.31308259261762,0.11534220700982997,0
2023-05-13 09:07:38.760,5.061295705396356,0.10979572647822487,0
2023-05-14 04:24:20.450,5.255159117657563,0.11406624133213147,0
2023-05-14 20:35:28.440,5.200733930956026,0.11286733760128002,0
2023-05-15 17:46:24.579,5.507248334602539,0.11961938172575402,0
2023-05-15 21:44:06.530,5.96486195842477,0.1296999108729959,0
2023-05-18 11:38:03.940,6.088511289290788,0.13242371676282244,0
2023-05-18 16:40:24.589,5.868468536364086,0.12757651102189665,0
2023-05-21 19:16:38.940,6.067727437346195,0.13196588025094266,0
2023-05-22 17:15:23.680,5.777756886520577,0.1255782719340737,0
2023-05-23 10:54:32.730,5.80867317345321,0.12625931051187173,0
2023-05-25 03:37:24.609,5.727246839486997,0.12446561274989619,0
2023-05-25 08:57:13.380,5.564070382370824,0.12087108464480147,0
2023-05-25 09:03:41.080,5.564695265860777,0.12088484987360189,0
2023-05-25 14:24:05.370,5.512688805437939,0.11973922698816752,0
2023-05-26 23:09:59.109,5.4998390920508164,0.1194561674296459,0
2023-05-26 23:33:16.150,5.49297425630806,0.11930494558398083,0
2023-05-26 23:45:37.160,5.524001314204002,0.11998842427690258,0
2023-05-27 12:20:26.720,5.584026427160724,0.12131068582950395,0
2023-05-28 20:54:57.000,5.550824008216789,0.1205792872554674,0
2023-05-29 03:02:27.000,5.392347770524746,0.11708829780489882,0
2023-05-29 06:29:53.519,5.373894842630572,0.11668180798946134,0
2023-06-02 09:43:54.260,5.531444999042038,0.12015239728396902,0
2023-06-02 09:44:34.190,5.200528817345808,0.11286281926174935,0
2023-06-02 10:10:26.269,5.207329757926454,0.1130126335945903,0
2023-06-04 14:15:23.980,5.323721299956443,0.11557656148232627,0
2023-06-04 14:27:32.109,5.1155891743529756,0.11099172866834911,0
2023-06-06 03:03:24.490,5.170151194183036,0.11219364662401508,0
2023-06-07 00:40:11.589,5.049789500931711,0.10954226236911208,0
2023-06-09 02:58:28.640,5.01665859766972,0.10881243917631159,0
2023-06-09 05:13:23.309,4.745515920031042,0.10283958014696655,0
2023-06-11 06:17:39.670,4.84705341677532,0.10507629610598768,0
2023-06-11 06:44:25.530,4.804526802066214,0.10413949974156125,0
2023-06-11 08:50:33.140,4.916218646472172,0.10659990046923026,0
2023-06-11 23:19:37.119,4.90715354816078,0.10640021019998665,0
2023-06-12 04:55:39.859,4.817352599807222,0.1044220324749291,0
2023-06-12 14:33:55.170,5.115611879641375,0.11099222883117119,0
2023-06-13 00:35:57.039,5.152461433921674,0.111803968225822,0
2023-06-14 12:58:12.600,5.157333353875698,0.11191128918075635,0
2023-06-14 13:01:37.569,5.175957046992953,0.1123215406932216,0
2023-06-14 15:04:20.299,5.407069502135275,0.11741259506545297,0
2023-06-14 15:19:53.710,5.5010547283517335,0.1194829460405218,0
2023-06-14 23:18:54.360,5.587270367535128,0.1213821448809696,0
2023-06-15 14:31:12.309,5.612235716900867,0.12193209339397579,0
2023-06-15 15:38:27.140,5.4464222431781355,0.11827947584097054,0
2023-06-15 15:39:40.120,5.509291340561451,0.11966438602642318,0
2023-06-15 15:41:33.279,5.5418648888401725,0.12038193154027856,0
2023-06-16 12:59:22.880,5.544510839643904,0.1204402177949062,0
2023-06-18 02:32:48.769,5.550411654031113,0.12057020372261065,0
2023-06-18 12:46:10.470,5.452302843415968,0.11840901648184048,0
2023-06-19 02:41:06.820,5.753857468437913,0.12505180425906845,0
2023-06-21 08:08:35.200,5.817277853290748,0.12644885846540618,0
2023-06-21 20:29:56.339,5.655887525617236,0.1228936760636957,0
2023-06-22 01:30:54.870,5.671955901078128,0.12324763783133152,0
2023-06-22 23:44:40.810,5.733421605542364,0.12460163341440049,0
2023-06-23 01:20:27.250,5.688982891714296,0.12362271642703432,0
2023-06-26 22:27:43.259,5.979468593037483,0.130021672722494,0
2023-06-30 02:27:34.840,5.589309593681586,0.12142706591814391,0
2023-06-30 13:10:03.160,5.576867919630964,0.1211529948429425,0
2023-06-30 13:17:10.430,5.615800722044452,0.12201062501189357,0
2023-07-16 05:59:49.190,5.698340055126755,0.12382884044433724,0
2023-07-18 22:25:39.320,4.57752812169449,0.09913906554390822,0
2023-07-20 07:54:30.819,4.42069082450213,0.09568417944913497,0
2023-07-25 18:03:25.840,4.326260747740227,0.0936040290960405,0
2023-07-25 20:32:01.380,4.041331531682506,0.08732747368368149,0
2023-07-26 18:27:42.759,4.094125034373296,0.08849043390810489,0
2023-07-27 08:52:26.430,4.048659028230335,0.08748888724018741,0
2023-07-30 03:23:21.000,4.027754785475754,0.0870283987026555,0
2023-08-02 14:07:46.029,3.9319889493852185,0.08491882361186745,0
2023-08-03 23:48:37.970,3.8364171061385486,0.08281352188711386,0
2023-08-04 00:08:34.849,3.7876293376601375,0.08173880186879866,0
2023-08-04 02:20:35.700,3.797077664101821,0.08194693406838773,0
2023-08-05 09:57:43.670,3.9874505229703683,0.08614055736272752,0
2023-08-06 08:45:20.109,3.905763582862651,0.08434111884551954,0
2023-08-06 14:02:52.680,3.8587788485351484,0.08330611691549003,0
2023-08-07 22:09:50.770,3.93965896883119,0.08508778242463012,0
2023-08-09 05:26:35.220,3.860165785158806,0.08333666901082185,0
2023-08-10 00:51:27.280,3.8640347297124653,0.0834218959496889,0
2023-08-12 01:10:26.680,3.880196453878057,0.08377791404670304,0
2023-08-12 14:00:02.090,3.877121467435659,0.08371017679228945,0
2023-08-12 15:52:41.800,3.856539497757524,0.08325678743837309,0
2023-08-12 18:36:42.200,3.932397620198075,0.0849278260056472,0
2023-08-12 21:45:32.320,3.915422521832839,0.08455389051740979,0
2023-08-13 02:17:17.329,3.831702992254577,0.08270967715886063,0
2023-08-13 16:40:32.750,3.849052749314358,0.08309186580586347,0
2023-08-14 03:18:49.910,3.8386287096072462,0.08286224013339799,0
2023-08-14 13:03:17.830,3.8499545429299595,0.08311173094176336,0
2023-08-14 13:16:50.740,3.8652592407856243,0.08344887005824143,0
2023-08-14 22:46:51.000,3.9472813231148396,0.08525569124667337,0
2023-08-15 01:56:12.900,3.9962731536468583,0.08633490644033334,0
2023-08-15 11:44:01.789,3.9924616882953186,0.08625094568049194,0
2023-08-15 12:25:10.559,3.9731026919632244,0.0858244965613485,0
2023-08-15 14:44:26.579,3.994108186698599,0.08628721552535915,0
2023-08-15 22:18:35.549,4.030812867690458,0.08709576358275349,0
2023-08-15 22:19:04.849,4.025364112670398,0.08697573583240567,0
2023-08-15 22:24:57.569,4.030415623159331,0.08708701289250707,0
2023-08-15 22:37:36.860,4.014952767584617,0.0867463898030576,0
2023-08-16 02:15:24.849,4.054511164664833,0.08761780086694715,0
2023-08-16 02:48:38.180,4.072295968642395,0.08800957293303285,0
2023-08-16 08:22:06.830,4.083465027464613,0.08825561023861878,0
2023-08-16 08:23:00.029,4.092259710820546,0.08844934367944107,0
2023-08-16 08:27:08.910,4.196014879319717,0.09073491155982218,0
2023-08-16 08:27:41.350,4.252101692957447,0.0919704183940127,0
2023-08-16 13:15:27.670,4.25116283472625,0.09194973678124588,0
2023-08-17 03:59:57.140,4.294085686470289,0.0928952616423165,0
2023-08-17 11:40:45.809,4.318319089636154,0.09342908649855648,0
2023-08-17 23:57:47.320,4.516978343380745,0.09780524641489591,0
2023-08-17 23:58:19.059,4.734487099383782,0.10259663207416704,0
2023-08-17 23:58:51.420,4.784311247590709,0.10369418195487501,0
2023-08-17 23:59:23.319,4.782431014360213,0.10365276328878437,0
2023-08-17 23:59:50.069,6.230692773436109,0.13555575768230738,0
2023-08-18 00:00:24.089,6.570832837536719,0.14304852374480317,0
2023-08-18 00:01:28.130,6.767994168618504,0.14739168671289482,0
2023-08-18 02:11:49.550,7.766708420353123,0.16939183618459774,0
2023-08-18 03:10:42.690,7.785633059770782,0.16980871708437809,0
2023-08-18 03:25:13.039,7.971954271517915,0.17391308878135367,0
2023-08-18 03:31:26.600,8.094440748437083,0.1766112787749416,0
2023-08-18 03:43:54.930,8.742768477701437,0.19089294835729936,0
2023-08-18 03:44:00.549,9.717940034531665,0.2123744882207347,0
2023-08-18 03:47:05.460,10.210199998384763,0.22321822331802954,0
2023-08-18 03:52:13.369,10.225689750706806,0.22355943890173902,0
2023-08-18 04:08:02.520,10.258647493540936,0.224285447634809,0
2023-08-18 04:09:59.300,10.739266873398746,0.23487275844719008,0
2023-08-18 04:10:29.740,11.285369216112443,0.24690255890881493,0
2023-08-18 04:14:14.420,11.44927968711038,0.2505132562185496,0
2023-08-18 04:14:49.270,12.174932237597913,0.2664982735020421,0
2023-08-18 04:18:06.240,12.961646273383817,0.2838283820378073,0
2023-08-18 04:20:02.089,14.089554581832267,0.30867447924042857,0
2023-08-18 04:20:10.930,15.84946747990313,0.3474426721920048,0
2023-08-18 04:20:22.000,16.47612748542454,0.36124703491684224,0
2023-08-18 04:21:26.440,16.581355020920984,0.3635650367931946,0
2023-08-18 04:22:49.660,16.724731385808035,0.3667233991102898,0
2023-08-18 04:56:53.850,17.085163093889097,0.3746631590950423,0
2023-08-18 05:02:05.859,17.30367199499773,0.37947657642331006,0
2023-08-18 05:12:51.740,18.12661287223671,0.39760470694131006,0
2023-08-18 05:15:10.090,18.872329470805347,0.41403170455703986,0
2023-08-18 05:18:03.210,19.540371264188334,0.4287476448595274,0
2023-08-18 05:23:06.170,19.504780185015743,0.4279636277492316,0
2023-08-18 05:38:36.150,20.210401608450002,0.44350738990044447,0
2023-08-18 07:58:53.360,20.241597257009026,0.4441945823881588,0
2023-08-19 03:00:41.780,20.885033302160636,0.4583684956413545,0
2023-08-19 07:48:30.650,19.379087672048033,0.42519481367857953,0
2023-08-19 08:27:18.320,19.12693064834849,0.41964017960572586,0
2023-08-20 19:58:07.860,19.612329556936054,0.43033277613549425,0
2023-08-21 02:48:23.320,17.319225279669908,0.3798191915276501,0
2023-08-21 02:48:59.120,16.94957220050124,0.3716762988230941,0
2023-08-21 02:52:40.810,16.92174418058825,0.3710632900505408,0
2023-08-21 03:08:03.759,17.108288244543203,0.3751725708412573,0
2023-08-21 03:09:45.670,17.12431601787867,0.37552563820608803,0
2023-08-21 03:40:53.190,17.48970454621678,0.3835745893697689,0
2023-08-21 07:00:34.620,17.454200951401198,0.3827924994062293,0
2023-08-22 09:39:27.240,17.258480369997162,0.3784810739528539,0
2023-08-22 09:47:21.780,15.94003986357208,0.3494378434587255,0
2023-08-23 16:30:14.160,16.148953802331175,0.35403989842233446,0
2023-08-24 01:48:10.609,15.400962417993,0.33756279075074136,0
2023-08-25 01:24:08.820,15.135915785200423,0.3317242182779038,0
2023-08-25 23:35:11.329,14.685877520799997,0.32181056272768144,0
2023-08-27 21:14:22.880,13.937665587238182,0.30532859669357126,0
2023-08-27 21:26:56.220,12.615584972933496,0.27620518018296686,0
2023-08-28 02:05:16.850,12.624491398712681,0.27640137513869156,0
2023-08-30 05:06:13.410,12.496594102225185,0.2735839930548127,0
2023-08-30 12:25:12.579,11.3739904992829,0.24885475041177774,0
2023-08-30 12:29:10.049,11.299063237567177,0.24720421728442096,0
2023-09-02 23:04:44.600,11.33407952780981,0.24797557267255568,0
2023-09-02 23:07:28.170,9.996401729447385,0.21850857402120194,0
2023-09-02 23:07:57.390,9.965424966555812,0.21782620325040292,0
2023-09-07 17:45:29.410,9.976727726334897,0.21807518578384602,0
2023-09-12 02:28:49.920,9.087363912311774,0.19848385942673338,0
2023-09-12 13:50:59.180,8.115783723676332,0.17708143191896528,0
2023-09-12 21:16:53.619,8.009533105960069,0.17474089310402538,0
2023-09-14 08:04:13.599,7.951207125743547,0.17345606085033685,0
2023-09-15 02:06:48.799,7.658964508260186,0.16701840237548404,0
2023-09-20 03:04:44.410,7.569729722181158,0.1650526963405453,0
2023-09-20 03:32:22.430,6.7522124617461605,0.14704403981639053,0
2023-09-20 17:45:05.550,6.749835161969076,0.14699167153352677,0
2023-09-20 19:40:43.250,6.681292138242298,0.14548177341741148,0
2023-09-20 19:46:12.509,6.69283440818841,0.1457360319939925,0
2023-09-20 22:54:28.880,6.490332128004894,0.1412752160752648,0
2023-09-20 23:47:39.010,6.483329340042709,0.1411209553529219,0
2023-09-21 19:26:23.890,6.460516865681407,0.14061843138783744,0
2023-09-21 20:46:37.220,6.369880557307654,0.13862185195751228,0
2023-09-21 21:21:38.200,6.38748996054473,0.13900976021320235,0
2023-09-21 22:46:15.670,6.3129474691327525,0.13736770298791662,0
2023-09-21 23:16:32.859,6.3028874591998685,0.13714609633533723,0
2023-09-22 03:21:06.040,6.2936680237843525,0.1369430062554332,0
2023-09-22 09:01:59.720,6.239522173962479,0.1357502558893654,0
2023-09-22 21:46:10.000,6.308123394392581,0.1372614359899619,0
2023-09-22 21:48:05.049,6.2629458185376725,0.1362662430007251,0
2023-09-22 23:39:03.950,6.279733975669834,0.13663606045914276,0
2023-09-23 01:07:47.510,6.260844104856076,0.13621994545859878,0
2023-09-23 01:12:03.590,6.356623100623796,0.13832981043697434,0
2023-09-23 01:22:29.650,6.326849607634327,0.13767394586417453,0
2023-09-23 01:45:17.259,6.322124114702829,0.1375698504728853,0
2023-09-23 03:18:56.200,6.523712880880228,0.14201054307341246,0
2023-09-23 03:52:50.730,6.50868116229514,0.14167941727330086,0
2023-09-23 05:58:44.200,6.48324529711151,0.14111910401551964,0
2023-09-23 12:29:56.230,6.455982459626092,0.1405185453485534,0
2023-09-23 12:42:22.160,6.427007899821539,0.1398802800534804,0
2023-09-23 13:08:32.910,6.406257157802986,0.1394231729026973,0
2023-09-23 13:50:33.900,6.3895187025839935,0.13905445030150917,0
2023-09-24 08:14:06.779,6.424429769595043,0.1398234877825762,0
2023-09-24 11:53:12.380,6.458970019874905,0.1405843567374621,0
2023-09-24 11:56:35.039,6.482741737181933,0.14110801135943768,0
2023-09-24 15:35:01.820,6.672395109576873,0.14528578546574922,0
2023-09-24 16:33:23.620,6.770241070019329,0.14744118251870764,0
2023-09-24 19:44:20.380,6.925221799854653,0.15085517127043394,0
2023-09-24 19:50:01.110,7.030881316726345,0.1531826890366496,0
2023-09-25 01:51:37.089,7.3121922699533854,0.159379539645593,0
2023-09-25 14:34:04.130,7.300531521859406,0.15912267117638487,0
2023-09-25 14:58:11.029,7.283787321681732,0.1587538220225322,0
2023-09-25 14:58:18.170,7.6277148597360105,0.16633002035102012,0
2023-09-25 17:29:37.559,7.684278610549199,0.16757603338268454,0
2023-09-25 17:29:53.160,7.654809091339132,0.1669268648879378,0
2023-09-26 00:08:27.680,8.332887581033601,0.18186389827953583,0
2023-09-26 01:34:55.640,8.290639615882904,0.18093324013925569,0
2023-09-26 03:06:29.520,8.293280628395042,0.18099141761086254,0
2023-09-26 03:07:32.269,9.545661800959538,0.20857946188289603,0
2023-09-26 03:07:41.940,10.308136466389955,0.22537561411434853,0
2023-09-26 03:07:48.599,10.459441972824678,0.22870864330830873,0
2023-09-26 03:54:56.210,10.562856221833897,0.23098670125306636,0
2023-09-26 06:31:42.690,11.157998542219326,0.24409677751629638,0
2023-09-26 06:50:20.710,11.602955530265557,0.25389850030987177,0
2023-09-26 07:10:29.160,15.044166181834242,0.32970311465940677,0
2023-09-26 07:14:13.509,15.41230024648724,0.33781254579441333,0
2023-09-26 09:25:46.760,16.01663628661757,0.35112514566060327,0
2023-09-26 13:55:15.890,15.951918862142119,0.3496995196525528,0
2023-09-26 17:32:11.100,15.919621709516756,0.3489880627127582,0
2023-09-26 20:07:30.509,15.8355189472431,0.34713540732330134,0
2023-09-26 20:49:14.780,15.713703489991813,0.3444519988680425,0
2023-09-26 20:53:13.839,16.779038375061237,0.36791969913189604,0
2023-09-26 21:36:37.880,16.84622974234199,0.36939982232110374,0
2023-09-26 22:30:20.420,16.86246103936069,0.3697573730018022,0
2023-09-26 23:51:38.260,16.88993571704522,0.37036259818477796,0
2023-09-27 00:04:09.000,16.839228888573157,0.36924560420608604,0
2023-09-27 01:35:34.650,17.100158747202347,0.37499349043230346,0
2023-09-27 08:45:27.090,18.45685083926787,0.4048793449304026,0
2023-09-27 09:16:17.810,18.70538578711408,0.41035419020477587,0
2023-09-27 10:07:21.490,18.9306947457458,0.41531740241347553,0
2023-09-27 10:08:04.410,18.995634958218925,0.4167479361008155,0
2023-09-27 19:57:10.059,19.162779420554685,0.42042987329993664,0
2023-09-27 19:57:58.829,18.628275247563728,0.4086555628015873,0
2023-09-27 19:59:35.549,18.726638278616864,0.41082235013029544,0
2023-09-27 20:25:36.400,18.766545012643217,0.4117014345250383,0
2023-09-27 20:30:12.670,18.742577694073862,0.4111734711060264,0
2023-09-27 20:45:36.109,18.774358328215886,0.41187354993259334,0
2023-09-27 21:00:25.360,18.91996839342749,0.41508111725595515,0
2023-09-27 22:24:41.430,19.36221645020863,0.42482316643153917,0
2023-09-27 23:14:29.710,19.337397956159563,0.42427645291684396,0
2023-09-28 08:49:52.109,19.330598071595347,0.4241266618464319,0
2023-09-28 08:50:46.710,18.844283829080705,0.413413901908384,0
2023-09-28 14:42:02.660,20.050974579371413,0.4399954559679241,0
2023-09-28 14:51:52.339,19.894572034855074,0.43655014681053717,0
2023-09-28 18:01:26.839,19.878152829262685,0.4361884567909827,0
2023-09-28 18:38:22.620,19.91293023525006,0.4369545499238598,0
2023-09-29 00:20:39.110,19.860691632443913,0.43580381329630885,0
2023-09-29 00:28:24.460,19.68040033728899,0.43183227145141573,0
2023-09-29 09:54:18.630,19.762792315138586,0.4336472408731618,0
2023-09-29 09:56:38.120,19.55211189085335,0.4290062729316443,0
2023-09-29 20:04:27.630,20.395958737272604,0.4475949300176972,0
2023-09-29 20:53:59.720,19.638515347223397,0.4309096090978312,0
2023-09-29 21:25:06.770,19.62994113934452,0.4307207323950014,0
2023-09-29 21:35:27.210,19.78399357674996,0.43411427228242505,0
2023-09-29 21:57:57.530,19.772032578222916,0.43385078975479635,0
2023-09-30 01:46:47.560,20.255115226520275,0.4444923626083617,0
2023-10-01 01:15:29.020,20.205964368485883,0.44340964428173235,0
2023-10-01 01:18:54.900,18.760936617643047,0.4115778901497721,0
2023-10-01 04:42:33.850,18.642910142667596,0.40897794718653885,0
2023-10-01 06:22:00.920,18.568755212757107,0.40734442734914705,0
2023-10-01 13:33:07.600,18.492677835399835,0.40566855893096027,0
2023-10-01 13:55:37.630,18.155930539288192,0.398250530364951,0
2023-10-01 20:29:15.849,18.37714955593285,0.40312364739889,0
2023-10-01 23:54:40.660,17.979040233220317,0.39435390711477775,0
2023-10-02 01:10:48.740,17.858481601453683,0.3916981846051978,0
2023-10-02 01:15:06.410,17.561443126206353,0.3851548807092757,0
2023-10-02 08:15:16.109,17.695565744362078,0.38810939712058873,0
2023-10-02 09:05:38.509,17.573061246229788,0.38541081014720235,0
2023-10-02 09:07:29.440,17.545181725019436,0.3847966668797343,0
2023-10-02 18:53:29.310,17.70442374994028,0.38830452545324556,0
2023-10-02 20:08:27.160,17.27695800758307,0.37888810808505724,0
2023-10-03 00:27:22.990,18.204510901787646,0.3993206815463537,0
2023-10-03 01:53:44.920,18.02479451282725,0.3953618040067809,0
2023-10-03 02:15:24.849,17.966454016490154,0.39407665198512887,0
2023-10-04 08:18:28.950,18.15354587093928,0.39819799976370507,0
2023-10-04 08:46:55.400,16.906950348944484,0.3707374045363842,0
2023-10-08 02:18:45.779,16.93820316488942,0.3714258563342894,0
2023-10-09 03:12:59.790,13.570855091282137,0.29724832175526306,0
2023-10-09 07:16:48.779,12.886502779428328,0.28217308564449417,0
2023-10-09 07:26:54.859,12.595201446713428,0.2757561622353177,0
2023-10-11 09:20:28.490,12.591820429570134,0.2756816835920124,0
2023-10-11 13:56:54.330,11.780116874240484,0.2578010941111384,0
2023-10-12 21:05:27.120,11.65618054959906,0.25507096618681063,0
2023-10-14 16:49:44.850,11.155519865694968,0.2440421760585389,0
2023-10-15 14:18:58.860,10.493496082064587,0.2294588033186445,0
2023-10-15 17:57:58.020,10.201608814661931,0.22302897266328733,0
2023-10-16 10:36:20.830,10.156289888287496,0.22203066593801232,0
2023-10-17 21:19:18.590,10.098559452058527,0.22075895260870115,0
2023-10-19 01:11:02.829,9.674859829029566,0.2114254970967253,0
2023-10-19 04:00:37.760,9.348630361540812,0.20423916022973748,0
2023-10-19 04:00:44.810,9.418040574744596,0.20576816120543578,0
2023-10-19 04:01:06.819,9.376000112201494,0.20484207403064944,0
2023-10-19 04:01:12.990,9.454509458038833,0.2065715149997226,0
2023-10-19 04:01:30.569,9.461638977338986,0.2067285674198641,0
2023-10-19 04:01:51.089,9.496559303216502,0.20749780885961686,0
2023-10-19 04:02:48.220,9.489192589180178,0.20733553140174246,0
2023-10-19 04:05:36.990,9.520382393402384,0.20802259514764365,0
2023-10-19 16:08:48.119,9.534172629858807,0.2083263729927725,0
2023-10-21 15:55:06.990,9.504746781387906,0.20767816649770438,0
2023-10-21 22:16:36.890,9.002367811464731,0.1966115251530419,0
2023-10-22 17:02:59.769,9.061663735884098,0.19791772379597014,0
2023-10-25 18:44:19.850,8.849384123631184,0.1932415281862171,0
2023-10-26 03:55:11.579,8.20619206551622,0.1790729895947587,0
2023-10-26 11:17:46.940,8.127760957390455,0.17734527208296672,0
2023-10-26 20:13:48.440,8.058118817149671,0.17581116210890213,0
2023-10-26 21:24:08.650,7.989342776677505,0.17429613098980923,0
2023-10-27 07:47:18.410,8.067066725107292,0.1760082708536555,0
2023-10-31 14:06:39.330,7.927745992078073,0.17293924791158127,0
2023-11-01 08:28:40.730,7.236205676422869,0.15770567105644112,0
2023-11-02 00:01:38.980,7.034857913759088,0.15327028739519624,0
2023-11-02 00:01:43.920,6.993110500293376,0.15235065564396466,0
2023-11-03 13:52:12.270,6.9709403604731035,0.1518622813276801,0
2023-11-04 14:14:08.850,6.774712291998999,0.14753967670931625,0
2023-11-04 20:07:55.130,6.652376385154529,0.14484480354448448,0
2023-11-06 02:15:00.000,6.623653121253358,0.14421207391431912,0
2023-11-10 17:51:57.940,6.467254599952053,0.1407668533822141,0
2023-11-11 19:15:55.730,5.961301561008238,0.129621480756267,0
2023-11-23 03:59:44.069,5.853230913946336,0.12724084947486095,0
2023-11-23 15:37:10.019,4.910205609021224,0.10646744243884765,0
2023-11-23 18:27:28.100,4.910880175530671,0.10648230210867879,0
2023-11-23 18:41:47.500,4.886421426469891,0.1059435132265802,0
2023-11-24 08:59:36.549,4.473094561006322,0.09683855371981906,0
2023-11-24 08:59:47.359,4.428877345367583,0.09586451599923464,0
2023-11-24 09:00:20.230,4.429797965558857,0.09588479585583977,0
2023-11-24 09:03:36.299,4.442588853804954,0.0961665595863575,0
2023-11-24 09:39:18.299,4.398837868649612,0.09520279221117486,0
2023-11-24 19:19:33.000,4.599632955180108,0.09962600126139304,0
2023-11-24 19:20:38.690,4.644044631192364,0.10060432264697601,0
2023-11-24 19:21:31.339,4.649702927066885,0.10072896626228275,0
2023-11-24 20:20:21.220,4.6530050802067136,0.10080170765205315,0
2023-11-25 02:37:48.529,4.793707237086211,0.10390116125148217,0
2023-12-08 17:37:49.260,4.796170250088861,0.1039554176657818,0
2023-12-15 00:26:46.020,4.026039192011507,0.086990606799135,0
2023-12-21 21:13:38.390,3.759055089671469,0.08110935483157017,0
2024-01-10 21:53:44.089,3.49199449276657,0.07522641780558369,0
2024-01-18 04:17:01.730,2.8460089012879153,0.060996341941127914,0
2024-01-18 20:20:28.509,2.669341600019549,0.05710463114605736,0
2024-01-21 09:35:04.859,2.5679984957041677,0.05487219735531857,0
2024-01-24 14:05:26.380,2.683804769673625,0.05742323268165337,0
2024-01-25 17:44:49.450,2.6426291623682485,0.05651619694672412,0
2024-01-26 04:17:49.309,2.6178573103932723,0.05597051088567731,0
2024-01-26 05:54:02.579,2.6067272590262665,0.05572533285474747,0
2024-01-26 12:55:32.759,2.6052856255795436,0.05569357587195062,0
2024-01-30 03:38:34.640,2.6136976292440837,0.05587887946369867,0
2024-02-02 08:01:41.690,2.534882558910659,0.054142703850958075,0
2024-02-02 15:17:03.250,2.4695468335936424,0.05270345761979641,0
2024-02-03 01:33:25.480,2.458819949673837,0.052467160751907084,0
2024-02-03 10:07:27.240,2.4578045371115405,0.05244479276415967,0
2024-02-04 21:41:49.970,2.5167775032625936,0.05374387712974214,0
2024-02-04 23:05:20.839,2.491045397860652,0.05317703815244601,0
2024-02-04 23:57:25.690,2.5245868458018093,0.05391590501743882,0
2024-02-06 02:23:49.750,2.5893636019507444,0.05534283801162954,0
2024-02-06 03:31:07.920,2.5928070574358792,0.05541869207623365,0
2024-02-06 03:31:32.559,2.600346645726095,0.05558477768986312,0
2024-02-11 05:26:47.750,2.608676400211428,0.055768269457825405,0
2024-02-11 05:31:25.970,2.506313562570233,0.05351337249951871,0
2024-02-16 16:59:02.029,2.51352636624535,0.05367225954722731,0
2024-02-17 18:09:50.630,2.502017188976797,0.05341872995178525,0
2024-02-17 19:22:09.220,2.6051042560051805,0.055689580577261796,0
2024-02-19 00:56:34.210,2.783414075574634,0.05961747354162769,0
2024-02-19 01:02:04.500,2.756368305686637,0.05902169654227099,0
2024-02-21 19:37:44.859,2.784752271624256,0.05964695195656268,0
2024-02-25 22:00:11.210,2.7473707758463317,0.05882349470323744,0
2024-02-26 04:25:20.319,2.6751421935360336,0.05723240936106291,0
2024-02-28 08:27:36.920,2.7026986255438548,0.05783943546690442,0
2024-02-29 04:45:48.109,2.7525535756884767,0.05893766386725113,0
2024-03-02 21:58:18.869,2.7557444124860857,0.05900795312803347,0
2024-03-02 22:03:57.660,2.95023192283168,0.06329221590945555,0
2024-03-03 09:01:55.619,2.9629466769651938,0.06357230252176474,0
2024-03-03 14:01:22.170,3.2222155912210675,0.0692836006804607,0
2024-03-04 20:58:42.359,3.2309652987367725,0.0694763433722215,0
2024-03-05 05:36:32.420,3.2011859171692327,0.06882034908304134,0
2024-03-07 16:55:33.180,3.190368838132993,0.06858206535450621,0
2024-03-07 22:07:51.450,3.1278241196829155,0.06720430074147762,0
2024-03-07 22:09:44.529,3.1220264012380623,0.06707658585990856,0
2024-03-07 22:17:44.210,3.1095962735563187,0.06680276913357694,0
2024-03-08 02:41:14.859,3.120027269271263,0.06703254803626996,0
2024-03-08 02:52:20.849,3.1132706455103736,0.06688370993527616,0
2024-03-08 03:30:35.640,3.1130954332639327,0.0668798502771164,0
2024-03-08 08:36:12.930,3.103655490276741,0.06667190275222441,0
2024-03-08 11:49:43.000,3.1028769973584454,0.06665475374234954,0
2024-03-08 12:02:15.079,3.475569797616713,0.0748646068594633,0
2024-03-08 13:04:49.019,3.6992518072350893,0.07979197986649515,0
2024-03-08 16:26:51.509,3.9911206254390335,0.08622140411418508,0
2024-03-08 16:48:46.450,5.037127587755413,0.10926333976237802,0
2024-03-08 17:16:16.140,5.561486041217557,0.1208141555566674,0
2024-03-09 11:58:54.609,5.617941778339438,0.12205778921169869,0
2024-03-09 22:02:28.009,5.737529637768742,0.12469212708950117,0
2024-03-10 15:14:51.859,5.903617027720016,0.1283507785986257,0
2024-03-10 17:13:09.309,5.925851740945581,0.1288405753683957,0
2024-03-10 17:15:06.839,5.995340714699652,0.13037131131871338,0
2024-03-12 21:00:51.269,6.0635779375563486,0.13187447310875874,0
2024-03-12 21:25:50.180,5.860914833302364,0.12741011448141062,0
2024-03-14 16:27:17.779,6.195297922037939,0.13477606317015242,0
2024-03-16 18:56:18.269,6.338941617618893,0.13794031437409787,0
2024-03-17 15:20:28.269,6.145215520820261,0.1336728243700882,0
2024-03-18 22:25:17.599,6.082869058809368,0.13229942704358646,0
2024-03-19 12:48:04.400,5.992739088145314,0.13031400145959646,0
2024-03-20 09:17:36.240,6.087721159791634,0.13240631141684564,0
2024-03-20 13:51:30.529,5.997331683804386,0.13041516932696912,0
2024-03-23 05:43:52.640,5.968117802397783,0.1297716321425567,0
2024-03-23 21:20:10.250,5.8350565669358145,0.12684049637076975,0
2024-03-24 06:41:59.720,5.765703587041235,0.12531275615745177,0
2024-03-27 14:12:20.759,5.731743667677318,0.12456467100621303,0
2024-04-03 02:37:32.500,5.8891254191431655,0.12803155059700022,0
2024-04-04 05:14:36.519,5.367461436746614,0.11654008988459462,0
2024-04-04 05:15:02.250,5.8316273633231095,0.12676495625314613,0
2024-04-04 05:17:09.519,5.919794129514244,0.12870713544131002,0
2024-04-04 05:18:41.849,5.800552822578339,0.12608043158559273,0
2024-04-04 05:26:26.880,5.691409253615169,0.12367616547354479,0
2024-04-04 05:26:42.029,5.694117811451342,0.12373583086546752,0
2024-04-04 05:32:56.809,5.964759193611897,0.12969764712113724,0
2024-04-04 05:33:01.619,6.609018578362335,0.14388969728807857,0
2024-04-04 12:00:13.859,6.956932292539383,0.1515537049878348,0
2024-04-04 22:02:08.109,7.2151604366106294,0.15724207656909608,0
2024-04-06 02:00:14.400,7.279911697986485,0.15866844795237806,0
2024-04-06 02:01:12.539,7.500124233878444,0.16351939375269212,0
2024-04-06 03:21:07.200,7.54189863550961,0.16443962001198537,0
2024-04-06 05:33:47.970,7.61593474367007,0.16607052238771924,0
2024-04-06 11:59:31.900,7.10864036763408,0.15489560215446752,0
2024-04-06 12:00:41.730,7.33288558508645,0.15983538176980597,0
2024-04-06 12:05:17.420,7.361513289841947,0.16046600637795472,0
2024-04-06 13:14:11.079,7.756940498122126,0.16917666377793922,0
2024-04-06 13:26:23.109,7.756732608665704,0.16917208429075664,0
2024-04-06 18:18:50.950,7.7780319974110785,0.16964127729089684,0
2024-04-06 19:58:39.440,7.779634403678832,0.1696765758533673,0
2024-04-07 00:13:15.549,7.814407476167869,0.1704425735258952,0
2024-04-07 13:08:41.069,7.806246844826228,0.17026280728245996,0
2024-04-07 13:08:59.869,7.7443121829184,0.16889848128322144,0
2024-04-07 17:42:52.390,7.802635379058892,0.1701832522079676,0
2024-04-08 15:03:35.769,7.856833704462495,0.17137715853094668,0
2024-04-08 23:23:16.130,7.700846304212322,0.16794099436762797,0
2024-04-09 03:39:44.309,7.629700567888719,0.1663737624685386,0
2024-04-09 10:33:25.619,7.5615197846632745,0.16487184395736057,0
2024-04-09 20:32:10.109,7.508102756641739,0.16369514842230956,0
2024-04-09 20:53:52.170,7.61675432792035,0.16608857657687243,0
2024-04-10 00:52:23.130,7.753747071846289,0.16910631747490684,0
2024-04-10 06:29:17.210,7.828893819804416,0.17076168554892776,0
2024-04-10 07:06:38.279,7.90506742450234,0.17243967370844593,0
2024-04-10 08:06:50.680,7.9162083913832335,0.1726850921914737,0
2024-04-10 20:28:25.240,7.868020678737255,0.17162359048658699,0
2024-04-10 23:49:33.470,8.10846792612147,0.17692027607340474,0
2024-04-11 05:23:25.849,8.109527974944474,0.17694362732979552,0
2024-04-11 05:23:43.420,8.432005828748908,0.18404732187774986,0
2024-04-11 07:40:34.359,8.871771281797374,0.1937346830851758,0
2024-04-11 12:46:43.609,9.076207219772941,0.19823809453148147,0
2024-04-11 18:19:13.910,9.329507500116303,0.20381791280192205,0
2024-04-12 02:17:25.279,9.417368879346148,0.20575336478179443,0
2024-04-12 02:34:06.599,9.502712459274612,0.20763335348888995,0
2024-04-12 02:35:15.250,9.628726354903486,0.21040924712866899,0
2024-04-12 03:09:08.359,10.35301037634143,0.2263641178075696,0
2024-04-12 14:47:17.529,10.54269142758082,0.23054250163654613,0
2024-04-13 05:03:30.720,10.516461383894908,0.2299646938394339,0
2024-04-13 15:14:49.930,11.401996220300115,0.24947167366822612,0
2024-04-13 16:12:31.839,14.470011478430914,0.31705536354059033,0
2024-04-13 20:40:09.759,15.172246835748192,0.33252453582731967,0
2024-04-13 21:41:10.849,14.773843596638367,0.32374832101392,0
2024-04-13 22:27:27.890,14.739827384032258,0.32299899580854136,0
2024-04-14 01:34:47.559,14.74714361047888,0.32316016110193224,0
2024-04-14 02:25:23.940,14.674457607608415,0.32155899948350797,0
2024-04-14 07:41:53.150,14.650370620419402,0.32102839994759375,0
2024-04-14 07:44:24.099,14.457327823108908,0.3167759619875965,0
2024-04-14 07:45:12.940,15.645387885996664,0.34294711046124093,0
2024-04-14 07:46:03.970,15.2083019981229,0.3333187759816906,0
2024-04-14 07:46:54.339,15.506232110635645,0.33988172128463123,0
2024-04-14 07:46:58.740,16.414966788298724,0.3598997581795528,0
2024-04-14 07:47:20.960,17.01418819315703,0.37309969044309027,0
2024-04-14 07:47:47.809,16.980450854254748,0.3723565083994391,0
2024-04-14 07:52:40.009,17.03301791115643,0.37351448036901486,0
2024-04-14 07:53:01.720,17.25690809878888,0.3784464392197136,0
2024-04-14 07:57:58.049,17.109065027401286,0.3751896821811177,0
2024-04-14 08:01:43.700,17.30072203889752,0.37941159339635633,0
2024-04-14 08:03:44.509,17.8454376563102,0.39141084641776436,0
2024-04-14 08:08:31.279,17.890698305671002,0.3924078693894447,0
2024-04-14 08:15:28.269,18.16338461208088,0.3984147322027913,0
2024-04-14 11:15:33.269,18.21003393636166,0.39944234556181624,0
2024-04-14 11:25:57.170,18.321028958868517,0.40188739636741416,0
2024-04-14 11:26:15.099,18.873917417386178,0.4140666845946939,0
2024-04-14 11:32:14.900,18.841661812281284,0.4133561428833131,0
2024-04-14 13:10:37.000,19.0389479907028,0.41770205604759997,0
2024-04-14 15:44:14.460,20.05311579009531,0.4400426235695622,0
2024-04-15 05:10:06.329,20.319191947283567,0.44590387489228134,0
2024-04-15 14:54:09.539,19.78697397049904,0.43417992580429116,0
2024-04-15 21:13:26.250,19.64867062356261,0.43113331432382657,0
2024-04-16 01:34:20.470,19.762845117923977,0.4336484040378699,0
2024-04-16 02:11:32.559,19.16462717585573,0.4204705765268502,0
2024-04-16 02:14:26.859,19.388616272091696,0.42540471418300563,0
2024-04-16 02:35:20.700,19.65807005768054,0.4313403695002044,0
2024-04-16 03:38:05.549,19.64187911375009,0.4309837077364024,0
2024-04-16 06:43:16.640,19.855921675811377,0.4356987384376022,0
2024-04-16 10:17:55.509,20.398691248961118,0.4476551230763985,0
2024-04-16 10:18:17.230,20.421394682868762,0.4481552450468435,0
2024-04-16 11:28:14.799,20.711766407985962,0.4545516906205792,0
2024-04-17 07:44:50.630,20.57848476960816,0.4516156997092126,0
2024-04-18 02:01:07.279,19.506329342111894,0.4279977533137875,0
2024-04-18 10:09:40.519,18.76581452014149,0.4116853428910219,0
2024-04-18 21:32:47.470,18.618621416081748,0.40844290363986085,0
2024-04-19 10:57:35.519,18.36776088270926,0.40291682926857775,0
2024-04-20 14:27:29.450,17.83944017597329,0.3912787310868412,0
2024-04-20 15:04:31.069,16.653174903826812,0.3651471191117598,0
2024-04-20 21:30:46.869,16.67899891170093,0.3657159825601408,0
2024-04-20 21:40:32.519,16.839177702968698,0.36924447666540366,0
2024-04-21 02:58:48.460,17.468686649490746,0.38311159720884747,0
2024-04-21 06:46:13.140,17.733949838601088,0.3889549400865847,0
2024-04-21 06:46:37.329,17.519403249350187,0.384228806436278,0
2024-04-21 06:46:43.779,17.725913482174143,0.3887779114296955,0
2024-04-21 06:46:52.589,17.695535705993358,0.38810873542120816,0
2024-04-21 07:10:32.730,17.739110803710716,0.38906862826479266,0
2024-04-21 07:12:29.710,17.915326237793423,0.39295038511597125,0
2024-04-21 13:55:48.759,17.95077380207228,0.3937312408123711,0
2024-04-21 13:56:22.980,17.86633495761988,0.3918711820458679,0
2024-04-21 13:58:07.529,17.89434833071312,0.39248827386586294,0
2024-04-21 14:36:22.579,16.111590813829295,0.3532168488560314,0
2024-04-21 19:00:43.750,16.0622406443488,0.35212974000268416,0
2024-04-21 19:30:11.539,15.92656732572701,0.34914106402873346,0
2024-04-21 20:35:15.019,15.908041588982618,0.34873297034553813,0
2024-04-21 20:35:59.069,15.043614654283026,0.3296909653498886,0
2024-04-22 11:37:51.029,15.04511864195551,0.3297240959010355,0
2024-04-23 01:36:34.369,14.568783609822974,0.31923116272488133,0
2024-04-23 01:36:59.599,14.10645672912802,0.30904680772803494,0
2024-04-23 01:40:36.940,14.076976525082877,0.3083974038626921,0
2024-04-23 02:17:43.819,13.850516961316835,0.30340884558038433,0
2024-04-23 02:30:57.990,13.004531094767383,0.2847730691481265,0
2024-04-23 02:49:14.630,12.92744386734698,0.2830749552755524,0
2024-04-23 14:07:40.990,12.68724282828584,0.2777836932820191,0
2024-04-23 14:12:10.579,12.471150052137672,0.27302349949610105,0
2024-04-24 04:20:23.970,12.473685956306797,0.2730793615914599,0
2024-04-25 04:30:42.380,12.255212652296596,0.26826672841289745,0
2024-04-25 05:15:20.059,11.721125779334308,0.2565016103967715,0
2024-04-25 07:47:31.289,11.69803973074349,0.2559930600092839,0
2024-04-25 10:26:28.329,11.657110590123052,0.25509145355895635,0
2024-04-25 10:50:34.440,11.895785601980696,0.260349099504139,0
2024-04-25 12:44:52.410,12.049442846231798,0.26373393389001343,0
2024-04-25 13:17:31.500,12.154954495539803,0.2660581943596626,0
2024-04-25 14:29:01.210,12.255908565774485,0.2682820583238368,0
2024-04-25 14:29:09.490,12.210248500260045,0.2672762368243831,0
2024-04-26 01:38:05.940,11.996788195616146,0.26257403236471466,0
2024-04-26 01:47:42.309,11.758575060206967,0.25732656085219485,0
2024-04-26 01:50:18.539,12.198697764344795,0.26702179175543345,0
2024-04-26 18:33:22.680,11.946696713020732,0.26147059351577034,0
2024-04-27 01:23:10.809,11.682670208769313,0.2556544929164911,0
2024-04-27 02:14:54.579,11.326750911724488,0.24781413445434888,0
2024-04-27 03:44:56.289,11.362053745161841,0.24859180195138061,0
2024-04-27 06:18:50.980,14.595719865482712,0.3198245272930679,0
2024-04-27 13:01:48.950,15.133537992835455,0.33167183914408144,0
2024-04-27 14:31:16.000,15.178128191598327,0.33265409311317445,0
2024-04-27 17:11:25.509,15.474326793539277,0.3391788958830281,0
2024-04-27 18:54:46.009,15.879710891751206,0.34810888835947845,0
2024-04-27 21:28:44.170,16.895459095947043,0.37048426978525617,0
2024-04-27 21:49:11.089,16.818779157353394,0.3687951278634189,0
2024-04-27 21:58:41.339,16.999972280254827,0.37278653559606373,0
2024-04-28 03:50:21.089,17.00016015670519,0.37279067422729184,0
2024-04-28 03:50:28.079,16.99597070104663,0.3726983869183511,0
2024-04-28 04:54:44.160,17.157746648145526,0.37626206392698536,0
2024-04-28 16:33:57.680,17.00163630735763,0.3728231915714071,0
2024-04-29 01:34:54.829,16.536212267280074,0.3625706108841427,0
2024-04-29 08:34:47.380,16.166211458183923,0.3544200582204271,0
2024-04-29 08:35:10.930,16.05560713707621,0.35198361396987227,0
2024-04-29 17:44:52.880,16.03884375372096,0.3516143422399191,0
2024-04-29 17:45:22.690,16.10254195163563,0.3530175162436613,0
2024-04-29 21:58:36.849,16.107443603832444,0.3531254921544896,0
2024-04-29 21:59:03.789,15.980558893648743,0.3503304158002003,0
2024-04-29 22:06:38.299,16.03317850157413,0.3514895453885588,0
2024-04-29 23:05:05.759,16.21021555815995,0.3553894013284871,0
2024-04-30 00:08:37.950,16.17322912462765,0.35457464669299205,0
2024-04-30 08:32:02.990,16.166921960788912,0.35443570950755215,0
2024-04-30 08:35:43.660,15.891191639940171,0.34836179170572146,0
2024-04-30 09:05:27.200,16.45276951406259,0.36073249448605726,0
2024-04-30 09:10:03.950,16.949046686476237,0.3716647225518238,0
2024-04-30 22:11:17.059,16.938802418269493,0.37143905697091806,0
2024-04-30 23:23:01.329,16.447520940435368,0.36061687642602497,0
2024-05-01 00:10:08.630,16.657260125755787,0.36523711031085043,0
2024-05-01 00:32:56.240,16.664651334435273,0.3653999273482992,0
2024-05-01 01:56:41.660,16.63717340019427,0.36479463042835863,0
2024-05-02 09:15:00.170,17.010251163461277,0.3730129636925401,0
2024-05-03 00:30:55.119,15.900454027749694,0.34856582796125746,0
2024-05-03 12:17:11.000,15.867824362435266,0.3478470462748219,0
2024-05-03 19:13:51.910,16.197280092976456,0.35510445278887376,0
2024-05-04 10:09:41.619,15.951641833333062,0.34969341713103913,0
2024-05-04 16:13:25.799,15.54833310133391,0.3408091418022216,0
2024-05-06 02:05:47.029,15.443511925864758,0.33850009141657267,0
2024-05-06 14:21:31.069,14.468587125488787,0.31702398722091446,0
2024-05-06 20:38:25.660,14.190284542107099,0.3108934064045058,0
2024-05-06 22:18:06.890,14.049162009939826,0.3077846925795926,0
2024-05-06 23:38:57.720,14.06710541709004,0.3081799584313122,0
2024-05-07 00:54:20.299,14.033598528785816,0.3074418528623326,0
2024-05-07 01:08:24.160,14.448749930346263,0.3165870041124058,0
2024-05-07 01:47:54.559,14.400295067898863,0.3155196175054539,0
2024-05-07 01:59:09.490,14.797419300200392,0.3242676577524959,0
2024-05-07 02:28:48.700,15.2416056582812,0.33405240474503783,0
2024-05-07 03:53:22.359,15.454142857526449,0.3387342746027788,0
2024-05-07 03:57:53.869,15.912258414905436,0.3488258605795936,0
2024-05-07 04:44:36.559,15.979016134911697,0.35029643118172227,0
2024-05-07 04:44:41.170,13.84811805637635,0.30335600136877183,0
2024-05-07 04:46:48.049,14.032176715421821,0.3074105324856839,0
2024-05-07 04:53:11.119,14.17583723789838,0.3105751543604372,0
2024-05-07 09:01:43.119,14.221950949885258,0.3115909689987527,0
2024-05-07 17:37:25.089,14.153169199149518,0.3100758120912755,0
2024-05-08 03:47:47.690,14.342667482961653,0.31425016983299914,0
2024-05-08 05:29:10.440,14.051751619274103,0.30784173771770745,0
2024-05-09 12:19:29.880,14.266215366919457,0.312566046493981,0
2024-05-10 08:11:03.890,13.596622172065477,0.29781593118678795,0
2024-05-10 09:01:33.539,13.071099581038565,0.2862394712201179,0
2024-05-10 10:31:43.470,13.035207041305608,0.2854488133941456,0
2024-05-10 11:25:52.089,13.262144892810237,0.29044790762477,0
2024-05-10 11:26:10.319,14.871985545861316,0.32591023824760224,0
2024-05-10 11:29:04.440,15.999525074079392,0.3507482117850446,0
2024-05-10 11:34:36.579,16.01062510643925,0.35099272854309976,0
2024-05-10 19:31:11.779,16.277178851523782,0.3568645003976785,0
2024-05-10 20:49:12.859,16.075159463876254,0.3524143218639205,0
2024-05-11 23:47:51.210,16.2260953227919,0.3557392082876565,0
2024-05-12 06:38:59.180,15.454586286835264,0.33874404267313235,0
2024-05-12 07:22:48.029,15.266855980701155,0.33460863077914405,0
2024-05-12 07:26:34.180,15.25250355983563,0.3342924688701957,0
2024-05-12 10:43:39.019,15.240698285358219,0.33403241670551853,0
2024-05-12 11:03:34.849,15.364167315337989,0.33675225084222304,0
2024-05-12 14:04:12.329,15.437774170464142,0.3383736974292771,0
2024-05-12 15:41:49.130,15.35195388191696,0.3364832075594636,0
2024-05-12 22:30:32.099,15.25152644602413,0.3342709445454286,0
2024-05-13 01:30:20.750,15.42060721722457,0.3379955356712083,0
2024-05-13 01:48:07.930,15.717746252576214,0.3445410547526271,0
2024-05-13 01:52:11.079,15.652755229730131,0.3431094017903815,0
2024-05-13 11:44:43.559,15.610860084995767,0.34218651574495484,0
2024-05-13 20:49:58.500,15.389729069900891,0.33731533725073887,0
2024-05-13 21:02:59.250,16.032405443678904,0.35147251610394037,0
2024-05-13 21:20:41.109,16.376233111596328,0.3590465144458609,0
2024-05-13 22:40:56.430,16.791128875657126,0.36818603439229236,0
2024-05-16 09:08:22.809,16.942906064447367,0.3715294540280697,0
2024-05-16 09:32:42.450,15.751693436084196,0.345288859352413,0
2024-05-16 10:09:38.579,15.888510175728392,0.34830272314495975,0
2024-05-16 10:21:06.339,16.91591953006698,0.3709349818964659,0
2024-05-16 16:24:06.890,17.39732993379948,0.38153971775655066,0
2024-05-18 02:31:23.559,17.44948209556735,0.38268855022006343,0
2024-05-18 04:06:04.579,16.43637206464769,0.36037128372186117,0
2024-05-18 04:30:55.200,16.4085411884421,0.35975821202954483,0
2024-05-18 05:13:05.279,16.65337078594351,0.3651514340955889,0
2024-05-18 13:54:53.150,16.624886555622222,0.36452397001007464,0
2024-05-20 01:56:02.680,16.45218655151367,0.36071965271155526,0
2024-05-20 01:56:55.390,15.076321788238136,0.33041145355214835,0
2024-05-20 01:58:05.700,15.099824051273501,0.3309291725080992,0
2024-05-20 02:01:37.829,15.073528394995476,0.3303499193658032,0
2024-05-20 02:14:29.690,14.79372455192611,0.324186268091586,0
2024-05-20 03:14:15.369,14.829278364440784,0.32496946427433115,0
2024-05-20 06:50:23.630,14.809459234507058,0.3245328791147785,0
2024-05-20 17:29:29.829,14.764905962099613,0.32355143857689206,0
2024-05-20 17:51:14.940,14.481137449404772,0.31730045168669174,0
2024-05-20 17:56:44.529,15.386423715716798,0.3372425253468528,0
2024-05-20 18:09:37.869,15.572575732766134,0.34134316994307373,0
2024-05-20 18:10:03.549,15.531056666071763,0.3404285683224247,0
2024-05-20 18:12:23.839,18.04139474639983,0.39572748179622635,0
2024-05-20 18:16:58.829,18.906093123337833,0.41477546624977146,0
2024-05-20 18:37:28.119,19.590573042081527,0.42985351334541033,0
2024-05-20 19:03:48.039,19.60504061319147,0.430172211838356,0
2024-05-20 19:31:03.309,19.727579683122556,0.4328715603756629,0
2024-05-20 19:46:14.190,19.881876149457817,0.43627047584766654,0
2024-05-20 19:50:05.240,20.119879695934138,0.4415133304361337,0
2024-05-20 19:50:41.119,19.212565385042385,0.42152658205163407,0
2024-05-20 19:53:13.140,19.215554660926138,0.42159243123336,0
2024-05-20 19:55:37.839,19.469036086827344,0.42717623986374764,0
2024-05-20 19:56:54.589,19.96317577780839,0.43806138247846704,0
2024-05-20 20:03:55.539,21.083238546325003,0.4627346544201221,0
2024-05-20 20:06:27.299,21.387633071991466,0.4694400008707201,0
2024-05-20 20:07:26.880,21.452872044947895,0.47087711579516317,0
2024-05-20 20:09:55.019,21.513376829485203,0.4722099437800067,0
2024-05-20 20:25:29.809,21.71365042428577,0.4766216651639712,0
2024-05-20 20:31:04.910,21.71731264369475,0.4767023382636649,0
2024-05-20 20:47:01.650,21.776172595181567,0.4779989330888194,0
2024-05-20 20:47:42.450,21.86931439133061,0.4800507045878071,0
2024-05-20 21:00:55.170,22.321509369734468,0.4900118692532351,0
2024-05-20 21:09:07.319,23.503559491560342,0.5160506279052184,0
2024-05-20 21:09:38.359,23.182686051445625,0.5089822761401741,0
2024-05-20 21:21:03.319,23.213396309414673,0.509658776214605,0
2024-05-20 21:22:17.819,23.848129750680034,0.5236409843970481,0
2024-05-20 21:22:39.759,24.35318978595962,0.5347666855162977,0
2024-05-20 21:23:50.420,24.31999976515517,0.5340355600543364,0
2024-05-20 21:53:29.069,24.3831380519133,0.5354264000705408,0
2024-05-20 22:19:57.980,24.407527024450197,0.5359636518823989,0
2024-05-20 22:22:13.650,28.806408337074497,0.6328642880933367,0
2024-05-20 22:55:54.160,28.84227495829386,0.633654374974044,0
2024-05-20 23:11:35.819,29.259083670963733,0.6428360342563849,0
2024-05-20 23:28:38.039,29.216763648829534,0.6419037888108222,0
2024-05-20 23:31:52.410,29.724884861981486,0.6530969230027797,0
2024-05-21 00:01:12.400,34.02484933209518,0.747818572264525,0
2024-05-21 00:29:31.650,34.243418713197634,0.7526333218746761,0
2024-05-21 01:05:15.529,34.17645100521059,0.7511581255580785,0
2024-05-21 01:48:07.150,33.82041459477335,0.7433151872667871,0
2024-05-21 01:48:36.279,35.24107241356907,0.7746101090197957,0
2024-05-21 02:12:30.589,45.421563739301575,0.9988707826534032,1
2024-05-21 03:29:09.920,45.00492548620085,0.9896928783350007,1
2024-05-21 06:00:33.650,44.58100178046279,0.9803544866232206,1
2024-05-21 08:49:03.980,43.5010177120402,0.9565640872261082,1
2024-05-21 16:27:59.869,42.38312210091023,0.9319385544514389,1
2024-05-21 16:28:27.700,40.167947589534826,0.8831416435517284,1
2024-05-21 16:29:40.269,41.3304390093541,0.908749553873601,1
2024-05-21 16:31:52.519,45.369922821352546,0.9977332121103161,1
2024-05-21 20:48:22.960,45.472825457264115,1.0,1
2024-05-22 06:28:00.380,41.62099295069009,0.915150013392309,1
2024-05-22 23:07:27.390,40.440272199054434,0.889140538735059,1
2024-05-23 23:44:27.109,36.32156094049656,0.7984116208672318,0
2024-05-23 23:46:18.700,27.928181219912595,0.6135182861572407,0
2024-05-25 01:00:33.890,27.89970813212239,0.6128910675246665,0
2024-05-25 01:03:23.859,25.3289252385795,0.556260647142652,0
2024-05-25 01:09:39.359,25.83738972069706,0.5674613430255929,0
2024-05-25 01:24:31.019,25.781492326819432,0.5662300088193867,0
2024-05-25 02:08:40.690,25.58793345095589,0.5619662024371541,0
2024-05-25 02:32:53.579,23.04524979862716,0.5059547654186786,0
2024-05-26 22:53:17.930,22.972441834632665,0.5043509171829823,0
2024-05-27 12:06:22.480,20.032047520212373,0.4395785217649372,0
2024-05-27 23:06:39.420,19.347526415520505,0.42449956740576983,0
2024-05-29 01:58:56.569,18.098945488392193,0.3969952367359804,0
2024-05-29 01:58:56.690,16.98773181761555,0.3725168969009123,0
2024-05-29 06:12:53.299,16.89889392372287,0.37055993379460267,0
2024-05-30 03:36:19.920,16.787407973400096,0.36810406859909167,0
2024-05-31 07:19:05.660,16.01389929505165,0.3510648539170456,0
2024-05-31 09:47:27.460,15.147363280040697,0.3319763891036682,0
2024-06-01 06:31:01.799,15.069403058427135,0.3302590445024807,0
2024-06-02 09:10:03.029,14.541906808665033,0.31863910784855515,0
2024-06-03 21:48:12.910,13.873409968877127,0.3039131435688315,0
2024-06-04 05:23:28.150,13.06526946080303,0.2861110425765925,0
2024-06-04 18:12:23.029,11.837238969229565,0.2590594066121505,0
2024-06-05 01:03:14.569,11.604006324774844,0.2539216477078669,0
2024-06-05 04:43:48.079,11.492056185203692,0.2514555571322437,0
2024-06-05 15:13:32.240,11.431658566138392,0.2501250898390578,0
2024-06-06 18:59:45.210,11.2934706996046,0.24708102221547187,0
2024-06-08 01:52:04.829,10.861911541894429,0.23757443315957763,0
2024-06-08 01:52:21.670,11.297972601927777,0.24718019224718504,0
2024-06-08 02:09:03.579,11.703210142824663,0.25610695628984514,0
2024-06-08 02:10:16.279,12.6661859423867,0.27731984224916856,0
2024-06-08 02:10:58.630,12.854253946589846,0.2814626931157981,0
2024-06-08 02:13:56.500,12.63744921458537,0.2766868160298482,0
2024-06-08 02:17:44.029,12.655220981224494,0.27707830090328206,0
2024-06-08 02:31:41.869,12.665989098693471,0.27731550608327715,0
2024-06-08 02:33:55.720,12.679141908450228,0.27760524239185486,0
2024-06-08 16:42:22.190,12.686175801281191,0.27776018830694554,0
2024-06-09 07:51:38.720,12.495588597558827,0.2735618433228789,0
2024-06-09 09:08:23.000,12.257805482728694,0.26832384450687713,0
2024-06-09 13:52:59.440,12.208006680579823,0.2672268529611131,0
2024-06-11 05:34:10.410,12.150825524763352,0.26596723944028655,0
2024-06-12 01:04:58.809,11.614119492347127,0.25414442534204623,0
2024-06-14 02:20:43.210,11.393244396767244,0.2492788843638393,0
2024-06-14 21:23:22.720,10.828045099328245,0.2368284071594111,0
2024-06-14 23:25:09.710,10.703716420578319,0.2340896362733774,0
2024-06-15 22:58:57.029,10.681357143559389,0.2335970955535055,0
2024-06-16 17:49:44.230,10.44005853702028,0.22828165582492072,0
2024-06-16 17:50:09.740,10.275301639324175,0.2246523130279066,0
2024-06-16 23:35:09.329,10.324060702235858,0.22572640070643335,0
2024-06-16 23:35:11.890,10.338791420379925,0.22605089592659477,0
2024-06-16 23:41:27.650,9.798467437032969,0.21414838389561833,0
2024-06-16 23:41:38.529,10.040473917178746,0.21947941699851087,0
2024-06-17 09:07:36.049,10.041371585893387,0.2194991912691432,0
2024-06-17 17:29:13.079,10.209783431788022,0.2232090469921913,0
2024-06-17 19:30:49.039,10.120429788033146,0.22124072270420375,0
2024-06-18 01:58:24.410,9.904731121421314,0.2164892105493854,0
2024-06-20 07:30:19.950,10.419826344406388,0.22783597152545987,0
2024-06-21 16:54:09.470,9.862221592071984,0.2155527905493377,0
2024-06-21 17:57:01.390,9.555167418583496,0.20878885611972073,0
2024-06-22 02:15:06.680,9.998060136955988,0.21854510620546877,0
2024-06-24 00:34:39.119,10.06963291653182,0.22012174521511407,0
2024-06-24 03:03:34.170,9.728709704786764,0.21261172760623626,0
2024-06-24 03:13:36.450,9.944675688299192,0.21736912834405936,0
2024-06-24 03:22:46.529,9.938744123309858,0.21723846502756036,0
2024-06-24 03:32:38.420,9.993672109402654,0.21844844466099633,0
2024-06-24 04:15:35.960,10.173749754933674,0.22241528013101572,0
2024-06-24 22:35:33.400,10.491513060510314,0.22941512038278586,0
2024-06-27 20:30:36.630,10.343195434011799,0.2261479096199594,0
2024-06-28 00:37:29.099,9.842508027961735,0.21511853084362886,0
2024-06-29 14:20:12.569,10.052356546921075,0.21974117318151726,0
2024-07-01 13:15:24.640,10.03729685542352,0.21940943118087144,0
2024-07-01 13:39:37.539,9.683634100940235,0.21161878090458608,0
2024-07-01 21:44:06.220,9.809339094963232,0.21438786991382183,0
2024-07-01 23:27:50.869,9.791379955257636,0.21399225749793804,0
2024-07-02 06:21:06.859,9.80166374929465,0.21421879377251066,0
2024-07-02 13:10:14.789,9.81375099095561,0.21448505724354835,0
2024-07-02 13:11:34.200,10.253398799496443,0.22416982692216822,0
2024-07-02 13:13:45.759,10.752572361072586,0.23516585801707202,0
2024-07-02 13:14:02.259,10.35668527847329,0.22644507028827604,0
2024-07-02 18:10:23.900,10.1739387532937,0.22241944347620002,0
2024-07-02 21:01:49.700,9.178693672474536,0.20049571454075196,0
2024-07-03 00:17:43.779,8.937068900165485,0.19517308987845985,0
2024-07-03 00:18:44.369,8.878441161029576,0.19388161033670126,0
2024-07-03 01:53:57.569,9.35308250455557,0.2043372341398914,0
2024-07-04 00:03:46.609,9.31307830831912,0.2034560028015295,0
2024-07-04 04:09:01.710,9.13552521867443,0.199544779441533,0
2024-07-07 13:02:41.420,9.227055201082083,0.2015610451457755,0
2024-07-07 17:07:52.819,8.654150979178011,0.18894084022432978,0
2024-07-07 19:14:03.619,8.649073841399357,0.18882899863418043,0
2024-07-08 05:59:34.740,8.678842527360382,0.18948475731548617,0
2024-07-09 03:00:12.210,8.933156334462847,0.19508690203231027,0
2024-07-09 03:00:46.910,8.94038575147034,0.19524615504635492,0
2024-07-10 02:00:18.609,9.371459770356909,0.20474205723499442,0
2024-07-10 18:50:01.170,9.364537379633022,0.20458956754100785,0
2024-07-11 02:21:45.609,9.236550016166873,0.20177020141916277,0
2024-07-11 09:59:20.049,9.359001505126544,0.20446762068144558,0
2024-07-12 04:23:49.990,9.62608237441717,0.21035100427712441,0
2024-07-12 04:25:01.769,9.461271353003317,0.20672046921728005,0
2024-07-12 04:25:18.180,9.52213190881833,0.20806113429994574,0
2024-07-12 04:26:46.569,9.541065453766619,0.208478211374963,0
2024-07-15 01:46:30.059,9.565724707900715,0.20902141707756372,0
2024-07-15 05:10:02.480,8.962050252234487,0.19572339090657548,0
2024-07-15 05:14:17.299,8.996515616310223,0.19648261023277,0
2024-07-18 06:08:37.640,9.044201356995185,0.1975330542620966,0
2024-07-18 06:26:42.640,9.172142795799703,0.20035140873379395,0
2024-07-18 06:50:08.470,9.209935968259224,0.20118393459559597,0
2024-07-18 12:26:05.849,9.147757561717523,0.19981423927438288,0
2024-07-18 15:13:55.180,9.421087302669866,0.20583527596788073,0
2024-07-19 21:04:45.220,9.40990995489015,0.20558905606922218,0
2024-07-22 22:07:01.750,9.2074164966512,0.2011284344844581,0
2024-07-23 11:00:38.930,8.954564471643186,0.1955584905943641,0
2024-07-23 20:38:59.759,8.877567680653772,0.19386236889822683,0
2024-07-26 11:44:23.420,8.809444975291749,0.19236172975366844,0
2024-07-26 11:46:21.119,8.374274458566298,0.18277558797486654,0
2024-07-26 11:56:07.170,9.418056574394942,0.20576851365329413,0
2024-07-26 12:21:58.019,9.423938500079975,0.20589808349174132,0
2024-07-26 14:15:22.269,9.582937807403086,0.20940059536731548,0
2024-07-27 13:46:22.599,10.185958473490471,0.2226842195525179,0
2024-07-28 05:37:09.990,10.048226546753705,0.21965019558623164,0
2024-07-28 13:24:23.380,10.273503436678556,0.22461270137030254,0
2024-07-28 17:36:20.910,10.656628659116555,0.23305236481294972,0
2024-07-29 02:01:45.400,10.604151125712233,0.23189636490927742,0
2024-07-29 03:02:41.009,10.575324999597553,0.23126136938166617,0
2024-07-30 03:02:51.119,10.591050661490833,0.23160778169288804,0
2024-07-31 02:06:01.069,10.453976183800835,0.22858824032487632,0
2024-08-03 03:18:01.660,10.308434258434506,0.22538217401822516,0
2024-08-06 08:50:04.099,9.43316508070741,0.2061013309697499,0
2024-08-09 02:38:32.539,8.694831168854767,0.1898369626656301,0
2024-08-10 07:58:58.509,8.068375474914616,0.17603710061285055,0
2024-08-10 19:13:11.339,7.80837883607265,0.17030977179309167,0
2024-08-10 19:13:15.710,7.760693124209298,0.16925932839866112,0
2024-08-11 22:25:14.220,7.778507282860483,0.1696517471033687,0
2024-08-13 01:49:20.230,7.619305198429718,0.16614476835784642,0
2024-08-14 11:29:36.730,7.130685807350054,0.15538122951792857,0
2024-08-14 11:43:10.640,7.085471825754367,0.15438523456583064,0
2024-08-14 15:20:00.559,7.09758991099513,0.15465217747381918,0
2024-08-14 15:20:14.450,7.493531186699285,0.16337415899393748,0
2024-08-14 15:20:24.859,7.5215187188050034,0.16399068157644842,0
2024-08-15 12:22:58.809,7.505530232975554,0.1636384796553652,0
2024-08-15 21:03:30.579,7.4554915623375395,0.16253620417317438,0
2024-08-16 08:00:39.059,7.52401987411876,0.1640457782076009,0
2024-08-16 14:33:09.240,7.456202296452694,0.16255186056011478,0
2024-08-16 20:10:05.170,7.541768048932419,0.16443674338915534,0
2024-08-17 07:37:15.329,7.605675666521796,0.16584453058845158,0
2024-08-17 12:52:44.430,7.581380698529565,0.16530934955312443,0
2024-08-17 13:02:33.640,7.687782923380505,0.16765322804166777,0
2024-08-17 13:02:45.960,7.626699389595818,0.16630765109491963,0
2024-08-17 13:19:37.910,7.619373581676826,0.16614627473632768,0
2024-08-17 13:27:17.849,7.611831192045054,0.16598012741342263,0
2024-08-17 13:32:59.500,7.584225941593095,0.1653720259118249,0
2024-08-17 14:10:04.559,8.018254883634157,0.174933020544037,0
2024-08-17 14:15:11.730,8.043716557089008,0.17549390231861217,0
2024-08-17 15:42:09.880,8.0933716083501,0.17658772725189184,0
2024-08-17 21:33:32.390,8.604070621798053,0.18783764644688866,0
2024-08-17 21:34:47.750,8.064396099391049,0.1759494410483951,0
2024-08-17 22:34:33.220,8.056250902549683,0.17577001480342538,0
2024-08-17 23:35:53.750,8.100045329841683,0.17673473914252255,0
2024-08-17 23:40:15.369,8.103109871822557,0.17680224632140223,0
2024-08-17 23:54:01.759,8.304501209282538,0.18123858986884875,0
2024-08-17 23:59:28.109,8.893896956418427,0.1942220779010403,0
2024-08-17 23:59:58.049,9.007980779332195,0.1967351702615898,0
2024-08-18 00:08:22.410,9.10019461146151,0.19876650013064884,0
2024-08-18 00:15:33.309,9.734071934402383,0.21272984933408814,0
2024-08-18 00:16:43.849,9.72495496228795,0.21252901636419858,0
2024-08-18 00:23:50.490,7.695177862830827,0.1678161272622994,0
2024-08-18 00:29:21.829,7.669962094129702,0.16726066239383966,0
2024-08-18 01:31:58.299,8.150613100102998,0.17784866988123726,0
2024-08-18 01:36:03.180,8.256527550705401,0.18018180344814,0
2024-08-18 02:00:18.430,8.399570075187928,0.18333281177105068,0
2024-08-18 02:01:22.109,8.49860094568417,0.18551431058259374,0
2024-08-18 02:50:37.089,8.551917631691888,0.18668879573634853,0
2024-08-18 03:30:29.769,8.624595685934603,0.18828978225864473,0
2024-08-18 05:12:19.210,8.632561805120016,0.18846526369638741,0
2024-08-18 12:06:07.140,8.872617768045316,0.19375332988424585,0
2024-08-18 22:00:38.849,9.040458326451622,0.19745060101654366,0
2024-08-19 09:30:05.250,9.83427521491584,0.21493717454750344,0
2024-08-20 08:59:20.539,10.955790096402248,0.23964243431984167,0
2024-08-20 09:01:44.140,11.779914895274631,0.25779664482303505,0
2024-08-24 09:31:16.549,12.455763828991245,0.2726845645019939,0
2024-08-24 11:07:40.019,10.746668405533406,0.23503580289458761,0
2024-08-24 14:10:18.519,10.763601658811803,0.23540881659947857,0
2024-08-25 09:11:48.890,11.183068809511942,0.24464903721097395,0
2024-08-30 19:16:56.609,11.35988478603798,0.2485440230948758,0
2024-08-30 19:23:15.839,9.818033778994796,0.21457940052227303,0
2024-08-30 19:23:57.490,11.540499226144954,0.2525226833294723,0
2024-09-03 03:15:30.289,11.649558705997727,0.2549250970868608,0
2024-09-05 13:47:20.849,10.533748108705096,0.23034549398225732,0
2024-09-06 23:37:26.160,9.842849115328747,0.21512604447732755,0
2024-09-07 19:19:20.400,9.71819745487671,0.21238015879773733,0
2024-09-12 09:33:21.210,9.578146544004152,0.20929505115309027,0
2024-09-12 17:14:45.750,8.654531868750835,0.18894923063982627,0
2024-09-15 12:35:44.210,8.648903346838749,0.18882524289943348,0
2024-09-20 17:02:45.490,8.19339995874172,0.1787911990219215,0
2024-09-21 01:21:56.440,7.4288840851262545,0.16195008209201203,0
2024-09-25 01:02:35.670,7.412157072986536,0.16158161156438147,0
2024-09-25 01:06:26.400,6.816510097463407,0.14846041851930747,0
2024-10-02 04:35:45.170,6.818903357536433,0.14851313838311211,0
2024-10-05 04:00:01.069,6.061426370554011,0.13182707737412533,0
2024-10-05 04:00:23.730,5.866440133390699,0.12753182840269317,0
2024-10-05 04:01:21.890,5.864722810043577,0.12749399839249523,0
2024-10-05 04:02:07.900,5.8598720222032386,0.12738714294574696,0
2024-10-05 04:02:17.329,5.860133211345288,0.1273928965435909,0
2024-10-05 05:53:55.190,5.8406377261953635,0.1269634407842716,0
2024-10-06 18:02:15.430,5.847968929248145,0.12712493598942007,0
2024-10-11 18:53:51.069,5.6248578578800865,0.12221013987995857,0
2024-10-12 04:54:23.920,5.3008328662174655,0.11507236424817638,0
2024-10-13 06:06:04.150,5.347913508421538,0.11610947888223147,0
2024-10-13 06:07:53.500,5.292138220623818,0.11488083448645375,0
2024-10-20 03:27:23.900,5.391325931133875,0.11706578824393461,0
2024-10-20 16:22:27.480,4.951397365256807,0.10737483391004253,0
2024-10-26 14:32:36.079,4.919650096255389,0.10667549006655933,0
2024-10-26 16:43:49.940,4.596309081605669,0.09955278140362521,0
2024-10-27 18:07:20.569,4.5760727425608785,0.09910700576462517,0
2024-10-27 18:18:22.980,4.523088672606463,0.0979398476344676,0
2024-10-27 21:16:09.640,4.516635738557752,0.09779769935395982,0
2024-10-27 21:27:22.569,4.521571881828495,0.09790643505046308,0
2024-10-27 21:35:46.920,4.408857509687228,0.09542350959865331,0
2024-10-28 00:40:29.140,4.410212780517357,0.09545336414492187,0
2024-10-28 19:52:31.279,4.397729080190402,0.0951783672950462,0
2024-11-06 01:37:39.650,4.360177965047812,0.0943511735862038,0
2024-11-06 23:08:54.849,3.9938502629702954,0.08628153385959227,0
2024-11-07 09:34:43.500,3.955900022773358,0.08544554803544933,0
2024-11-08 20:02:07.539,3.946819048914098,0.08524550805213545,0
2024-11-09 00:27:35.549,3.8962020176977528,0.08413049216982543,0
2024-11-09 08:40:34.769,3.9137034211344965,0.08451602135487932,0
2024-11-09 08:40:46.849,3.923899133698241,0.08474061732913651,0
2024-11-11 16:48:43.589,3.9554443176182192,0.08543550954695209,0
2024-11-13 01:11:40.920,3.8571635118166827,0.08327053351494113,0
2024-11-13 02:56:55.269,3.9505312348449007,0.08532728183798316,0
2024-11-13 02:58:30.450,3.955690466862289,0.08544093183881632,0
2024-11-16 01:30:55.200,3.9683305656674284,0.0857193739082743,0
2024-11-16 23:31:13.519,3.8900794883157324,0.08399562219944563,0
2024-11-22 00:25:29.329,4.076592826472992,0.0881042261477713,0
2024-11-23 21:19:33.230,3.885798488817632,0.08390131831954914,0
2024-11-25 10:30:36.349,3.24523329410202,0.06979064551635512,0
2024-11-25 16:58:17.460,3.278137171200624,0.07051546766954914,0
2024-11-25 17:32:40.180,3.347725506600994,0.07204839240516406,0
2024-11-25 18:33:46.750,3.4317308385115233,0.07389890155254203,0
2024-11-26 21:46:11.710,3.4432709811469655,0.07415311326771835,0
2024-11-26 21:46:17.970,3.575579835282605,0.07706767522811708,0
2024-12-05 02:47:22.180,3.5857997619780857,0.07729280460271037,0
2024-12-05 03:44:02.200,3.3949084970791854,0.0730877616153653,0
2024-12-05 03:46:27.099,3.572052198023312,0.0769899667676124,0
2024-12-05 09:10:41.690,3.5903575665658605,0.07739320607592426,0
2024-12-06 00:59:25.930,3.7465875564714954,0.0808347141188073,0
2024-12-06 04:33:59.779,3.7203840582488366,0.08025749107770347,0
2024-12-06 04:37:51.200,4.507887303377943,0.09760498468981539,0
2024-12-06 05:19:42.230,4.66166686288274,0.10099251349389732,0
2024-12-06 08:21:32.650,4.5909516058894795,0.09943476439691637,0
2024-12-06 08:22:24.680,4.6265063677553115,0.10021798149241742,0
2024-12-06 08:58:13.299,4.618416302015698,0.10003976970140886,0
2024-12-06 08:59:10.559,4.6517277253536955,0.10077356947574698,0
2024-12-06 09:00:13.299,4.743596187296274,0.10279729136713062,0
2024-12-06 09:05:02.839,4.8512382154818185,0.10516848082938784,0
2024-12-06 09:06:13.480,5.157661466202461,0.11191851699413714,0
2024-12-06 09:45:32.009,5.162583739774732,0.11202694716236844,0
2024-12-06 13:22:15.609,5.163968187375105,0.11205744442831919,0
2024-12-12 04:34:24.819,5.146732366746066,0.11167776562685247,0
2024-12-18 23:40:15.099,5.136814229353285,0.1114592842096272,0
2024-12-19 18:44:57.930,4.719906347810899,0.10227544038850116,0
2024-12-22 01:31:40.809,5.048623625584233,0.1095165799160327,0
2024-12-22 20:56:35.880,4.889869387946462,0.10601946655129292,0
2024-12-22 20:56:56.890,4.905914934156953,0.10637292542541313,0
2024-12-23 10:24:01.440,4.9123374591668245,0.1065144038412438,0
2024-12-23 10:24:52.970,4.8719904132057215,0.1056256200471363,0
2024-12-25 17:08:15.730,4.8663517689998255,0.10550140932807225,0
2025-01-02 16:04:27.539,4.721261954669458,0.10230530233696276,0
2025-01-03 04:31:37.029,4.30302613840026,0.09309220614216948,0
2025-01-04 16:21:59.740,4.319750907653326,0.09346062726243298,0
2025-01-07 02:36:20.829,4.698267242636831,0.10179876395433939,0
2025-01-12 23:18:04.049,4.607727913126799,0.09980432082025087,0
2025-01-13 00:36:25.410,4.33441437256254,0.0937836409965571,0
2025-01-13 00:36:28.400,4.389082064032058,0.09498788673703135,0
2025-01-13 06:58:37.000,4.39931190386981,0.09521323448300698,0
2025-01-14 11:59:25.579,4.39736319380659,0.09517030737688688,0
2025-01-15 04:53:19.960,4.323758116701355,0.0935488999569178,0
2025-01-17 16:53:21.759,4.396123146231024,0.09514299102291768,0
2025-01-17 16:53:50.140,4.3346640334189175,0.09378914064387664,0
2025-01-17 16:54:14.250,4.518986472562732,0.09784948243344221,0
2025-01-18 16:58:43.170,4.504334256205651,0.0975267164877399,0
2025-01-18 17:24:03.210,4.717526365767429,0.10222301301940598,0
2025-01-18 17:25:31.190,4.762900428933575,0.10322253432398325,0
2025-01-20 05:51:38.829,5.0481626729755895,0.10950642583415,0
2025-01-20 05:51:46.559,5.0600357953696395,0.10976797258479588,0
2025-01-20 23:25:10.519,5.18643608851294,0.11255237797161176,0
2025-01-21 00:38:01.950,5.154907892754243,0.11185785997704052,0
2025-01-21 00:43:52.910,5.145081556178927,0.11164140079160212,0
2025-01-21 13:36:26.930,5.1141480962227766,0.11095998391832705,0
2025-01-21 13:36:41.569,5.180048309275743,0.11241166495208042,0
2025-01-22 02:19:13.180,5.1719911541900245,0.11223417813250752,0
2025-01-22 10:59:32.779,5.755619523685323,0.1250906196447036,0
2025-01-24 05:29:55.200,5.724551381105306,0.12440623591894684,0
2025-01-24 21:46:23.940,5.57784618858117,0.12117454461365086,0
2025-01-24 22:00:08.369,5.575504831420696,0.12112296809173019,0
2025-01-24 22:47:01.750,5.618638790651985,0.12207314332828709,0
2025-01-30 17:32:00.880,5.646009849242042,0.12267608594088536,0
2025-01-31 21:11:57.859,4.807918330687594,0.10421420993667294,0
2025-01-31 21:20:54.799,4.7502066912336405,0.10294291067160409,0
2025-02-01 06:14:18.859,4.760682056939079,0.10317366697741442,0
2025-02-01 06:14:26.250,4.717782505782006,0.10222865539268401,0
2025-02-01 06:16:40.779,4.719355769764025,0.10226331199511333,0
2025-02-01 06:18:13.640,4.671026036916992,0.10119868180212722,0
2025-02-01 06:20:09.349,4.601904844840781,0.09967604752040175,0
2025-02-01 06:53:28.349,4.602025678371675,0.09967870929851921,0
2025-02-03 19:06:35.220,4.606549548326837,0.09977836324361036,0
2025-02-04 03:25:26.049,4.43083529205666,0.09590764657411378,0
2025-02-05 07:11:48.809,4.409648990468088,0.09544094471130206,0
2025-02-05 07:17:20.200,4.673013585633924,0.10124246446446417,0
2025-02-05 07:21:44.819,5.141462181866551,0.11156167150394249,0
2025-02-05 07:23:06.369,5.199007673640679,0.11282931078940837,0
2025-02-05 07:25:56.839,5.383610793571851,0.11689583554799134,0
2025-02-05 07:26:23.140,5.448434530862615,0.11832380346497483,0
2025-02-05 07:30:57.390,5.461148236158175,0.11860386697298596,0
2025-02-05 07:32:17.769,5.562056654964021,0.1208267253059135,0
2025-02-05 07:35:24.339,5.695004788404906,0.12375536961293454,0
2025-02-05 07:35:53.960,5.899334430092899,0.12825643951438803,0
2025-02-05 07:37:24.390,6.80091632982887,0.14811691163714275,0
2025-02-05 07:37:55.529,6.864553630835292,0.1495187441750137,0
2025-02-05 07:38:39.299,7.072809099256384,0.15410629404286216,0
2025-02-05 07:41:08.450,7.431442559515498,0.16200644137484504,0
2025-02-05 07:41:43.660,8.540306809830751,0.1864330270657897,0
2025-02-05 07:52:02.930,8.52119131168652,0.18601194183979164,0
2025-02-05 07:57:03.839,9.07703903308391,0.19825641810816225,0
2025-02-05 08:10:40.890,9.158311659326715,0.20004672992377323,0
2025-02-05 08:24:29.539,9.4385327841033,0.2062195732766202,0
2025-02-05 08:33:19.880,9.661288126721356,0.21112653322507985,0
2025-02-05 09:43:50.910,10.415028490851487,0.22773028214016489,0
2025-02-05 10:00:32.579,10.430428138208491,0.2280695128491261,0
2025-02-07 20:26:57.710,10.248444197729047,0.22406068461317827,0
2025-02-09 11:04:10.440,9.832734682796753,0.21490323897801797,0
2025-02-10 14:50:24.990,9.124773640548186,0.19930793859799523,0
2025-02-10 17:52:50.220,8.933693403073795,0.19509873283345974,0
2025-02-11 01:50:01.670,9.269790227475923,0.20250243250127653,0
2025-02-11 09:34:12.259,9.18519675585169,0.20063896753436436,0
2025-02-11 15:50:52.059,9.249339352199692,0.20205193095679294,0
2025-02-11 15:53:55.519,9.212626170875737,0.2012431956500664,0
2025-02-11 15:54:21.299,9.195274771082245,0.20086097081614912,0
2025-02-11 15:55:02.289,9.371276424819653,0.20473801841286127,0
2025-02-11 15:55:11.529,9.336014815230387,0.20396125901423517,0
2025-02-11 21:09:27.279,9.44744647773892,0.2064159283321208,0
2025-02-12 12:51:03.519,9.489789702602629,0.2073486848983734,0
2025-02-12 16:41:39.789,9.824997479938798,0.21473280021730914,0
2025-02-12 21:42:57.670,9.94380359420479,0.21734991744324672,0
2025-02-12 22:27:13.930,9.86348341298937,0.21558058653676931,0
2025-02-12 22:43:51.569,10.034930740437119,0.21935730928186212,0
2025-02-13 00:01:26.390,12.192376554204051,0.26688254515141546,0
2025-02-13 00:57:13.250,12.695672949123352,0.2779693959674145,0
2025-02-13 01:17:15.089,12.637388190813702,0.2766854717693696,0
2025-02-13 01:29:54.250,12.88172531174145,0.2820678453287332,0
2025-02-13 01:44:20.869,12.836307002697183,0.2810673493550446,0
2025-02-13 01:56:04.910,12.886049090378735,0.28216309156772257,0
2025-02-13 02:03:54.500,12.870884325266726,0.2818290349558458,0
2025-02-13 06:44:47.859,12.79005044648293,0.28004838807658855,0
2025-02-13 12:14:26.039,12.662315767191771,0.27723458820115404,0
2025-02-13 15:34:23.029,13.95849407890402,0.3057874165503247,0
2025-02-13 15:37:08.329,14.308160821702662,0.3134900407929372,0
2025-02-13 21:55:38.769,15.185677143163424,0.3328203849854476,0
2025-02-13 22:03:00.380,14.932086014890656,0.32723415977938014,0
2025-02-13 22:18:28.170,14.896777990417931,0.32645637793176824,0
2025-02-13 22:41:06.900,15.288304966926999,0.33508111918327516,0
2025-02-14 19:10:11.859,15.256115997629887,0.3343720453569564,0
2025-02-14 19:25:48.170,14.658626045428331,0.321210254350726,0
2025-02-14 21:27:56.599,14.589420267020504,0.3196857567613171,0
2025-02-14 21:29:44.799,14.473354005370677,0.317128994303504,0
2025-02-14 22:23:26.869,14.247401511697712,0.3121516060008184,0
2025-02-14 22:29:21.150,14.265796228987353,0.3125568135255523,0
2025-02-14 23:01:36.970,14.415963703627353,0.3158647736173705,0
2025-02-15 02:19:10.119,14.438839813933793,0.3163686993851251,0
2025-02-15 15:53:49.940,14.365799812566124,0.3147597397205252,0
2025-02-15 15:55:57.690,14.100107440942407,0.30890694260757656,0
2025-02-15 16:15:59.230,14.165292570628067,0.3103428714470079,0
2025-02-15 18:22:14.829,14.22952374749753,0.31175778616302124,0
2025-02-15 18:25:39.539,13.318739829518927,0.2916946076340772,0
2025-02-15 18:25:47.150,13.343297673555695,0.29223557942713335,0
2025-02-15 19:41:38.619,13.336583407537535,0.29208767440251227,0
2025-02-16 00:21:10.440,13.284680062097559,0.29094432298264655,0
2025-02-16 01:58:23.450,13.178206243045459,0.2885988673832088,0
2025-02-16 02:41:38.769,13.106765806389975,0.28702514368595045,0
2025-02-16 02:53:09.309,14.329292591291821,0.31395554139909715,0
2025-02-16 02:56:48.839,15.759299771547918,0.3454564153043213,0
2025-02-16 02:57:51.059,17.02279272023207,0.3732892350315002,0
2025-02-16 03:12:17.059,16.98094690356977,0.37236743560815455,0
2025-02-16 03:19:54.470,17.429169701558315,0.38224109920637184,0
2025-02-16 03:30:10.819,17.847649501803268,0.3914595699954757,0
2025-02-16 04:28:49.890,18.370437542734653,0.4029757920004515,0
2025-02-16 09:29:08.190,18.297686136093596,0.4013731896368626,0
2025-02-16 11:14:31.990,18.035504010153904,0.3955977178745804,0
2025-02-16 11:18:46.430,17.88758153903617,0.39233921178120934,0
2025-02-16 14:30:02.640,17.872675507894638,0.39201085468349695,0
2025-02-16 15:28:14.019,21.332427237726403,0.4682239006664505,0
2025-02-16 15:29:32.579,22.47751368698069,0.49344840607213675,0
2025-02-16 16:13:04.559,22.73029044264616,0.49901669189358533,0
2025-02-16 16:18:55.519,23.103795416446168,0.5072444359532627,0
2025-02-16 16:24:14.210,23.373484808887145,0.5131852813295343,0
2025-02-16 16:25:29.880,23.032051923088726,0.5056640363797666,0
2025-02-16 16:26:53.289,23.087583086014657,0.5068873030775093,0
2025-02-16 16:30:41.910,23.196685148303377,0.5092906548609188,0
2025-02-16 16:39:55.269,23.70375687831835,0.52046067054241,0
2025-02-16 17:25:17.940,23.624865756655538,0.5187228196350482,0
2025-02-16 22:16:51.190,23.674458336089003,0.5198152684093883,0
2025-02-16 22:26:28.630,23.167547817045804,0.5086488039593624,0
2025-02-16 22:45:12.130,23.18554732287876,0.5090453055793743,0
2025-02-16 22:46:47.490,24.278898236301217,0.5331301561545403,0
2025-02-16 23:02:18.200,25.537062316341444,0.5608455890451162,0
2025-02-16 23:11:23.940,25.870940736802787,0.5682004206626362,0
2025-02-16 23:18:53.890,25.617904787267417,0.5626264251961415,0
2025-02-16 23:19:52.450,26.286797988132474,0.5773611207049699,0
2025-02-16 23:20:48.440,28.751643790462165,0.6316579087820084,0
2025-02-16 23:21:43.059,28.900384255001693,0.6349344340210111,0
2025-02-16 23:21:57.980,28.474060603206098,0.6255431751633999,0
2025-02-16 23:36:21.640,31.676908446603836,0.6960970209380921,0
2025-02-16 23:38:10.769,31.680620517382604,0.6961787921873165,0
2025-02-16 23:40:47.089,32.0720072608023,0.7048004443180647,0
2025-02-17 00:03:51.390,32.06946333189456,0.7047444054499715,0
2025-02-17 00:39:03.279,32.25776953994925,0.7088925035836042,0
2025-02-17 00:59:46.670,32.22901485771098,0.7082590818554627,0
2025-02-17 01:04:26.390,32.097502836399904,0.7053620729050606,0
2025-02-17 01:23:43.690,32.67227491092181,0.7180234237666108,0
2025-02-17 01:48:25.599,35.84840705249673,0.7879887634372573,0
2025-02-17 01:48:32.549,35.61220859673344,0.782785672239998,0
2025-02-17 02:14:37.049,35.655061337804526,0.7837296526700345,0
2025-02-17 02:53:50.930,36.04647866122076,0.7923519784313968,0
2025-02-17 03:20:59.160,35.83301934156793,0.787649795669577,0
2025-02-17 03:25:30.940,35.515259423504,0.7806500300395376,0
2025-02-17 04:04:21.400,35.96851518136831,0.7906345620561834,0
2025-02-17 04:18:41.150,37.52958840271364,0.8250226206487387,1
2025-02-17 04:19:34.190,37.87794298319672,0.832696339959812,1
2025-02-17 05:02:28.019,38.2395088572379,0.8406610838882751,1
2025-02-17 06:45:26.359,38.04398604567496,0.836354015002414,1
2025-02-17 06:47:06.339,37.43655056338249,0.8229731391596595,1
2025-02-17 07:12:10.529,37.574892807584234,0.826020607487465,1
2025-02-17 07:12:29.650,38.7577100863023,0.8520762654339835,1
2025-02-17 07:14:11.559,38.75054877118868,0.8519185126006381,1
2025-02-17 07:14:20.079,39.41950483028274,0.866654592780238,1
2025-02-17 07:23:47.589,39.65902643416765,0.8719308878546477,1
2025-02-17 07:42:02.819,41.69009627862748,0.9166722541543428,1
2025-02-17 07:45:15.420,42.158047520833776,0.9269805052443085,1
2025-02-17 08:39:38.140,42.083582464324934,0.9253401537916603,1
2025-02-17 09:01:55.559,43.42933729110036,0.9549850770416314,1
2025-02-17 09:21:28.490,40.29078511384481,0.8858475665831259,1
2025-02-17 10:11:24.480,40.18491140104841,0.8835153304078641,1
2025-02-17 11:26:22.680,40.19268389801689,0.8836865466439175,1
2025-02-17 11:26:32.029,39.74379085648965,0.8737981186043118,1
2025-02-17 11:30:45.819,40.1228049762345,0.8821472207341652,1
2025-02-17 11:33:06.619,40.05331629310568,0.8806164911858779,1
2025-02-17 11:40:50.019,40.0760568496846,0.8811174309120678,1
2025-02-17 11:47:04.450,40.11240420704581,0.8819181076756759,1
2025-02-17 11:50:23.599,39.54947983492589,0.8695177436011742,1
2025-02-17 11:52:31.029,39.94460547290563,0.8782217578680759,1
2025-02-17 11:54:09.750,42.80061921397679,0.9411353781430162,1
2025-02-17 11:55:17.339,42.94119802611152,0.944232114646122,1
2025-02-17 12:03:36.990,43.03889951524834,0.946384329216891,1
2025-02-17 12:18:22.170,42.07467700002779,0.9251439800159164,1
2025-02-17 12:43:11.009,40.95054930761052,0.9003811640097301,1
2025-02-17 12:51:30.069,40.77502759663434,0.8965146888189554,1
2025-02-17 12:56:48.599,40.766010969870095,0.8963160663038572,1
2025-02-17 15:42:18.029,40.769715441179734,0.8963976701483845,1
2025-02-17 15:48:51.180,34.029326305502245,0.747917193150294,0
2025-02-17 16:53:05.119,33.793142384464765,0.7427144221308432,0
2025-02-17 16:53:24.990,33.22170128925343,0.730126447655574,0
2025-02-17 16:56:10.460,34.271812187708946,0.7532587867483223,0
2025-02-17 17:14:31.319,34.26466873928934,0.7531014274909553,0
2025-02-17 17:15:54.200,34.11196088713591,0.749737506762836,0
2025-02-17 17:22:59.349,34.846549028726514,0.7659193614695897,0
2025-02-17 17:41:40.299,35.01687209667487,0.7696713184951699,0
2025-02-17 17:53:21.190,34.721351111841415,0.7631614425951628,0
2025-02-17 17:55:34.960,34.75681342079178,0.7639426230941541,0
2025-02-17 17:56:12.869,35.54859421614122,0.7813843446038419,0
2025-02-17 17:59:49.940,35.87603068999608,0.7885972699774235,0
2025-02-17 18:03:55.299,35.75132353297842,0.7858501617932613,0
2025-02-17 18:32:58.609,35.84138285652651,0.7878340311291971,0
2025-02-17 18:46:43.890,35.88065192327567,0.7886990686878336,0
2025-02-17 18:47:10.200,36.02893617065132,0.7919655441595684,0
2025-02-17 20:24:32.420,36.12321016052034,0.7940422561568288,0
2025-02-17 20:28:47.450,35.48079668334212,0.7798908685141573,0
2025-02-17 21:15:36.349,35.23549864652354,0.7744873274454773,0
2025-02-17 21:20:20.819,34.85172912143527,0.7660334709995898,0
2025-02-17 21:32:09.960,35.11361027047409,0.7718023127004754,0
2025-02-17 21:42:45.519,35.900132192080406,0.7891281892543106,0
2025-02-17 22:23:40.309,35.93884891009152,0.7899810594139373,0
2025-02-17 22:24:20.690,35.69540843635203,0.7846184376225401,0
2025-02-17 22:56:42.329,33.532947423231654,0.7369827245717365,0
2025-02-17 23:09:13.960,33.290460362662614,0.7316411050161858,0
2025-02-17 23:19:04.779,32.1257536953299,0.7059843961752896,0
2025-02-17 23:29:36.950,32.15243818572169,0.7065722147391842,0
2025-02-17 23:48:32.299,32.267999701456645,0.7091178584154707,0
2025-02-17 23:51:22.950,32.25715548319257,0.7088789768512004,0
2025-02-17 23:52:42.890,32.67192440370004,0.7180157026279003,0
2025-02-18 00:06:36.960,32.55395632156173,0.7154170459696767,0
2025-02-18 00:08:08.700,33.122332355326435,0.7279375018230291,0
2025-02-18 00:28:48.079,33.58453937067379,0.7381192163693571,0
2025-02-18 01:03:49.640,34.233307385188404,0.752410584763261,0
2025-02-18 01:13:28.230,33.6274852731048,0.7390652490018528,0
2025-02-18 01:19:30.599,32.31169774249047,0.7100804595125264,0
2025-02-18 01:20:53.130,32.27503935535448,0.7092729312380648,0
2025-02-18 01:40:46.609,32.05549563192806,0.7044367183547837,0
2025-02-18 01:44:03.980,31.89645162322169,0.7009332217760158,0
2025-02-18 02:04:08.730,31.870099893822854,0.7003527334285177,0
2025-02-18 02:22:11.059,31.748311802701313,0.6976699278072965,0
2025-02-18 02:22:19.809,31.524699114333707,0.6927440818415339,0
2025-02-18 02:22:37.079,33.67985767657868,0.7402189330537389,0
2025-02-18 02:26:02.279,34.14849183216317,0.7505422276823046,0
2025-02-18 03:21:35.890,34.249432673178376,0.7527658002269809,0
2025-02-18 05:02:13.180,33.96869565115558,0.7465815924458112,0
2025-02-18 05:26:41.180,33.20123329336213,0.7296755689700914,0
2025-02-18 06:25:46.359,33.13255084686137,0.7281625995832277,0
2025-02-18 06:31:40.640,33.937601231034,0.7458966298659517,0
2025-02-18 06:36:06.430,33.943193124636004,0.7460198107406215,0
2025-02-18 07:02:59.380,34.476320191295905,0.7577637856899697,0
2025-02-18 07:47:56.829,34.234941561666346,0.7524465831749342,0
2025-02-18 08:01:26.259,32.826333114027015,0.7214170906635934,0
2025-02-18 08:06:59.690,32.835097583699444,0.7216101585431183,0
2025-02-18 09:28:57.339,32.84274157441151,0.7217785439826309,0
2025-02-18 09:44:17.869,31.860989342667683,0.700152041902553,0
2025-02-18 10:08:07.710,31.92670800967693,0.701599723754267,0
2025-02-18 10:08:35.609,31.822350558968417,0.699300888516775,0
2025-02-18 11:35:39.170,31.835548214222438,0.6995916127031577,0
2025-02-18 13:06:56.450,30.42922677719565,0.6686124995422988,0
2025-02-18 13:27:30.690,29.86640716383013,0.656214443143142,0
2025-02-18 13:47:57.740,29.78987323697046,0.6545285176367776,0
2025-02-18 14:46:37.619,29.864765611019234,0.6561782822421208,0
2025-02-18 19:13:25.619,29.64967345247782,0.6514401305336783,0
2025-02-18 21:31:27.480,28.229915234044945,0.6201650256025616,0
2025-02-19 00:31:12.549,28.05761244181256,0.6163694582749497,0
2025-02-19 01:30:00.210,29.057813370727107,0.6384023569740896,0
2025-02-19 01:46:07.930,29.037130006182846,0.6379467340461489,0
2025-02-19 01:47:47.269,29.005510038850538,0.6372501944639882,0
2025-02-19 03:04:15.519,29.12445419086713,0.6398703524507247,0
2025-02-19 04:12:49.420,30.223651055419086,0.664083980399829,0
2025-02-19 04:28:22.309,30.025949551111637,0.6597289182406678,0
2025-02-19 05:53:07.640,29.984066091566007,0.6588062896021003,0
2025-02-19 08:51:31.599,29.833243923339793,0.6554839076105948,0
2025-02-19 14:55:11.180,29.110562457796433,0.6395643387902151,0
2025-02-19 14:55:35.940,29.469757028672596,0.6474768465320188,0
2025-02-20 01:34:41.900,30.81862503380622,0.6771903483459719,0
2025-02-20 07:58:59.450,29.024292162502544,0.6376639359591381,0
2025-02-20 10:43:45.039,27.951948197967553,0.6140418363807322,0
2025-02-20 12:55:44.740,27.63703349413252,0.6071047464742103,0
2025-02-20 14:15:46.329,27.426425540946784,0.6024653749603183,0
2025-02-20 15:00:18.829,26.903880906071716,0.5909545148189705,0
2025-02-20 19:14:31.410,26.794696579748802,0.5885493508845426,0
2025-02-21 07:01:27.619,26.24892471353868,0.5765268303155026,0
2025-02-21 07:53:39.480,24.939907804862937,0.5476911872856429,0
2025-02-21 17:13:31.039,24.986213467389497,0.5487112303011513,0
2025-02-21 17:13:56.960,24.18658111304139,0.531096550939649,0
2025-02-21 17:14:33.920,24.19952755661516,0.5313817413164311,0
2025-02-21 17:15:05.140,24.23780701451695,0.5322249793037457,0
2025-02-21 17:15:34.890,24.310881387001867,0.5338346961115582,0
2025-02-21 17:32:38.619,24.424673382943908,0.536341359969674,0
2025-02-21 18:26:34.549,24.412467891712947,0.5360724916412304,0
2025-02-21 23:23:27.059,23.305109662599726,0.5116790812969825,0
2025-02-22 22:05:07.589,22.68341363206393,0.49798406735881523,0
2025-02-24 23:58:54.730,21.014303249716356,0.4612161151315996,0
2025-03-01 00:53:08.579,18.306813063263622,0.40157424190142094,0
2025-03-01 00:53:31.700,15.015115214757753,0.32906316622884196,0
2025-03-02 20:27:18.079,15.012419325527313,0.3290037799069528,0
2025-03-02 20:57:42.369,13.95383590454889,0.30568480408444665,0
2025-03-03 06:54:21.420,13.941977638575027,0.3054235845980449,0
2025-03-03 09:06:24.690,13.693962506468472,0.2999601900704195,0
2025-03-06 07:26:08.380,13.688571866735614,0.29984144251108014,0
2025-03-06 14:21:55.039,12.31546167762999,0.2695939224131402,0
2025-03-06 20:46:08.569,12.209938243411427,0.26726940233991237,0
2025-03-06 20:46:36.740,12.11197772273494,0.2651114816999842,0
2025-03-06 23:38:43.099,12.039330773760945,0.2635111803792459,0
2025-03-07 00:44:46.220,12.795585537101969,0.2801703176683079,0
2025-03-07 03:46:50.220,12.805354391213951,0.28038551060288114,0
2025-03-07 07:55:39.960,12.777926832875854,0.2797813233871345,0
2025-03-07 20:00:23.359,12.748825750183677,0.2791402709861056,0
2025-03-07 20:44:58.490,12.513753771153771,0.27396199435063695,0
2025-03-08 03:58:32.589,12.501807913596659,0.2736988453554487,0
2025-03-08 18:54:50.490,12.383391998755977,0.2710903236268375,0
2025-03-08 19:39:06.170,12.216604987103038,0.267416260520268,0
2025-03-08 19:52:31.930,12.253987288385453,0.2682397355176268,0
2025-03-08 21:29:10.940,12.266178552185758,0.26850829043750485,0
2025-03-08 22:09:38.230,11.889940227237211,0.2602203348271041,0
2025-03-09 13:25:14.950,11.86777663277817,0.2597321046951297,0
2025-03-09 17:09:51.089,11.641298244763316,0.2547431317433738,0
2025-03-09 19:08:08.190,11.568444277212947,0.25313827011961015,0
2025-03-09 22:46:36.859,11.191108773835797,0.24482614534432115,0
2025-03-09 23:59:14.799,11.154504415971608,0.24401980725219002,0
2025-03-10 00:41:01.880,11.416077934306802,0.2497818723185676,0
2025-03-10 20:55:13.859,11.42119527859868,0.2498945995967895,0
2025-03-11 02:04:09.559,11.211662150001455,0.24527890482683304,0
2025-03-11 02:11:06.559,11.141782943382568,0.24373957264256774,0
2025-03-11 02:43:50.759,10.822906848132371,0.23671521933402856,0
2025-03-11 02:49:45.539,11.002458949841921,0.24067047787640705,0
2025-03-11 02:51:52.710,11.038785170782216,0.24147068903694724,0
2025-03-11 03:02:19.440,11.053981950194313,0.24180545087495442,0
2025-03-11 12:54:48.230,11.030246661138987,0.24128259871172125,0
2025-03-12 05:25:19.539,10.946400302493219,0.23943559150254098,0
2025-03-12 05:27:55.789,10.775074006179148,0.23566153488845315,0
2025-03-12 09:13:31.710,10.945824399465492,0.23942290523850782,0
2025-03-12 19:51:44.660,10.880562485504894,0.23798528495878432,0
2025-03-13 00:25:02.349,10.843036960729904,0.23715865496665195,0
2025-03-13 00:26:23.789,13.576027475943507,0.297362261488753,0
2025-03-13 00:26:39.410,13.584329403844974,0.2975451402795767,0
2025-03-13 00:40:11.859,13.601145861989744,0.2979155811660735,0
2025-03-13 00:47:47.339,13.565700874212862,0.2971347822260767,0
2025-03-13 01:27:16.940,13.539091202484267,0.29654861180305003,0
2025-03-13 02:26:38.390,13.55247263278056,0.29684338427290546,0
2025-03-13 07:24:13.480,13.639377210678973,0.2987577593809202,0
2025-03-13 10:09:16.009,13.904939698100328,0.3046076953432834,0
2025-03-14 02:52:06.539,14.750320402031733,0.32323014096742614,0
2025-03-14 18:44:10.519,16.642569462213828,0.3649134974323917,0
2025-03-14 21:42:41.680,16.97750467028881,0.37229160846684156,0
2025-03-15 08:28:57.950,18.31171023738719,0.4016821191671356,0
2025-03-15 12:32:27.089,17.97580921916861,0.39428273281045667,0
2025-03-16 13:18:43.920,18.807132482075048,0.41259551448096926,0
2025-03-16 17:37:19.740,18.183359553155405,0.39885474964378076,0
2025-03-17 16:07:55.819,20.334513638731895,0.44624138835164884,0
2025-03-18 04:01:36.750,19.832838958104574,0.4351902614244017,0
2025-03-18 05:40:12.950,19.590865389958662,0.4298599533225945,0
2025-03-19 02:48:18.670,19.513294649116904,0.4281511883878944,0
2025-03-19 02:52:46.210,18.920304684199913,0.4150885252280016,0
2025-03-19 11:54:59.910,18.18530254852453,0.39889755086391887,0
2025-03-20 06:32:17.359,18.01314944594491,0.39510528097071285,0
2025-03-25 19:51:21.779,17.579032925007724,0.38554235710919216,0
2025-03-26 19:11:37.599,14.742342717640003,0.3230544047658537,0
2025-03-27 03:43:07.839,14.339610488285599,0.31418282890971644,0
2025-03-27 19:04:48.170,14.341494102195123,0.31422432204700224,0
2025-03-28 23:30:53.940,14.31106156054466,0.31355393963886985,0
2025-03-30 11:05:55.720,13.840907809336764,0.30319717063983886,0
2025-03-30 22:29:40.940,13.288736522253881,0.29103368060381807,0
2025-03-31 16:00:20.750,13.152410693727033,0.2880306308333404,0
2025-04-02 00:37:12.690,12.850975057042978,0.28139046418744645,0
2025-04-02 08:27:33.630,12.628365995742783,0.27648672659298074,0
2025-04-03 14:07:13.940,12.612601327416817,0.27613945502962745,0
2025-04-05 19:20:49.859,12.288369783299768,0.26899712936277437,0
2025-04-07 00:55:32.710,11.665691090612603,0.25528046887838757,0
2025-04-07 00:56:56.539,11.343749717968095,0.248188592190934,0
2025-04-07 04:11:41.299,11.119517443564373,0.24324909769118733,0
2025-04-07 07:43:32.380,11.293686954317016,0.24708578597646644,0
2025-04-07 11:39:49.609,11.42386883873413,0.24995349404282283,0
2025-04-08 01:21:45.859,10.986061233097226,0.24030926122334403,0
2025-04-08 16:19:48.529,10.85707668259466,0.2374679285942479,0
2025-04-08 16:27:07.079,10.535801501110669,0.23039072708048156,0
2025-04-10 03:19:49.819,10.52716757614949,0.230200534901544,0
2025-04-10 21:38:01.089,10.266505263888268,0.22445854231314707,0
2025-04-10 22:30:28.099,10.19857158684774,0.22296206717377842,0
2025-04-11 16:07:09.250,10.34053947093208,0.22608940281018508,0
2025-04-11 20:55:54.720,10.175759555478894,0.22245955296714112,0
2025-04-11 20:56:03.670,10.213126633231786,0.22328269261339784,0
2025-04-11 20:59:20.200,10.29918155211231,0.2251783510310669,0
2025-04-11 21:02:26.529,10.310782332999977,0.22543389851431736,0
2025-04-12 12:59:54.279,8.146666785885916,0.17776173860686392,0
2025-04-12 21:29:15.420,8.022221928158165,0.17502040847540729,0
2025-04-12 21:39:08.329,8.218674483247163,0.17934795819100333,0
2025-04-12 21:46:37.259,8.2261475921569,0.17951257936542533,0
2025-04-13 01:10:48.079,8.2397820395299,0.17981292541500762,0
2025-04-13 12:28:58.759,8.214992798189781,0.17926685629280828,0
2025-04-14 04:00:39.819,8.157617810279003,0.1780029729470145,0
2025-04-14 16:03:25.980,8.08644352020118,0.1764351120523344,0
2025-04-15 20:53:10.089,8.139873384432194,0.17761209034947342,0
2025-04-16 00:25:00.710,8.02994723555795,0.17519058519734243,0
2025-04-16 23:19:00.859,7.32762282228208,0.1597194511438745,0
2025-04-20 01:48:00.170,7.111759171407891,0.154964304637763,0
2025-04-20 01:53:46.910,6.716842521673312,0.1462648940626814,0
2025-04-20 01:56:01.690,6.27709093285097,0.1365778382629799,0
2025-04-20 12:15:06.579,6.29193811894388,0.13690489909415446,0
2025-04-21 17:47:10.809,6.353986250583905,0.13827172465827306,0
2025-04-21 20:08:37.109,6.257998510077129,0.1361572613521449,0
2025-04-22 00:22:12.829,6.261220897581369,0.13622824562680194,0
2025-04-24 00:11:24.430,6.350813336298733,0.13820183020306384,0
2025-04-24 01:00:45.099,6.128588400243752,0.133306554301015,0
2025-04-24 01:56:20.599,6.172738991087553,0.13427912437913353,0
2025-04-24 04:21:49.640,6.254194094884565,0.13607345589653688,0
2025-04-24 20:26:06.980,7.001815783383212,0.15254241973348,0
2025-04-25 00:12:30.059,7.211924375249596,0.15717079108026014,0
2025-04-25 06:28:55.890,7.240810555011886,0.15780710949799884,0
2025-04-25 06:32:11.009,7.515969164980488,0.16386843338240437,0
2025-04-25 06:36:27.509,7.741591570015801,0.16883855033659895,0
2025-04-27 18:51:13.670,7.9847959585105786,0.17419597153066532,0
2025-04-27 18:51:50.890,7.605179930198991,0.16583361027447657,0
2025-04-27 18:54:25.509,7.737450145515125,0.16874732108070079,0
2025-04-27 18:58:40.049,7.958715946215852,0.17362146869593428,0
2025-04-29 18:57:16.720,8.00014680333861,0.1745341271944571,0
2025-04-30 09:24:01.779,7.819891765334039,0.1705633840392049,0
2025-05-01 08:27:02.369,8.129162104224314,0.17737613720752377,0
2025-05-01 14:11:57.099,8.183894014221693,0.1785817975840757,0
2025-05-01 15:33:46.220,8.154051498915548,0.1779244125550682,0
2025-05-03 01:32:41.079,8.163962488732473,0.17814273652211499,0
2025-05-06 03:04:11.859,7.909924512970049,0.1725466679483912,0
2025-05-07 00:06:54.119,7.376646849514432,0.16079937558166374,0
2025-05-08 13:55:45.470,7.327382746537366,0.1597141626419241,0
2025-05-12 02:35:29.549,7.185980358804489,0.15659928402636827,0
2025-05-12 12:38:35.650,6.694636118412273,0.1457757209181876,0
2025-05-13 01:58:39.289,6.8571636003683105,0.1493559530917868,0
2025-05-13 01:58:57.289,6.82998697762864,0.14875729360397996,0
2025-05-13 02:03:06.420,6.834978781676458,0.1488672554223827,0
2025-05-13 10:06:43.990,6.927709583733843,0.15090997334930725,0
2025-05-13 10:07:44.910,6.955032744074691,0.151511860836638,0
2025-05-13 10:13:59.859,8.911555226495125,0.19461106261856517,0
2025-05-13 10:22:43.289,8.917910405684665,0.19475105750884186,0
2025-05-13 10:27:11.119,9.42211286117207,0.20585786745518683,0
2025-05-13 10:27:30.119,9.547391743092184,0.20861756986566438,0
2025-05-13 10:34:25.150,9.607539828882139,0.20994254032194604,0
2025-05-13 10:59:40.619,9.413803284478696,0.20567482017316066,0
2025-05-13 12:58:42.440,9.421877965939721,0.20585269307201076,0
2025-05-13 13:01:07.220,9.74788801856552,0.21303419656471465,0
2025-05-13 13:24:20.779,10.005720255310045,0.21871384691230006,0
2025-05-13 13:29:57.259,10.151547003025298,0.22192618742024384,0
2025-05-13 13:55:46.079,10.26184837539938,0.22435595817293813,0
2025-05-13 14:47:08.359,10.534653089234059,0.2303654293209907,0
2025-05-13 15:52:11.099,10.600053619407355,0.23180610310414948,0
2025-05-13 15:53:41.119,10.812340506415808,0.2364824589656552,0
2025-05-13 15:54:58.750,11.621495988833452,0.2543069182923519,0
2025-05-14 02:52:37.420,11.629367446297051,0.2544803144769548,0
2025-05-14 03:39:45.670,11.496145108060196,0.2515456298571148,0
2025-05-14 12:23:00.240,11.628043114049683,0.2544511414604071,0
2025-05-14 12:23:05.019,12.445776868882188,0.27246456702545285,0
2025-05-14 12:24:19.920,12.547613859067427,0.27470788036751476,0
2025-05-14 12:35:54.579,12.575735986589917,0.2753273678814683,0
2025-05-17 10:02:25.740,13.304626500301051,0.2913837125489241,0
2025-05-17 17:42:37.519,12.370134854853955,0.2707982889964056,0
2025-05-18 05:27:05.970,12.311574750857222,0.2695082993534532,0
2025-05-18 07:13:29.259,12.192122874413215,0.26687695697310854,0
2025-05-18 22:25:06.200,12.346365811985788,0.27027469328823306,0
2025-05-20 11:01:43.349,12.11730986765923,0.2652289407080392,0
2025-05-22 16:59:15.640,11.798821096840626,0.2582131195651063,0
2025-05-23 10:44:16.220,11.058508746343346,0.2419051692796269,0
2025-05-25 17:27:54.970,10.981204287889355,0.24020227013919412,0
2025-05-26 22:43:01.289,11.10278271384084,0.24288045715697365,0
2025-05-27 02:10:47.259,10.84552056258758,0.2372133649219792,0
2025-05-27 22:39:46.960,10.839020149824462,0.23707017075791476,0
2025-05-28 20:03:36.099,10.689541183312338,0.2337773774484865,0
2025-05-31 18:46:07.500,10.939510302479185,0.23928381532641704,0
2025-06-02 10:01:53.569,10.451390100712215,0.22853127286456715,0
2025-06-03 03:59:54.440,10.308494753815406,0.22538350663906226,0
2025-06-04 03:44:20.450,10.228956952406124,0.22363141036466183,0
2025-06-05 04:39:01.829,10.055305549920869,0.21980613521312467,0
2025-06-05 04:43:58.160,10.183789484757975,0.22263644004378005,0
2025-06-05 04:44:48.309,10.848058995681528,0.2372692827256891,0
2025-06-05 04:48:25.390,11.035821157509643,0.24140539635195807,0
2025-06-05 04:50:59.230,11.73203769765272,0.25674198328982983,0
2025-06-05 07:25:15.009,12.740185856094337,0.2789499473163922,0
2025-06-05 08:51:50.500,12.877174754250984,0.28196760349800337,0
2025-06-05 13:33:15.690,13.022203229678485,0.2851623592867753,0
2025-06-05 13:51:03.750,12.945641274232843,0.28347581635347435,0
2025-06-05 16:59:40.170,12.932111969187465,0.28317778642876906,0
2025-06-05 18:30:54.619,13.151997603912971,0.28802153109571393,0
2025-06-06 00:26:22.170,13.173255424562322,0.28848980841419225,0
2025-06-06 00:28:10.980,11.22632177721669,0.2456018340224207,0
2025-06-06 17:31:06.230,11.250874318239113,0.24614268899817102,0
2025-06-07 02:10:16.769,10.824588668776114,0.23675226727389992,0
2025-06-07 08:21:28.130,10.734537550450309,0.23476857868647788,0
2025-06-07 09:01:41.710,10.678510350913001,0.2335343850598616,0
2025-06-07 18:48:49.319,10.640286554870235,0.23269237321828012,0
2025-06-07 19:45:34.789,10.571458752464654,0.23117620186285825,0
2025-06-07 20:32:34.220,10.295667222520077,0.22510093571814063,0
2025-06-07 20:55:58.309,10.137242495504166,0.22161108096908685,0
2025-06-07 20:57:37.000,10.201586690970569,0.2230284853121596,0
2025-06-07 21:00:45.119,10.179538451968707,0.22254279628470627,0
2025-06-07 21:03:27.089,10.187752254054507,0.22272373379841925,0
2025-06-07 21:45:29.190,10.172376862014433,0.22238503739704102,0
2025-06-07 22:21:41.460,10.169995794353154,0.22233258611344375,0
2025-06-07 22:54:52.400,10.205995220260997,0.22312559847858468,0
2025-06-08 05:14:12.170,10.32006244564876,0.22563832522098834,0
2025-06-08 05:33:57.960,10.25338164920772,0.224169449127504,0
2025-06-08 06:04:21.559,10.341051422596474,0.22610068032336703,0
2025-06-08 23:19:17.650,9.644179997712254,0.21074966727495675,0
2025-06-10 01:06:56.230,9.350268763300441,0.20427525171791236,0
2025-06-10 23:12:08.430,9.124936623001632,0.19931152885249578,0
2025-06-12 03:33:24.250,9.558273946029015,0.2088572881742555,0
2025-06-12 03:48:57.559,9.339936658462156,0.20404765123018048,0
2025-06-12 18:22:43.059,9.440713635836088,0.20626761410913425,0
2025-06-14 01:11:02.319,9.353486372805333,0.20434613074054195,0
2025-06-15 05:56:37.529,9.212076309256737,0.20123108303849035,0
2025-06-15 16:43:05.660,9.265325952315361,0.2024040913384819,0
2025-06-19 08:29:20.490,9.641809226507975,0.21069744280657982,0
2025-06-19 08:42:22.400,8.977739514801588,0.19606900139624006,0
2025-06-19 08:42:26.910,9.323750368125923,0.2036910919779509,0
2025-06-19 21:37:30.869,9.520637051064195,0.20802820486695447,0
2025-06-19 21:47:02.180,9.410902678619797,0.20561092425664254,0
2025-06-20 23:01:01.809,9.576270454406437,0.20925372376490056,0
2025-06-20 23:01:46.119,9.495787581270877,0.20748080900392754,0
2025-06-21 02:55:48.940,10.288266750413626,0.2249379146215454,0
2025-06-21 03:00:12.640,10.790261850938219,0.23599609990970144,0
2025-06-21 03:00:39.710,11.528068359647337,0.2522488503281555,0
2025-06-21 03:16:45.009,11.875471242784606,0.2599016052003783,0
2025-06-21 11:43:51.549,12.213134544295585,0.26733981196617523,0
2025-06-22 00:02:27.220,12.051998527126814,0.2637902316364356,0
2025-06-22 15:06:28.900,11.8522134226561,0.2593892709482893,0
2025-06-22 19:59:09.339,11.561556248044344,0.25298653735820065,0
2025-06-24 01:57:16.619,10.938917492186368,0.23927075662115907,0
2025-06-24 02:04:44.369,10.524995027495992,0.23015267697318412,0
2025-06-24 15:03:01.019,10.508883307425961,0.22979776039001604,0
2025-06-27 14:25:32.369,10.401753671781604,0.22743785815278314,0
2025-06-28 20:07:38.980,9.580495817596931,0.2093468020619226,0
2025-06-29 02:16:53.740,9.289613435324986,0.20293910749107522,0
2025-06-30 10:47:11.759,8.994108196697093,0.19642957845592496,0
2025-06-30 10:51:17.319,11.176982851884707,0.24451497286049023,0
2025-06-30 10:59:16.200,11.202020341892636,0.24506651052165207,0
2025-06-30 11:25:50.470,11.356095732364366,0.2484605560300662,0
2025-06-30 14:38:53.950,11.096650532211667,0.24274537456233247,0
2025-06-30 17:43:19.319,11.145937012182234,0.243831080433059,0
2025-07-03 07:00:08.099,11.1424149905866,0.24375349567704704,0
2025-07-05 08:46:45.359,10.703933629903771,0.234094421063039,0
2025-07-05 19:26:35.539,10.209259718672412,0.22319751039220415,0
2025-07-06 04:10:23.660,9.995917931587973,0.21849791669333998,0
2025-07-06 10:22:38.369,9.91885368831275,0.21680030912637685,0
2025-07-06 19:27:01.519,9.80897526693216,0.21437985533802933,0
2025-07-09 03:35:59.950,9.730232534800738,0.2126452732253853,0
2025-07-09 09:05:43.500,9.259919178945573,0.20228498837976436,0
2025-07-09 09:14:32.230,9.232583088167702,0.20168281605465668,0
2025-07-09 10:08:01.690,9.220060682862565,0.2014069665932319,0
2025-07-10 06:38:49.130,9.177858891046986,0.20047732558099657,0
2025-07-14 19:25:36.829,9.075937830321687,0.1982321602933514,0
2025-07-14 23:39:35.170,8.317808766522983,0.1815317350281218,0
2025-07-15 13:12:29.759,8.266769121328602,0.18040740960540078,0
2025-07-17 23:44:53.839,8.303094576622817,0.1812076038999273,0
2025-07-18 07:14:22.079,8.129111658597674,0.17737502596742247,0
2025-07-18 07:36:05.269,8.922714396948727,0.19485688209849455,0
2025-07-18 07:37:51.329,9.104717987816054,0.19886614320247228,0
2025-07-18 12:10:47.440,9.106713426473377,0.1989100996681445,0
2025-07-18 18:04:24.190,9.167376274095021,0.20024640954130124,0
2025-07-18 22:08:57.400,9.313969459989071,0.20347563351162182,0
2025-07-18 22:29:28.259,9.478777847829399,0.20710611055786413,0
2025-07-18 22:30:07.029,9.559196503662157,0.20887761070974567,0
2025-07-18 23:03:23.089,10.302918985733829,0.2252606809849763,0
2025-07-19 08:58:35.750,10.29981326830938,0.22519226677396845,0
2025-07-19 10:22:55.200,10.200809243523501,0.223011359332419,0
2025-07-20 16:56:26.990,10.316575361319249,0.22556151007958383,0
2025-07-22 00:07:13.910,10.056375785928902,0.21982971087764117,0
2025-07-22 12:43:45.890,10.037507320715207,0.2194140674097704,0
2025-07-23 21:14:21.660,9.949440288772083,0.21747408521475034,0
2025-07-25 04:36:10.319,9.727119975734281,0.2125767083034543,0
2025-07-25 05:12:31.009,9.435218439403366,0.20614656332540277,0
2025-07-26 00:47:05.519,9.090811551721103,0.1985598056567967,0
2025-07-26 05:16:28.930,8.95825326605156,0.19563974910070228,0
2025-07-27 15:56:36.000,9.00643564313446,0.19670113327128422,0
2025-07-29 03:37:34.109,8.823234649957952,0.1926654952234169,0
2025-07-29 12:41:02.240,8.688031235770092,0.18968717052638648,0
2025-07-30 00:37:23.250,8.682218961704107,0.18955913500671698,0
2025-07-30 21:05:58.890,8.832378819734046,0.19286692731624955,0
2025-07-30 22:47:26.900,8.712053069877427,0.1902163348394299,0
2025-07-30 22:48:28.769,8.799692395811531,0.1921468953243742,0
2025-07-31 01:45:37.920,9.340777410826009,0.20406617172054228,0
2025-08-01 02:24:24.160,9.534933127767365,0.20834312560006948,0
2025-08-02 22:45:41.220,9.402654387229044,0.2054292269962224,0
2025-08-02 23:54:24.859,9.423010220952907,0.20587763492047934,0
2025-08-03 00:53:53.089,7.687011621358036,0.16763623743624417,0
2025-08-03 05:12:35.650,7.604333124596687,0.16581495644051775,0
2025-08-03 14:24:46.769,7.5748052305829825,0.16516450203801192,0
2025-08-05 23:35:52.359,7.5341091038973005,0.16426802852874806,0
2025-08-08 06:36:40.059,7.250954630785289,0.15803056799263784,0
2025-08-09 19:11:23.769,7.275855917460386,0.15857910530242225,0
2025-08-09 20:30:23.059,7.185044946945311,0.15657867833191286,0
2025-08-09 21:02:32.640,7.23797569169695,0.15774466178930527,0
2025-08-09 21:03:22.049,7.2985442286943005,0.15907889414346432,0
2025-08-10 00:03:21.970,7.321675224560768,0.15958843465077938,0
2025-08-10 04:43:16.569,7.371366656100768,0.16068306098603405,0
2025-08-10 13:51:05.529,7.6902695163448955,0.1677080038865071,0
2025-08-10 13:51:11.799,7.666785940618126,0.1671906965834205,0
2025-08-11 08:35:37.369,7.667721543657254,0.16721130648927823,0
2025-08-11 17:15:09.900,7.550250863998637,0.16462360684792093,0
2025-08-11 18:41:08.579,7.627495137254217,0.16632518020036305,0
2025-08-12 01:45:16.380,8.490866590056477,0.18534393454201856,0
2025-08-12 15:54:24.329,8.450833549857634,0.18446206781522304,0
2025-08-14 09:36:12.369,8.457565399677222,0.18461036018413113,0
2025-08-14 09:36:35.839,8.527394421438895,0.18614858687264726,0
2025-08-14 09:36:56.210,8.567412013932312,0.18703011331008795,0
2025-08-15 14:54:41.170,6.690069521772996,0.1456751257695086,0
2025-08-15 22:49:55.940,6.517898743516944,0.1418824665081496,0
2025-08-16 00:50:49.009,6.4951301100426555,0.14138090829084093,0
2025-08-16 03:25:56.039,6.51933147560885,0.14191402740769626,0
2025-08-17 03:05:22.200,6.529394363343862,0.14213569745386084,0
2025-08-17 03:20:41.750,6.4862270317224775,0.14118478707452506,0
2025-08-17 05:56:59.410,6.486433684521494,0.1411893393200339,0
2025-08-17 08:18:23.390,6.474384069823613,0.14092390471351923,0
2025-08-17 11:03:53.299,6.5151982549590075,0.14182297887010092,0
2025-08-17 11:03:56.230,6.506966217463023,0.1416416396581554,0
2025-08-17 13:37:04.250,6.654761210045634,0.14489733759411583,0
2025-08-18 18:54:29.720,6.837628606653991,0.14892562701914153,0
2025-08-19 02:22:20.529,6.729160639666667,0.1465362433866679,0
2025-08-19 03:50:43.890,6.893467953045126,0.1501556825278854,0
2025-08-19 03:50:47.329,7.09504883758644,0.15459620150800846,0
2025-08-20 01:57:56.170,7.09821758535039,0.15466600418111937,0
2025-08-20 20:47:31.579,7.084228687565669,0.15435785013037492,0
2025-08-22 16:30:35.859,6.972889210911039,0.15190521152604075,0
2025-08-23 02:50:15.380,6.910856663289279,0.1505387292540406,0
2025-08-23 20:55:04.960,7.08913914342004,0.15446601997233192,0
2025-08-23 20:57:18.509,7.00176727405761,0.15254135114713294,0
2025-08-23 21:00:21.519,7.276363144424183,0.15859027873766685,0
2025-08-24 03:45:08.759,7.42624656995834,0.16189198166155636,0
2025-08-24 04:02:18.940,7.372141310884552,0.1607001254476682,0
2025-08-24 13:54:53.230,7.3468335802678375,0.160142634798676,0
2025-08-25 04:33:17.880,7.343680374763317,0.1600731744978002,0
2025-08-25 10:09:58.240,7.425237798258954,0.16186975996187522,0
2025-08-25 13:36:17.400,7.746748932470624,0.16895215915382447,0
2025-08-26 05:36:33.089,7.530153647258632,0.16418089586079185,0
2025-08-26 05:44:42.250,7.402781426928103,0.1613750804026192,0
2025-08-27 17:09:29.000,7.438668891178064,0.16216562642345372,0
2025-08-27 22:45:49.049,7.24322531755655,0.15786030302840956,0
2025-08-28 13:02:51.220,7.660891394399543,0.16706084873389654,0
2025-08-28 19:53:23.569,7.9478787240591044,0.17338274124522216,0
2025-08-29 00:37:46.380,8.966267314150391,0.19581628633919815,0
2025-08-29 10:03:29.210,8.95895695743455,0.19565525034701053,0
2025-08-30 20:11:46.440,8.982936853894623,0.19618349083774278,0
2025-08-30 20:11:58.009,8.611678207107701,0.18800522993099364,0
2025-08-31 09:27:27.619,8.647463201746417,0.18879351870281047,0
2025-08-31 14:09:21.269,8.56481406379645,0.18697288443685445,0
2025-08-31 14:10:13.079,8.608311570664604,0.18793106807254778,0
2025-08-31 14:14:26.900,9.38463424190453,0.2050322707197374,0
2025-08-31 14:15:21.440,9.602907594211775,0.20984049926770154,0
2025-08-31 14:18:12.980,9.729783196818817,0.21263537499598842,0
2025-08-31 14:18:36.500,9.736683910660465,0.21278738718136983,0
2025-08-31 14:19:15.309,9.701312296922046,0.2120082045593646,0
2025-08-31 14:34:00.630,9.87038785511118,0.21573268085046787,0
2025-08-31 14:36:41.589,10.388682224618343,0.2271499141378622,0
2025-08-31 14:38:47.400,11.129059846552705,0.2434593022534011,0
2025-08-31 15:59:52.839,11.390309964695877,0.24921424330752864,0
2025-08-31 18:31:35.180,11.851185356193362,0.25936662421444345,0
2025-08-31 21:36:39.059,11.903101403828822,0.26051025544427364,0
2025-08-31 21:38:12.829,11.897869004918824,0.2603949936885556,0
2025-08-31 21:46:31.849,11.912815630481798,0.2607242450193661,0
2025-08-31 21:47:41.470,12.336056203125823,0.27004758835254195,0
2025-08-31 22:33:31.019,12.279643584098553,0.2688049045232739,0
2025-08-31 22:38:39.950,12.595239898713098,0.2757570092741366,0
2025-08-31 22:40:38.349,12.594296188031048,0.27573622076928944,0
2025-08-31 22:45:44.119,12.81894524546598,0.2806848963625951,0
2025-08-31 22:54:27.940,12.790009042333132,0.2800474760064116,0
2025-08-31 23:01:09.190,12.875708907906196,0.28193531314204634,0
2025-08-31 23:05:26.950,13.515588200324773,0.29603087656532356,0
2025-08-31 23:29:36.930,13.647603857042375,0.29893897983444967,0
2025-08-31 23:32:33.779,13.957751012058168,0.305771047922714,0
2025-08-31 23:51:56.869,13.933915702753433,0.305245992466163,0
2025-08-31 23:54:31.380,14.46597702418072,0.3169664906759177,0
2025-09-01 00:02:11.380,15.047334072500057,0.32977289845195495,0
2025-09-01 00:03:11.369,16.410476868143586,0.35980085209669926,0
2025-09-01 00:05:16.819,16.692209507851647,0.36600699181471114,0
2025-09-01 01:05:39.460,17.35926781293778,0.380701267372256,0
2025-09-01 02:55:45.400,17.338706062122238,0.3802483234089991,0
2025-09-01 02:56:35.019,19.30196893242224,0.42349600564025425,0
2025-09-01 02:56:53.609,19.635415734846106,0.430841329371687,0
2025-09-01 02:59:06.069,19.64797392128416,0.43111796703681576,0
2025-09-01 03:04:28.099,20.013117254589808,0.43916151692845656,0
2025-09-01 03:10:05.759,20.71359710785369,0.45459201814234823,0
2025-09-01 03:10:53.779,21.10422596814112,0.46319697526532716,0
2025-09-01 04:40:56.230,21.151513120643404,0.4642386390058161,0
2025-09-01 06:07:45.589,21.98335134721026,0.4825627645391823,0
2025-09-01 08:24:22.210,22.048257508351988,0.4839925481277036,0
2025-09-01 08:25:09.160,24.609876646502922,0.5404211049756842,0
2025-09-01 08:52:55.619,24.98475813871362,0.5486791716333751,0
2025-09-01 09:34:59.880,26.0782276417071,0.5727666345556501,0
2025-09-01 09:54:02.210,26.645593397145916,0.5852648355206408,0
2025-09-01 10:53:42.710,26.74386844954739,0.5874296848140363,0
2025-09-01 15:22:01.250,27.778940040700434,0.6102307309388205,0
2025-09-02 02:10:10.839,33.643915302099096,0.7394271774444189,0
2025-09-04 07:07:38.500,31.60090133233204,0.6944227003083545,0
2025-09-06 00:13:13.920,26.234033632428865,0.5761988025441533,0
2025-09-06 05:18:11.730,23.3983165945801,0.5137322876388419,0
2025-09-06 14:38:23.339,23.05186923177318,0.5061005814199796,0
2025-09-07 15:28:33.769,21.717326975774863,0.47670265397749817,0
2025-09-08 16:05:02.200,20.315933839333965,0.4458321037507745,0
2025-09-12 15:11:31.720,19.109727561421877,0.41926122187772424,0
2025-09-12 16:00:57.680,15.864187013897283,0.347766921042427,0
2025-09-12 19:27:29.759,15.837913240602216,0.34718814994882025,0
2025-09-15 18:32:34.309,15.77138627887592,0.34572266259912565,0
2025-09-17 18:14:08.359,14.113374765463849,0.30919920150150376,0
2025-09-20 01:10:00.470,12.818505657020408,0.280675212900592,0
2025-09-20 19:39:04.500,11.831523072931352,0.258933494147492,0
2025-09-22 02:08:02.980,11.577057858557675,0.2533280141597513,0
2025-09-24 16:54:36.079,11.262497960910531,0.24639874009159712,0
2025-09-24 19:32:48.279,10.51634955472908,0.22996223041372507,0
2025-09-24 20:02:57.319,10.532990072113508,0.23032879559401365,0
2025-09-24 22:20:00.079,10.583177532840363,0.23143434869459104,0
2025-09-24 22:51:04.019,10.525191634306504,0.23015700792091107,0
2025-09-24 22:54:54.279,10.326464830953709,0.2257793599898821,0
2025-09-24 23:09:24.420,10.312923389382352,0.2254810627160475,0
2025-09-25 00:06:22.869,10.197357970748998,0.22293533306487068,0
2025-09-25 04:15:57.640,10.212030166968136,0.22325853913641572,0
2025-09-25 05:50:00.170,10.185112739266172,0.22266558931938005,0
2025-09-25 07:25:44.309,10.15021528518732,0.22189685171041615,0
2025-09-25 13:18:06.369,10.174489581362323,0.2224315773771851,0
2025-09-27 23:59:23.180,9.882255909214878,0.21599411595441892,0
2025-09-28 07:18:33.059,9.322420199761579,0.20366179040066065,0
2025-09-28 22:21:52.029,9.280937815906702,0.20274799684693418,0
2025-09-29 05:07:59.440,9.087395295636696,0.1984845507534447,0
2025-09-29 11:17:07.990,8.976922879324842,0.1960510121640637,0
2025-09-29 13:11:52.109,8.923080747997325,0.19486495225250933,0
2025-09-29 15:47:59.930,8.915652322397918,0.19470131538316204,0
2025-09-30 15:35:53.700,8.938116639003459,0.19519616996468342,0
2025-10-02 12:41:42.940,7.372945426059934,0.16071783887672977,0
2025-10-02 14:38:03.359,7.090431005296565,0.1544944777162071,0
2025-10-02 14:46:57.980,7.082896023775955,0.1543284935826754,0
2025-10-02 14:48:08.650,7.0734309649893685,0.15411999279508606,0
2025-10-02 17:56:04.079,7.0690531856383325,0.15402355700285655,0
2025-10-02 17:57:03.690,7.05027895294335,0.15360998933343684,0
2025-10-02 18:20:18.019,7.264425557005454,0.15832731192099492,0
2025-10-02 18:31:01.460,7.2573285851911296,0.15817097647225126,0
2025-10-02 19:31:59.509,7.32238117970756,0.1596039857643464,0
2025-10-02 19:33:26.670,7.224337796510087,0.15744423978964991,0
2025-10-02 19:36:56.859,7.265252195750328,0.15834552150988856,0
2025-10-02 19:46:52.170,7.2864214564296,0.15881184798749767,0
2025-10-03 00:38:58.539,7.2996232521480415,0.15910266338198728,0
2025-10-03 01:00:46.819,7.254251947067399,0.1581032028338208,0
2025-10-03 01:42:06.559,7.28694056562694,0.15882328317019762,0
2025-10-03 03:11:24.900,6.653621570932179,0.14487223308519723,0
2025-10-03 04:13:00.279,7.030937475348429,0.1531839261253142,0
2025-10-03 05:18:37.029,7.365257250111981,0.16054848010396172,0
2025-10-03 23:00:22.130,7.3766485392557755,0.16079941280408452,0
2025-10-04 02:03:43.700,7.328806596205919,0.1597455278752518,0
2025-10-04 17:59:01.869,7.488442632048994,0.16326206590754475,0
2025-10-04 21:33:49.539,7.537202380183296,0.16433616868047912,0
2025-10-04 22:50:25.789,8.296659184392263,0.18106584203887915,0
2025-10-04 22:51:09.140,9.11185410095206,0.19902334087474585,0
2025-10-04 22:51:34.910,9.098955580977044,0.19873920618164298,0
2025-10-04 23:03:19.759,9.881560173242836,0.21597878995366226,0
2025-10-05 00:02:11.410,10.44778584898226,0.22845187670429914,0
2025-10-05 03:49:43.450,11.255821889075236,0.24625167642648446,0
2025-10-06 06:06:12.680,11.531453057957586,0.25232341006194603,0
2025-10-08 12:12:35.769,11.599454429405407,0.25382137640570696,0
2025-10-09 00:09:35.279,11.719269752687483,0.25646072496474454,0
2025-10-09 23:22:22.259,11.553453108344177,0.25280803756781106,0
2025-10-09 23:54:05.460,11.159005645344624,0.24411896245983902,0
2025-10-10 00:23:13.569,11.17137975481859,0.24439154519061876,0
2025-10-10 00:30:14.619,11.170275881445233,0.24436722854632387,0
2025-10-10 13:10:26.309,11.205673035175685,0.2451469737753423,0
2025-10-10 16:15:11.549,11.02323007978281,0.24112803414197753,0
2025-10-10 19:56:25.069,11.001865236426227,0.24065739927673158,0
2025-10-11 02:05:15.319,10.998005219707867,0.2405723690044393,0
2025-10-11 02:28:42.400,10.912584823773178,0.23869068815805985,0
2025-10-11 02:38:11.799,10.919000790700307,0.2388320221093449,0
2025-10-11 02:52:04.019,10.992414925290964,0.24044922335737448,0
2025-10-11 02:53:21.359,12.047068815945737,0.2636816376290429,0
2025-10-11 03:32:33.859,12.189865429739694,0.26682722891510263,0
2025-10-11 04:00:31.880,12.454452500676615,0.27265567794222145,0
2025-10-11 04:01:21.789,12.581608182009793,0.2754567233770367,0
2025-10-11 04:01:31.190,12.66083831904862,0.2772020422753004,0
2025-10-11 10:20:53.160,12.71634877401016,0.27842485280821805,0
2025-10-11 14:33:24.230,12.655718031245042,0.27708925015601177,0
2025-10-11 14:34:02.160,13.05944158765217,0.2859826634329102,0
2025-10-11 15:49:03.420,14.243765649606138,0.31207151351256746,0
2025-10-11 16:20:44.500,14.281192209697974,0.31289596346389437,0
2025-10-11 20:38:39.069,14.300794157000931,0.3133277644218285,0
2025-10-11 21:11:44.009,14.175179778895666,0.3105606715428484,0
2025-10-11 21:11:55.130,14.260414912191786,0.31243827133628105,0
2025-10-11 21:53:18.349,14.280858559294337,0.3128886136551392,0
2025-10-12 06:37:47.869,13.890274991206232,0.3042846542501294,0
2025-10-12 13:35:50.480,13.650349296827152,0.2989994576793645,0
2025-10-12 14:00:11.130,13.622977370827948,0.2983964959590677,0
2025-10-12 14:13:45.220,13.426565979261401,0.29406985301299565,0
2025-10-12 14:29:05.950,13.349441384280615,0.29237091599014364,0
2025-10-12 15:01:55.400,13.306336641696742,0.2914213843517021,0
2025-10-12 15:02:12.329,13.623393440571109,0.2984056613399805,0
2025-10-12 15:04:04.220,13.630605991465108,0.29856454281930717,0
2025-10-13 16:08:35.450,13.708901114116504,0.30028926477881085,0
2025-10-13 18:40:26.450,13.17630680642366,0.2885570256957401,0
2025-10-14 01:52:49.390,13.031396207321553,0.2853648665423654,0
2025-10-14 02:44:43.380,12.75871202174917,0.27935805044782946,0
2025-10-14 17:33:21.210,13.167166671557315,0.28835568248580606,0
2025-10-14 17:58:22.490,12.871240481784804,0.281836880539925,0
2025-10-15 00:51:10.559,13.24753755142753,0.29012613020620853,0
2025-10-15 03:31:56.289,13.264606075002538,0.29050212370911416,0
2025-10-15 14:30:51.920,13.24585501579867,0.2900890665163071,0
2025-10-15 17:26:33.890,11.611362778181988,0.25408369913975315,0
2025-10-15 21:34:50.509,11.552089067689119,0.2527779898356948,0
2025-10-16 04:04:02.700,11.469079054844178,0.25094940604702376,0
2025-10-16 21:38:37.230,11.372215939657526,0.24881565957379592,0
2025-10-17 02:02:08.920,11.045616867223735,0.24162118087442497,0
2025-10-17 13:57:16.009,11.455866578032419,0.25065835536436326,0
2025-10-17 21:15:16.359,12.439809525951375,0.2723331155755524,0
2025-10-18 06:50:47.430,12.901841198476076,0.28251096758732613,0
2025-10-18 09:21:43.950,13.268983807678827,0.2905985584731703,0
2025-10-18 12:38:39.819,13.201920522351076,0.28912125673374733,0
2025-10-18 22:53:53.349,13.121654873270097,0.2873531270868962,0
2025-10-18 22:54:13.960,12.874782150759957,0.28191489809769726,0
2025-10-18 22:59:01.349,13.201155205463072,0.289104397971694,0
2025-10-18 22:59:47.880,14.026743903883771,0.3072908559458918,0
2025-10-18 23:05:06.460,14.141977124599295,0.30982926778435715,0
2025-10-19 07:50:14.240,14.328231657512317,0.3139321706484664,0
2025-10-19 08:08:40.839,14.032686331335992,0.30742175854585624,0
2025-10-19 14:39:12.599,14.07481229748108,0.30834972923439113,0
2025-10-19 16:55:01.920,13.88198252271778,0.3041019838357257,0
2025-10-19 21:57:52.940,13.814748797470125,0.3026209275652071,0
2025-10-20 02:47:51.450,13.797018664521348,0.3022303598183778,0
2025-10-20 05:15:45.029,13.930094866347813,0.30516182527631414,0
2025-10-20 09:45:22.539,13.868476298745795,0.30380446235181185,0
2025-10-20 10:05:04.059,13.761604286599614,0.30145023516673464,0
2025-10-20 23:49:25.299,13.907381158936834,0.30466147699628293,0
2025-10-21 03:46:36.380,13.602354150917886,0.29794219792554993,0
2025-10-21 05:13:10.339,13.537550943425058,0.29651468224865657,0
2025-10-22 01:59:25.430,13.579421203617784,0.29743702012564105,0
2025-10-22 04:59:04.250,13.0425541025927,0.2856106579319731,0
2025-10-22 06:36:43.619,13.51487716660131,0.29601521357846977,0
2025-10-22 11:57:53.019,13.468181224837435,0.2949865733074985,0
2025-10-22 12:13:21.950,13.342618244383663,0.292220612640273,0
2025-10-23 09:49:08.279,13.30966797648364,0.29149476856858375,0
2025-10-23 21:29:11.279,13.010603786998475,0.2849068412821955,0
2025-10-23 22:24:38.069,12.911792582591431,0.28273018137906675,0
2025-10-24 08:06:28.750,12.685606944552685,0.27774765726212125,0
2025-10-24 12:25:33.750,12.477235024848703,0.2731575421503852,0
2025-10-24 12:44:12.569,12.402710890732541,0.2715158893082863,0
2025-10-24 20:33:40.289,12.43608364962474,0.272251040211196,0
2025-10-25 02:37:49.559,12.030515246723438,0.26331698778395635,0
2025-10-25 22:51:49.289,11.909774523807766,0.2606572540844997,0
2025-10-25 22:52:13.339,12.392842549332247,0.2712985048207142,0
2025-10-25 22:52:44.009,12.321264042972865,0.2697217396587747,0
2025-10-25 22:53:16.700,12.508291633685937,0.2738416718054058,0
2025-10-25 22:54:42.789,12.564716477484163,0.2750846249277052,0
2025-10-25 22:57:53.789,12.906438017075942,0.28261222847963413,0
2025-10-25 22:58:08.279,12.906643685452243,0.28261675903981426,0
2025-10-26 00:16:40.549,13.064000138311911,0.28608308134094984,0
2025-10-26 06:26:48.019,13.00984105701876,0.2848900395057803,0
2025-10-27 02:52:52.359,13.125596445920488,0.28743995391179783,0
2025-10-27 04:39:17.589,12.749929689187693,0.27916458907614367,0
2025-10-28 04:13:28.450,12.796420685721694,0.28018871471674606,0
2025-10-28 20:44:32.180,12.490494448878213,0.2734496270085428,0
2025-10-28 23:25:33.539,12.494804787633752,0.2735445771874662,0
2025-10-29 04:00:30.869,12.542637332728296,0.27459825509369834,0
2025-10-30 13:23:10.349,12.73945083075434,0.2789337558308724,0
2025-10-30 17:03:42.319,12.214045454726502,0.26735987793159094,0
2025-10-31 02:30:55.019,12.071554456187805,0.26422101888279015,0
2025-10-31 16:04:28.670,12.00564214173579,0.2627690712737001,0
2025-10-31 18:23:20.599,11.81515737391775,0.2585729827961392,0
2025-10-31 20:10:16.509,11.967513238446424,0.26192914977453136,0
2025-10-31 20:14:51.549,11.919155782081901,0.2608639088748015,0
2025-10-31 20:18:55.869,11.942994889898205,0.2613890480067602,0
2025-10-31 21:04:05.690,11.392216607928454,0.24925624374562497,0
2025-11-01 05:09:33.420,11.379957499160765,0.24898619430474578,0
2025-11-01 21:02:45.009,11.404692808683322,0.24953107539138283,0
2025-11-01 21:04:01.150,11.121555310357426,0.24329398878388248,0
2025-11-02 01:43:08.019,11.214502610450486,0.24534147583184132,0
2025-11-02 01:43:16.000,11.184130386309667,0.2446724221263139,0
2025-11-02 02:32:54.619,11.283183074772003,0.24685440155432398,0
2025-11-02 02:40:27.470,11.251652678467988,0.24615983508510061,0
2025-11-02 14:38:21.930,11.120109730795084,0.24326214487418607,0
2025-11-02 14:40:51.619,10.97682951524051,0.2401059005800213,0
2025-11-02 14:51:02.069,10.946066203030806,0.23942823180170691,0
2025-11-02 14:53:11.759,11.298452460348155,0.24719076279522242,0
2025-11-02 14:58:10.579,11.37183385158742,0.24880724275723495,0
2025-11-02 15:00:28.460,11.384634621421403,0.2490892241640401,0
2025-11-02 15:05:12.269,11.795028724947736,0.2581295794049944,0
2025-11-02 15:26:09.369,11.884653185736584,0.26010386937857877,0
2025-11-02 23:30:23.490,11.420988278609242,0.24989003970320597,0
2025-11-03 04:34:39.339,11.35801755834564,0.2485028909209253,0
2025-11-03 06:49:10.539,11.261916882975994,0.24638593983227136,0
2025-11-03 08:41:06.349,11.656987916288223,0.2550887512417542,0
2025-11-03 09:51:36.609,11.892487731157635,0.26027645244726594,0
2025-11-04 18:48:22.359,11.89381843350009,0.2603057657872784,0
2025-11-04 19:32:53.599,11.636192999277787,0.25463067098337533,0
2025-11-04 20:31:53.859,11.746114971089739,0.25705208412120434,0
2025-11-04 20:39:28.210,11.73176797058492,0.25673604161452296,0
2025-11-05 01:36:19.940,11.895327774399021,0.2603390142618271,0
2025-11-06 20:11:52.059,11.945307730771189,0.26143999635842485,0
2025-11-07 09:26:26.750,11.499461992527875,0.2516186957555363,0
2025-11-07 11:59:57.420,10.65946859748605,0.2331149243173433,0
2025-11-07 12:40:24.640,10.618339616047058,0.23220891567903143,0
2025-11-07 12:40:49.579,10.567580403014487,0.23109076774848672,0
2025-11-07 12:42:33.829,10.547146063455719,0.2306406304606012,0
2025-11-07 12:43:25.650,10.534727174805338,0.23036706131296336,0
2025-11-08 04:36:10.279,10.671830767127682,0.23338724403185432,0
2025-11-08 05:16:10.410,10.448824750428733,0.22847476211628667,0
2025-11-08 06:50:10.549,10.562061290142717,0.2309691901221344,0
2025-11-08 12:10:17.420,10.88395120341877,0.2380599332383029,0
2025-11-08 22:09:17.349,10.818961482020056,0.23662830894495504,0
2025-11-09 05:11:44.710,11.098453447910883,0.24278509004130827,0
2025-11-09 05:12:40.200,11.541267099835332,0.2525395984139766,0
2025-11-09 05:13:18.259,11.595185462074152,0.25372733757606747,0
2025-11-09 05:14:40.539,11.674805067774383,0.25548123587404487,0
2025-11-09 07:33:20.529,12.404600313274734,0.2715575104008774,0
2025-11-09 08:00:37.630,12.404540246972177,0.2715561872319808,0
2025-11-09 15:18:03.190,12.65148798464178,0.27699606869056015,0
2025-11-09 20:26:02.609,12.727948984170187,0.27868038771921033,0
2025-11-10 00:27:01.240,12.657103007887647,0.2771197590759548,0
2025-11-12 09:07:27.119,12.608452721444346,0.27604806757687506,0
2025-11-12 09:12:02.539,11.338854964472874,0.24808076824796438,0
2025-11-12 10:19:13.049,11.30998832004896,0.2474448801638907,0
2025-11-13 12:45:54.740,11.289317855567992,0.24698954140464,0
2025-11-15 00:40:44.789,10.934813791935895,0.23918035837287066,0
2025-11-15 05:45:41.769,10.595038239040568,0.2316956219354517,0
2025-11-15 05:46:02.200,10.516247961539843,0.22995999247094548,0
2025-11-15 07:14:25.279,10.61761404991879,0.23219293256549745,0
2025-11-15 18:57:53.809,10.576111533122015,0.23127869551381317,0
2025-11-16 01:23:41.630,10.43997001374296,0.22827970579233692,0
2025-11-17 10:57:48.069,10.318133084390311,0.22559582433948286,0
2025-11-17 11:54:55.619,9.916860702514484,0.21675640669344304,0
2025-11-17 18:00:44.220,10.13147614489036,0.2214840570729227,0
2025-11-17 21:11:40.890,10.04437820312694,0.219565422454317,0
2025-11-17 21:14:31.119,9.897173326927563,0.21632272388090126,0
2025-11-17 23:53:56.869,9.899859715258994,0.21638190091249754,0
2025-11-18 01:35:34.539,9.873933412098511,0.21581078405520962,0
2025-11-18 05:05:05.230,9.839948705540504,0.2150621528799465,0
2025-11-18 05:10:18.789,9.80343926404525,0.21425790565044225,0
2025-11-18 06:00:15.700,9.866618661409118,0.21564965127049632,0
2025-11-18 10:53:09.859,9.935034964627167,0.21715675792736455,0
2025-11-19 08:18:25.480,9.905841928615699,0.21651367993516646,0
2025-11-19 10:36:49.549,9.638446101059335,0.21062335828997894,0
2025-11-19 10:53:33.559,9.623281470587145,0.21028930464401174,0
2025-11-19 11:16:11.579,10.18335939531244,0.22262696583023847,0
2025-11-19 12:26:28.539,9.968365906599457,0.21789098766740223,0
2025-11-19 12:27:25.079,9.90583253518089,0.21651347301214569,0
2025-11-19 12:27:45.349,9.901176026531672,0.21641089723922452,0
2025-11-19 12:49:28.970,9.932591220685069,0.2171029259810362,0
2025-11-19 12:49:52.539,10.598120355527879,0.23176351625386388,0
2025-11-19 12:51:05.410,11.333606114844613,0.24796514410805082,0
2025-11-19 13:07:32.849,11.361699671701302,0.24858400225387728,0
2025-11-19 18:21:22.089,11.450735505722305,0.2505453256788686,0
2025-11-19 20:12:19.859,11.625142323420713,0.2543872414736865,0
2025-11-19 21:51:45.599,11.603395003303454,0.25390818122962006,0
2025-11-20 00:22:18.549,11.571585280526671,0.2532074616248611,0
2025-11-20 01:52:52.579,11.700793510423456,0.2560537215693509,0
2025-11-20 03:24:11.200,11.683833413836096,0.25568011654736555,0
2025-11-21 10:07:13.430,11.898201406427518,0.2604023159860628,0
2025-11-21 22:12:52.000,11.390132628809182,0.24921033686881786,0
2025-11-22 14:04:46.089,11.3381747776581,0.24806578477139166,0
2025-11-22 17:54:59.869,11.278392361166546,0.24674886945120927,0
2025-11-22 17:55:10.059,10.975516451879612,0.24007697579982976,0
2025-11-23 06:35:06.460,11.660210654747793,0.2551597432474211,0
2025-11-23 17:51:43.180,11.43883225606471,0.25028311527062497,0
2025-11-25 17:49:46.069,11.284859247106843,0.24689132507057776,0
2025-11-25 18:48:47.690,10.546699438718969,0.23063079199985112,0
2025-11-25 20:39:16.519,10.61823284678147,0.2322065637151961,0
2025-11-25 22:15:36.930,10.691080032126926,0.23381127593734505,0
2025-11-25 22:21:54.200,10.709383384253014,0.23421447082708227,0
2025-11-25 22:27:11.970,12.57648205890907,0.27534380271506514,0
2025-11-25 22:28:05.589,12.545790117132224,0.2746677061183713,0
2025-11-25 22:34:23.619,12.612801710983799,0.2761438691735306,0
2025-11-25 22:35:06.529,13.137835486839869,0.2877095612886316,0
2025-11-25 22:51:23.640,13.986066339690073,0.3063947913399729,0
2025-11-26 20:08:04.769,14.090495677737888,0.30869521014574497,0
2025-11-26 22:11:59.150,13.64390245508375,0.29885744360303695,0
2025-11-27 01:01:03.450,13.629816053525687,0.2985471416930987,0
2025-11-27 04:42:50.859,13.900571836196804,0.30451147801727413,0
2025-11-27 05:04:44.539,13.917687932730571,0.3048885194797955,0
2025-11-27 18:08:43.390,14.814663417189594,0.32464751931010466,0
2025-11-27 18:11:47.210,14.468768929403616,0.31702799208346033,0
2025-11-27 23:43:02.119,14.486944395612397,0.31742836984177963,0
2025-11-27 23:43:52.390,14.462539898184875,0.31689077604029464,0
2025-11-27 23:44:57.460,14.463467369042483,0.316911206806615,0
2025-11-28 00:39:13.289,14.564025073642881,0.31912633944129776,0
2025-11-28 00:39:57.119,14.54631047806402,0.31873611395899504,0
2025-11-28 02:14:29.200,14.645514029489052,0.32092141666763646,0
2025-11-28 02:25:21.500,14.617945921417805,0.3203141333559524,0
2025-11-28 06:28:54.180,14.60624219479878,0.3200563181354854,0
2025-11-28 06:39:15.130,14.617813737465285,0.32031122154538383,0
2025-11-28 08:06:38.549,15.362953281260156,0.3367255075258744,0
2025-11-28 08:17:59.140,15.37984046414567,0.3370975063703807,0
2025-11-28 08:20:00.900,15.351891062381966,0.3364818237410619,0
2025-11-28 08:20:19.569,15.289175367186438,0.3351002927714908,0
2025-11-28 08:22:52.619,15.306797605047771,0.33548848375434887,0
2025-11-28 08:38:36.349,15.341229164627075,0.336246958419122,0
2025-11-28 14:02:21.190,15.33290830144062,0.3360636625128929,0
2025-11-28 14:34:36.680,15.155833122426536,0.3321629667941003,0
2025-11-28 15:09:01.839,15.190524197549777,0.33292715818990726,0
2025-11-28 15:29:30.250,14.80601827035247,0.3244570799303809,0
2025-11-28 15:29:41.279,15.120686239560426,0.33138873464994506,0
2025-11-28 16:59:41.750,15.606582341314377,0.34209228358572735,0
2025-12-01 04:51:38.980,15.398004370420145,0.3374976294810046,0
2025-12-01 04:54:43.160,13.746253778565938,0.30111208692200814,0
2025-12-01 12:59:28.250,13.806707914078975,0.3024437991862112,0
2025-12-01 13:00:42.420,13.628886212072967,0.29852665870618894,0
2025-12-01 16:33:50.849,13.623420410776367,0.29840625545240645,0
2025-12-03 22:54:45.920,14.126779751168185,0.3094944928610185,0
2025-12-05 12:41:16.000,13.093419304604673,0.28673114063784033,0
2025-12-07 05:00:39.509,12.605362628284093,0.275979997544542,0
2025-12-07 07:43:29.789,11.941376521154483,0.2613533978153262,0
2025-12-11 10:07:50.289,11.87652476082661,0.2599248125936392,0
2025-12-14 07:58:15.009,10.142443776546578,0.22172565724571316,0
2025-12-14 15:24:15.910,9.468952623955081,0.2068896758835291,0
2025-12-15 06:47:52.440,9.966782968002486,0.21785611794798307,0
2025-12-15 06:51:12.309,9.826509786163994,0.21476611401346607,0
2025-12-18 17:16:14.960,9.863778182461896,0.21558707985800113,0
2025-12-19 03:42:52.470,8.967022159970488,0.19583291443961964,0
2025-12-19 03:50:13.259,8.91041743215724,0.19458599874723456,0
2025-12-19 13:15:00.589,8.101816612332636,0.17677375779023874,0
2025-12-20 09:35:46.049,8.015705195494375,0.174876854808859,0
2025-12-21 16:33:14.079,7.848630181354712,0.17119644744741866,0
2025-12-23 10:11:06.519,7.607474570102506,0.16588415768658507,0
2025-12-23 23:42:15.950,7.308953975134742,0.1593082049570974,0
2025-12-23 23:42:54.329,7.399580504708732,0.1613045689754005,0
2025-12-24 17:20:08.170,7.330259571678237,0.15977753470554806,0
2025-12-24 18:18:40.150,7.254023831238297,0.15809817779054303,0
2025-12-26 12:14:50.950,7.256463347419829,0.1581519166057638,0
2025-12-27 07:51:04.079,7.005179733777663,0.15261652242237703,0
2025-12-27 16:22:15.009,6.972946512288897,0.1519064737878695,0
2025-12-28 17:15:40.579,6.92683000129848,0.15089059749178138,0
2025-12-29 12:36:02.359,6.810025457010415,0.14831757179514357,0
2025-12-29 12:42:28.190,6.686923421632013,0.1456058219889384,0
2025-12-30 00:10:27.039,6.6904572456388625,0.14568366673404176,0
2025-12-30 12:40:47.730,6.61863353479425,0.14410150009183215,0
2025-12-30 20:21:35.230,6.586191810865104,0.14338685846704177,0
2025-12-31 08:56:37.890,6.54177010053282,0.14240831604071558,0
2026-01-01 02:27:21.430,6.459662597185482,0.14059961315773142,0
2026-01-03 07:52:59.650,6.404650582432643,0.13938778250126493,0
2026-01-05 09:33:59.670,6.153713797510278,0.1338600284248091,0
2026-01-05 09:35:26.150,5.8701078354080405,0.12761262227587464,0
2026-01-05 12:54:22.220,5.877898266302575,0.12778423356892574,0
2026-01-06 02:23:02.359,6.159150711420138,0.133979795333586,0
2026-01-06 02:24:19.450,6.472619988588213,0.14088504469846325,0
2026-01-06 02:25:43.180,6.692507595319583,0.14572883280568513,0
2026-01-06 04:19:57.519,6.665122659998577,0.14512558450990018,0
2026-01-08 16:44:08.099,6.676227600470643,0.14537020938617035,0
2026-01-08 16:45:07.819,6.513026375657115,0.14177513568653452,0
2026-01-08 17:28:44.539,6.515564911217235,0.14183105574741767,0
2026-01-08 17:48:02.440,6.513806949812585,0.14179233054288531,0
2026-01-08 17:53:39.230,6.412477096278281,0.13956018864661365,0
2026-01-08 17:55:41.450,6.289320753583038,0.1368472425331706,0
2026-01-13 06:52:54.589,6.57558400859316,0.14315318478596262,0
2026-01-14 08:03:14.980,6.0907900799727335,0.1324739150407888,0
2026-01-14 08:03:40.769,6.116327957040392,0.13303647546455627,0
2026-01-14 08:13:53.220,6.157910690122231,0.13395247955847348,0
2026-01-16 20:33:55.440,6.16893011869406,0.13419522073819726,0
2026-01-18 14:37:30.640,6.179920133156993,0.13443731397003084,0
2026-01-21 14:34:23.180,6.1583769267319175,0.13396275003882807,0
2026-01-27 00:57:41.119,6.027234224939522,0.13107387663330236,0
2026-01-27 01:09:49.880,5.53677284829257,0.12026976166489263,0
2026-02-01 05:13:55.789,5.8773459724408905,0.12777206737875846,0
2026-02-04 00:28:20.690,5.6682447612425575,0.12316588708936389,0
2026-02-04 15:04:41.069,5.445852890290413,0.1182669338665166,0
2026-02-05 01:14:45.500,5.428023991222553,0.11787419045294505,0
2026-02-05 07:13:34.309,5.387352036892117,0.11697824942374499,0
2026-02-09 10:58:37.180,5.632960737783924,0.1223886339474319,0
2026-02-09 16:28:39.529,5.3504018912971665,0.1161642941560814,0
2026-02-11 18:12:24.660,5.317322657165468,0.1154356091552988,0
2026-02-12 12:49:34.480,5.190695989045232,0.1126462170735193,0
2026-02-14 09:51:06.140,5.19660444205569,0.11277637126842621,0
2026-02-14 09:51:11.359,5.1336681975509375,0.11138998193445274,0
2026-02-14 09:51:20.390,5.261193425897904,0.11419916792551418,0
2026-02-14 09:56:23.309,5.310551861402532,0.11528645886674706,0
2026-02-14 11:12:02.200,5.293278951462629,0.11490596304441437,0
2026-02-14 12:21:53.430,5.347752233319284,0.11610592623806976,0
2026-02-14 12:22:17.119,5.3308445620861145,0.11573347606655965,0
2026-02-16 04:59:35.140,5.457295830715218,0.11851900436546486,0
2026-02-16 06:49:06.509,5.381301006322209,0.1168449544629846,0
2026-02-17 03:53:37.380,5.3793847699295165,0.11680274270222406,0
2026-02-17 22:12:38.410,5.380316265025931,0.11682326211637849,0
2026-02-17 22:12:49.910,5.510330354881768,0.1196872739248491,0
2026-02-17 23:24:27.710,5.587955760597759,0.12139724304323028,0
2026-02-22 03:16:27.200,5.623925260176433,0.12218959617705086,0
2026-02-23 16:19:13.690,5.381383658820379,0.11684677517127107,0
2026-02-24 10:40:43.730,5.281189497153296,0.11463965083211271,0
2026-02-24 22:39:19.130,5.268040941889964,0.11435000824352662,0
2026-02-25 23:35:23.759,5.287194531611725,0.11477193256879435,0
2026-02-28 10:19:07.200,5.363061562462064,0.11644316737472889,0
2026-02-28 10:20:52.329,5.706390793715203,0.12400618591827621,0
2026-02-28 10:22:06.450,5.706373755110516,0.12400581058384069,0
2026-02-28 12:51:19.950,5.7475196579499075,0.12491219197475663,0
2026-02-28 13:38:52.660,5.658078418035693,0.12294193807717829,0
2026-03-02 19:06:44.640,5.47506447265865,0.11891042040662551,0
2026-03-04 02:28:41.960,5.199830925447125,0.11284744576922187,0
2026-03-05 01:39:11.940,5.145163224683834,0.11164319982402002,0
2026-03-05 04:04:17.160,5.272834414249908,0.11445560111778877,0
2026-03-05 11:38:13.049,5.233653416908817,0.11359250359368991,0
2026-03-07 17:33:44.990,5.205272530926645,0.11296731602611222,0
2026-03-08 13:33:41.089,5.06421743165066,0.10986008764479324,0
2026-03-20 10:49:07.299,5.010868213692768,0.10868488586186728,0
2026-03-20 22:02:53.539,4.358921858258303,0.09432350347228122,0
2026-03-21 14:02:15.430,4.562660154035816,0.09881154692658285,0
2026-03-21 15:48:16.420,4.595955116110361,0.09954498408443099,0
2026-03-21 20:53:30.569,4.546117012333016,0.09844712678382327,0
2026-03-22 02:22:32.799,4.505744136457506,0.09755777399615548,0
2026-04-01 16:10:27.849,4.631743068717982,0.1003333380157846,0
2026-04-02 06:10:09.119,4.1670928695647165,0.09009780386207286,0
2026-04-02 15:50:09.130,4.282220979087923,0.09263390026152443,0
2026-04-03 07:59:38.720,4.531046411925047,0.09811514447654392,0
2026-04-03 21:14:08.710,4.5134803189209505,0.09772819027913185,0
2026-04-05 04:05:51.190,4.785166734136723,0.10371302701676399,0
2026-04-05 14:33:22.430,4.873534057147771,0.10565962416532847,0
2026-04-05 14:34:02.390,4.90959432855312,0.10645397686384052,0
2026-04-06 02:51:50.130,4.9358930559854555,0.10703329765897492,0
2026-04-06 02:52:13.460,4.9234488915099215,0.1067591717235167,0
2026-04-07 02:32:57.920,5.186781991517349,0.11255999768644662,0
2026-04-07 02:34:32.970,5.4299424683311965,0.11791645157325537,0
2026-04-07 02:38:34.619,5.579997211074006,0.12122192835357165,0
2026-04-08 12:38:59.079,5.732011961216152,0.12457058110306646,0
2026-04-08 13:19:59.130,5.811554885990656,0.126322790237377,0
2026-04-08 13:32:57.140,5.807237188725182,0.12622767796171955,0
2026-04-08 14:48:57.299,5.814001645447889,0.12637668861089768,0
2026-04-08 14:51:19.369,6.1046186798501365,0.13277853797348332,0
2026-04-09 01:43:58.039,6.128682120470185,0.13330861881444964,0
2026-04-09 19:20:57.089,6.094763350068295,0.13256144011199106,0
2026-04-13 21:12:54.710,6.034250044467684,0.13122842442113852,0
2026-04-14 19:18:14.450,5.851418525049413,0.1272009253158095,0
2026-04-17 02:05:02.319,5.7970123688815045,0.12600244079854556,0
2026-04-20 08:57:19.779,5.692324645462544,0.12369633015771993,0
2026-04-25 02:47:05.210,5.538385997779965,0.12030529688408195,0
2026-04-27 10:42:07.160,5.131958029175994,0.11135230953736298,0
2026-05-05 23:26:49.519,4.959507133405909,0.10755347971503752,0
2026-05-06 14:32:39.880,4.722566835242773,0.1023340468628427,0
2026-05-06 14:33:06.680,4.733558223973919,0.10257617036770589,0
2026-05-09 13:37:01.130,4.7931797923399575,0.10388954244937189,0
2026-05-09 18:37:28.250,4.673799644144378,0.10125978013277816,0
2026-05-11 18:59:33.000,4.694192804056529,0.10170901029594889,0
2026-05-12 00:11:19.900,4.710970117067839,0.10207858887494811,0
2026-05-12 14:06:11.230,4.367571049604995,0.09451403194637287,0
2026-05-14 16:38:04.549,4.41752714286439,0.0956144883750462,0
2026-05-15 05:30:51.849,4.299656799503014,0.0930179847527866,0
2026-05-16 01:58:40.990,4.291871122292251,0.09284647817612794,0
2026-05-17 22:57:34.619,4.363832028358665,0.0944316670195139,0
2026-05-17 23:58:06.930,4.365697236869857,0.09447275471398792,0
2026-05-19 05:58:03.670,4.394301261050575,0.09510285767524537,0
2026-05-21 00:17:55.470,4.341607796393697,0.09394210113590518,0
2026-05-21 03:50:52.069,4.226395388962345,0.09140414778229868,0
2026-05-21 03:53:46.250,5.2564024460939045,0.1140936299584522,0
2026-05-21 03:57:37.210,5.289750164762818,0.1148282292634908,0
