time,dl_anomaly_score,dl_is_anomaly
2008-05-30,0.0,0
2008-05-31,0.0,0
2008-06-01,0.0,0
2008-06-02,0.0,0
2008-06-03,0.0,0
2008-06-04,0.0,0
2008-06-05,-0.044491289080888986,0
2008-06-06,-0.08647056272993658,0
2008-06-07,-0.08665837505114195,0
2008-06-08,-0.08558870031432905,0
2008-06-09,-0.08314034882863003,0
2008-06-10,-0.08787675498228091,0
2008-06-11,-0.08288583821363708,0
2008-06-12,-0.08050335457203987,0
2008-06-13,-0.07394410310366233,0
2008-06-14,-0.08352873166882582,0
2008-06-15,-0.07810674159033566,0
2008-06-16,-0.08208671749688648,0
2008-06-17,-0.0857742190830193,0
2008-06-18,-0.07600718881856021,0
2008-06-19,-0.08386682127712275,0
2008-06-20,-0.07818951102116689,0
2008-06-21,-0.08353329531462443,0
2008-06-22,-0.08456218484678614,0
2008-06-23,-0.0868268333223455,0
2008-06-24,-0.08312910304944833,0
2008-06-25,-0.07939111234155424,0
2008-06-26,-0.08408572800461311,0
2008-06-27,-0.07858611562095474,0
2008-06-28,-0.08589059911183727,0
2008-06-29,-0.08129448814371973,0
2008-06-30,-0.08041287573499128,0
2008-07-01,-0.07522333555088968,0
2008-07-02,-0.07927625610050057,0
2008-07-03,-0.08067740117246415,0
2008-07-04,-0.0857300293115695,0
2008-07-05,-0.08281485099735598,0
2008-07-06,-0.076643815482702,0
2008-07-07,-0.07995824500055582,0
2008-07-08,-0.07999541781325463,0
2008-07-09,-0.07188535757986003,0
2008-07-10,-0.08709648169519688,0
2008-07-11,-0.08629249824359361,0
2008-07-12,-0.08143762877323861,0
2008-07-13,-0.08725618200173027,0
2008-07-14,-0.07516641759922453,0
2008-07-15,-0.08115960112771924,0
2008-07-16,-0.08391391827291003,0
2008-07-17,-0.08053531423256663,0
2008-07-18,-0.08190240367208904,0
2008-07-19,-0.08710663235553084,0
2008-07-20,-0.07939883774156599,0
2008-07-21,-0.08583826533994063,0
2008-07-22,-0.07287644582553178,0
2008-07-23,-0.08304418606390167,0
2008-07-24,-0.07521478916622587,0
2008-07-25,-0.08863577561422606,0
2008-07-26,-0.07999588612167723,0
2008-07-27,-0.0748799447069392,0
2008-07-28,-0.08880907522653318,0
2008-07-29,-0.08621093998346394,0
2008-07-30,-0.08274736204274905,0
2008-07-31,-0.08700790287013603,0
2008-08-01,-0.07664653855732748,0
2008-08-02,-0.08297933953233635,0
2008-08-03,-0.0872815865686149,0
2008-08-04,-0.08733650242488265,0
2008-08-05,-0.08094943963333583,0
2008-08-06,-0.07820139982204354,0
2008-08-07,-0.08303508546400884,0
2008-08-08,-0.07977806286005466,0
2008-08-09,-0.08210640484214211,0
2008-08-10,-0.08047184568446397,0
2008-08-11,-0.0820239489471005,0
2008-08-12,-0.08482610176726915,0
2008-08-13,-0.08718658496182796,0
2008-08-14,-0.08621366838834198,0
2008-08-15,-0.08900806002705869,0
2008-08-16,-0.0896006641028159,0
2008-08-17,-0.0871840714698332,0
2008-08-18,-0.07883240350456495,0
2008-08-19,-0.08625602125663775,0
2008-08-20,-0.08227557942644413,0
2008-08-21,-0.08498912449630729,0
2008-08-22,-0.08910509042421366,0
2008-08-23,-0.08912877969454226,0
2008-08-24,-0.08695079825147284,0
2008-08-25,-0.08275635332079725,0
2008-08-26,-0.08305074290744939,0
2008-08-27,-0.07840807072242145,0
2008-08-28,-0.0808135658063913,0
2008-08-29,-0.08290017384965365,0
2008-08-30,-0.07658413845958315,0
2008-08-31,-0.08095692815511081,0
2008-09-01,-0.07808381916543958,0
2008-09-02,-0.08792863713142238,0
2008-09-03,-0.07707073107412954,0
2008-09-04,-0.07912305660067402,0
2008-09-05,-0.07911531044071733,0
2008-09-06,-0.08559042831992925,0
2008-09-07,-0.0793477412827636,0
2008-09-08,-0.08187103164100025,0
2008-09-09,-0.08281380941180802,0
2008-09-10,-0.07962873338029842,0
2008-09-11,-0.0870933968503607,0
2008-09-12,-0.08342921000708389,0
2008-09-13,-0.08223727772696691,0
2008-09-14,-0.07897402710086562,0
2008-09-15,-0.088323579944449,0
2008-09-16,-0.08396497810311292,0
2008-09-17,-0.07693224883185477,0
2008-09-18,-0.07800573917643666,0
2008-09-19,-0.07107991012068979,0
2008-09-20,-0.08418401990147478,0
2008-09-21,-0.08456422390497079,0
2008-09-22,-0.0862434384016503,0
2008-09-23,-0.08452127405996072,0
2008-09-24,-0.08333717545246672,0
2008-09-25,-0.07175900862980644,0
2008-09-26,-0.07399466547884218,0
2008-09-27,-0.08437310148870472,0
2008-09-28,-0.08486819224092834,0
2008-09-29,-0.08197922713007179,0
2008-09-30,-0.08469280648901184,0
2008-10-01,-0.08238962003231678,0
2008-10-02,-0.08126433962574224,0
2008-10-03,-0.07156813347740086,0
2008-10-04,-0.08069421969413776,0
2008-10-05,-0.07939352766788275,0
2008-10-06,-0.08492557193005043,0
2008-10-07,-0.08800271049850383,0
2008-10-08,-0.08830230978393118,0
2008-10-09,-0.08653062385656766,0
2008-10-10,-0.08058914535335887,0
2008-10-11,-0.07884427020050416,0
2008-10-12,-0.07680808438206205,0
2008-10-13,-0.08410016142765253,0
2008-10-14,-0.08055949160940422,0
2008-10-15,-0.08380537896946086,0
2008-10-16,-0.08041610475828528,0
2008-10-17,-0.08716736069882422,0
2008-10-18,-0.08283047285980688,0
2008-10-19,-0.07310696505766688,0
2008-10-20,-0.08753653715605222,0
2008-10-21,-0.08747501737657512,0
2008-10-22,-0.07056142408193378,0
2008-10-23,-0.07837996225015882,0
2008-10-24,-0.0843431327795315,0
2008-10-25,-0.08720838676735913,0
2008-10-26,-0.07907183472625195,0
2008-10-27,-0.08939281431205075,0
2008-10-28,-0.08890706323677212,0
2008-10-29,-0.07335865965800532,0
2008-10-30,-0.08392308026112642,0
2008-10-31,-0.08528155116717093,0
2008-11-01,-0.0706427765458183,0
2008-11-02,-0.0810696673614341,0
2008-11-03,-0.07885728493828614,0
2008-11-04,-0.07206255329725612,0
2008-11-05,-0.08939606027786126,0
2008-11-06,-0.08146543375741132,0
2008-11-07,-0.08878388213215042,0
2008-11-08,-0.08759427400967909,0
2008-11-09,-0.0813538742428281,0
2008-11-10,-0.07555986464316033,0
2008-11-11,-0.08628894773786615,0
2008-11-12,-0.07815895343959832,0
2008-11-13,-0.08558035347341096,0
2008-11-14,-0.08436377945826068,0
2008-11-15,-0.07826488715654273,0
2008-11-16,-0.07544561489556549,0
2008-11-17,-0.08137610319609839,0
2008-11-18,-0.08365366932808016,0
2008-11-19,-0.08581664873697324,0
2008-11-20,-0.08247117880946295,0
2008-11-21,-0.07736533365997811,0
2008-11-22,-0.08689909118365492,0
2008-11-23,-0.07543599822825428,0
2008-11-24,-0.07399118537792428,0
2008-11-25,-0.08861758205026214,0
2008-11-26,-0.07842071392776157,0
2008-11-27,-0.08373347097156945,0
2008-11-28,-0.08079631766207146,0
2008-11-29,-0.08387249277242499,0
2008-11-30,-0.08460178535337043,0
2008-12-01,-0.08058876965141416,0
2008-12-02,-0.08610553729511813,0
2008-12-03,-0.08356973259742201,0
2008-12-04,-0.0847163958871833,0
2008-12-05,-0.08227294676931717,0
2008-12-06,-0.08406725881883055,0
2008-12-07,-0.08295085023367306,0
2008-12-08,-0.07941818975386009,0
2008-12-09,-0.07958878691515861,0
2008-12-10,-0.0858924570674124,0
2008-12-11,-0.08753620609789006,0
2008-12-12,-0.07984148263459023,0
2008-12-13,-0.08571746807174983,0
2008-12-14,-0.08532546733063298,0
2008-12-15,-0.08753597834145953,0
2008-12-16,-0.08390495841581116,0
2008-12-17,-0.05999721361046999,0
2008-12-18,-0.08295077027244743,0
2008-12-19,-0.0760186613268603,0
2008-12-20,-0.08904094284269824,0
2008-12-21,-0.07516248779374539,0
2008-12-22,-0.07980378106872507,0
2008-12-23,-0.08582953436145332,0
2008-12-24,-0.08204879961207232,0
2008-12-25,-0.08620749106529396,0
2008-12-26,-0.08748914588639473,0
2008-12-27,-0.07963743094191125,0
2008-12-28,-0.07658031272029522,0
2008-12-29,-0.08334037181681549,0
2008-12-30,-0.08283709795014975,0
2008-12-31,-0.07712380274142326,0
2009-01-01,-0.0746197836703245,0
2009-01-02,-0.08311083950819823,0
2009-01-03,-0.08701817041344843,0
2009-01-04,-0.0890447007734683,0
2009-01-05,-0.0837084705484002,0
2009-01-06,-0.08927347552734177,0
2009-01-07,-0.07826570494687857,0
2009-01-08,-0.08096941746671972,0
2009-01-09,-0.08357107974149973,0
2009-01-10,-0.08833241818110803,0
2009-01-11,-0.0851887723973364,0
2009-01-12,-0.08775433722059492,0
2009-01-13,-0.08685687328965472,0
2009-01-14,-0.08115904092574545,0
2009-01-15,-0.08855225627692177,0
2009-01-16,-0.07657508902168728,0
2009-01-17,-0.087491212170236,0
2009-01-18,-0.07552436680063866,0
2009-01-19,-0.08459014477874806,0
2009-01-20,-0.07414252497388964,0
2009-01-21,-0.08786482299585947,0
2009-01-22,-0.08513310027461188,0
2009-01-23,-0.08585674871720318,0
2009-01-24,-0.07157805293819149,0
2009-01-25,-0.08267284073762232,0
2009-01-26,-0.07432609284561828,0
2009-01-27,-0.08488413123264077,0
2009-01-28,-0.07831549923420009,0
2009-01-29,-0.06866681420162267,0
2009-01-30,-0.08212298777349997,0
2009-01-31,-0.08190676726937338,0
2009-02-01,-0.08502851962642262,0
2009-02-02,-0.08061183023425059,0
2009-02-03,-0.08486676706028408,0
2009-02-04,-0.08174550838366915,0
2009-02-05,-0.08924945757364994,0
2009-02-06,-0.07909581169873418,0
2009-02-07,-0.08640637746080912,0
2009-02-08,-0.08106801875928303,0
2009-02-09,-0.07878165135977677,0
2009-02-10,-0.08899410339103023,0
2009-02-11,-0.08205679722266004,0
2009-02-12,-0.08955007177201457,0
2009-02-13,-0.08591786635772743,0
2009-02-14,-0.08610706320686358,0
2009-02-15,-0.08481531648865756,0
2009-02-16,-0.08157036159441686,0
2009-02-17,-0.07893072037420214,0
2009-02-18,-0.08703245292394682,0
2009-02-19,-0.08787495628551463,0
2009-02-20,-0.08234854007241425,0
2009-02-21,-0.08921879950788014,0
2009-02-22,-0.07479271602393935,0
2009-02-23,-0.0805208508280352,0
2009-02-24,-0.08808902683560015,0
2009-02-25,-0.08161604904376743,0
2009-02-26,-0.07789772609746311,0
2009-02-27,-0.08086091208105291,0
2009-02-28,-0.08269360186403557,0
2009-03-01,-0.08542222035172413,0
2009-03-02,-0.08153686232116569,0
2009-03-03,-0.08131695540029389,0
2009-03-04,-0.08146920850284559,0
2009-03-05,-0.07461732854442478,0
2009-03-06,-0.08473239323221743,0
2009-03-07,-0.0804004359815797,0
2009-03-08,-0.07861550673591161,0
2009-03-09,-0.08306390221182844,0
2009-03-10,-0.08708515219693146,0
2009-03-11,-0.08667273414718996,0
2009-03-12,-0.08639298071851356,0
2009-03-13,-0.087849022502846,0
2009-03-14,-0.08877352399373244,0
2009-03-15,-0.07885050147826042,0
2009-03-16,-0.08151263462379789,0
2009-03-17,-0.08324083211442355,0
2009-03-18,-0.07472264721526865,0
2009-03-19,-0.08545648574949838,0
2009-03-20,-0.0851699502659961,0
2009-03-21,-0.08459622833525128,0
2009-03-22,-0.08740986728614854,0
2009-03-23,-0.07548969216843346,0
2009-03-24,-0.07228393061947279,0
2009-03-25,-0.08268464432637773,0
2009-03-26,-0.0863294650631125,0
2009-03-27,-0.08765340469483895,0
2009-03-28,-0.08682674409612971,0
2009-03-29,-0.08878529009909295,0
2009-03-30,-0.07762133083342931,0
2009-03-31,-0.08186692486390403,0
2009-04-01,-0.08008365487795824,0
2009-04-02,-0.08575106745805414,0
2009-04-03,-0.08476827448215365,0
2009-04-04,-0.08484540046846925,0
2009-04-05,-0.08786457504479164,0
2009-04-06,-0.08286724654631264,0
2009-04-07,-0.0885324934208112,0
2009-04-08,-0.08666474963265941,0
2009-04-09,-0.084946463283156,0
2009-04-10,-0.08305955168951618,0
2009-04-11,-0.08337802077625091,0
2009-04-12,-0.08955738706187089,0
2009-04-13,-0.07745323798025544,0
2009-04-14,-0.07174330242940055,0
2009-04-15,-0.07381233422387135,0
2009-04-16,-0.08377435878889275,0
2009-04-17,-0.08172763300036362,0
2009-04-18,-0.07908344881449382,0
2009-04-19,-0.08924758884184474,0
2009-04-20,-0.07896192724763341,0
2009-04-21,-0.07724306852115854,0
2009-04-22,-0.08539294315427548,0
2009-04-23,-0.08429175027950651,0
2009-04-24,-0.07887489988557528,0
2009-04-25,-0.08063233653517318,0
2009-04-26,-0.07441836170936131,0
2009-04-27,-0.07184777721957514,0
2009-04-28,-0.07609881379190282,0
2009-04-29,-0.08585567646181325,0
2009-04-30,-0.08053556321437318,0
2009-05-01,-0.08511353607978947,0
2009-05-02,-0.08855620134265335,0
2009-05-03,-0.08282882604794367,0
2009-05-04,-0.07619436359368045,0
2009-05-05,-0.08496179703371648,0
2009-05-06,-0.072101409291295,0
2009-05-07,-0.0844291678185262,0
2009-05-08,-0.07532534852151831,0
2009-05-09,-0.08014186612964533,0
2009-05-10,-0.08692595551160207,0
2009-05-11,-0.07035219018271643,0
2009-05-12,-0.08628532863862451,0
2009-05-13,-0.08346867180740884,0
2009-05-14,-0.08854569074776139,0
2009-05-15,-0.08089550744721588,0
2009-05-16,-0.08183705789415335,0
2009-05-17,-0.08662433361038424,0
2009-05-18,-0.08726238160861266,0
2009-05-19,-0.07839047058672795,0
2009-05-20,-0.08846760163733791,0
2009-05-21,-0.08871607883713666,0
2009-05-22,-0.07008992990410987,0
2009-05-23,-0.08498462825059666,0
2009-05-24,-0.08465469454746759,0
2009-05-25,-0.08570714881457017,0
2009-05-26,-0.08178736755598949,0
2009-05-27,-0.0841648352345884,0
2009-05-28,-0.0774400760194232,0
2009-05-29,-0.0867045032576816,0
2009-05-30,-0.07706579122034359,0
2009-05-31,-0.08788477742662597,0
2009-06-01,-0.07569250257191026,0
2009-06-02,-0.08694064632876485,0
2009-06-03,-0.0802889835872029,0
2009-06-04,-0.07773092203204984,0
2009-06-05,-0.08763630137379198,0
2009-06-06,-0.07728388429227763,0
2009-06-07,-0.08179392760226424,0
2009-06-08,-0.08637939470015424,0
2009-06-09,-0.08933219519573393,0
2009-06-10,-0.08105558218900356,0
2009-06-11,-0.08378298746063385,0
2009-06-12,-0.07881297347618736,0
2009-06-13,-0.08672135388008921,0
2009-06-14,-0.0881481210247376,0
2009-06-15,-0.08113969785835799,0
2009-06-16,-0.07112245823935605,0
2009-06-17,-0.07555987942690547,0
2009-06-18,-0.08034001324906873,0
2009-06-19,-0.07587903240656453,0
2009-06-20,-0.07864387640370235,0
2009-06-21,-0.08828222512466144,0
2009-06-22,-0.08828199610517218,0
2009-06-23,-0.08873636392745801,0
2009-06-24,-0.07442104148312066,0
2009-06-25,-0.07851358579437197,0
2009-06-26,-0.08400444083948727,0
2009-06-27,-0.07940660884431515,0
2009-06-28,-0.08745864092261511,0
2009-06-29,-0.07878371887483034,0
2009-06-30,-0.07488001227983107,0
2009-07-01,-0.0821223540985653,0
2009-07-02,-0.07969323831733492,0
2009-07-03,-0.08092239480887874,0
2009-07-04,-0.08042522487741904,0
2009-07-05,-0.08367119298601619,0
2009-07-06,-0.08463346077898741,0
2009-07-07,-0.08635187723627975,0
2009-07-08,-0.07976745129549934,0
2009-07-09,-0.0830347970933029,0
2009-07-10,-0.07134381886059529,0
2009-07-11,-0.0763289361086904,0
2009-07-12,-0.08425115443823905,0
2009-07-13,-0.08752030557397003,0
2009-07-14,-0.08528830272757808,0
2009-07-15,-0.07269493871765582,0
2009-07-16,-0.07572677895035287,0
2009-07-17,-0.0803454227246717,0
2009-07-18,-0.08813805641201611,0
2009-07-19,-0.08448786626597354,0
2009-07-20,-0.08709929265275795,0
2009-07-21,-0.07895297942107095,0
2009-07-22,-0.0883922904374525,0
2009-07-23,-0.08459892064440042,0
2009-07-24,-0.08017057833194427,0
2009-07-25,-0.08938593248356742,0
2009-07-26,-0.08430491310167687,0
2009-07-27,-0.08425312261089363,0
2009-07-28,-0.07714688447737926,0
2009-07-29,-0.0784945518181252,0
2009-07-30,-0.0846283615733228,0
2009-07-31,-0.08704120368048301,0
2009-08-01,-0.07789474381028315,0
2009-08-02,-0.08684666812023435,0
2009-08-03,-0.08535071311192911,0
2009-08-04,-0.0852909695791838,0
2009-08-05,-0.07784581735128016,0
2009-08-06,-0.08886758484212973,0
2009-08-07,-0.07957194510698105,0
2009-08-08,-0.08224083250916443,0
2009-08-09,-0.07701289826248599,0
2009-08-10,-0.08042623521869378,0
2009-08-11,-0.07814000764751636,0
2009-08-12,-0.07419811453502503,0
2009-08-13,-0.0891941071374816,0
2009-08-14,-0.07533930205119214,0
2009-08-15,-0.08906786090214461,0
2009-08-16,-0.08919092533215393,0
2009-08-17,-0.08819963339709332,0
2009-08-18,-0.08216084750800598,0
2009-08-19,-0.07123572634626912,0
2009-08-20,-0.08952303876651974,0
2009-08-21,-0.08683159564883865,0
2009-08-22,-0.0838442417783889,0
2009-08-23,-0.07886890062327155,0
2009-08-24,-0.07722841522540108,0
2009-08-25,-0.07782963497955028,0
2009-08-26,-0.08090821299966962,0
2009-08-27,-0.07833254477253379,0
2009-08-28,-0.077715509537799,0
2009-08-29,-0.07961031766069064,0
2009-08-30,-0.08616648481974473,0
2009-08-31,-0.07953856473679287,0
2009-09-01,-0.08890333577471028,0
2009-09-02,-0.07918694163527498,0
2009-09-03,-0.08555509566532787,0
2009-09-04,-0.07931528053750597,0
2009-09-05,-0.08470978180641021,0
2009-09-06,-0.08790078205122331,0
2009-09-07,-0.08580358351444721,0
2009-09-08,-0.07655308704247021,0
2009-09-09,-0.0756312921614563,0
2009-09-10,-0.08472233466999884,0
2009-09-11,-0.08761176294149955,0
2009-09-12,-0.08822463756752642,0
2009-09-13,-0.08454677030606186,0
2009-09-14,-0.08614262601075749,0
2009-09-15,-0.08585234179267219,0
2009-09-16,-0.0716577888034627,0
2009-09-17,-0.08747327062813325,0
2009-09-18,-0.08518641424030196,0
2009-09-19,-0.08587895854571688,0
2009-09-20,-0.0844744175758583,0
2009-09-21,-0.08730083351696372,0
2009-09-22,-0.0725421479030868,0
2009-09-23,-0.08139321313870679,0
2009-09-24,-0.08786216525535098,0
2009-09-25,-0.07147224784833461,0
2009-09-26,-0.08604516556644842,0
2009-09-27,-0.08372658849719423,0
2009-09-28,-0.07646095745563981,0
2009-09-29,-0.07891709548577866,0
2009-09-30,-0.08832614732973013,0
2009-10-01,-0.08079446116206698,0
2009-10-02,-0.08807574957594988,0
2009-10-03,-0.08455520783044237,0
2009-10-04,-0.07251294343243239,0
2009-10-05,-0.08470806622936902,0
2009-10-06,-0.08614853719628063,0
2009-10-07,-0.08269941615992045,0
2009-10-08,-0.08441367998199094,0
2009-10-09,-0.07834901512029412,0
2009-10-10,-0.08884283988912556,0
2009-10-11,-0.08160256318722882,0
2009-10-12,-0.08440746712981329,0
2009-10-13,-0.07682683914658543,0
2009-10-14,-0.08856553071178545,0
2009-10-15,-0.07447703916466504,0
2009-10-16,-0.0806941579488359,0
2009-10-17,-0.07337563301067918,0
2009-10-18,-0.0798567727383699,0
2009-10-19,-0.08147455331715027,0
2009-10-20,-0.08530319739620151,0
2009-10-21,-0.08450856120433488,0
2009-10-22,-0.08446107633044532,0
2009-10-23,-0.07942590218816128,0
2009-10-24,-0.08603285418895819,0
2009-10-25,-0.0843419650157408,0
2009-10-26,-0.0852870315798013,0
2009-10-27,-0.084639451967962,0
2009-10-28,-0.08693204527234046,0
2009-10-29,-0.07780058622223056,0
2009-10-30,-0.08861486233748934,0
2009-10-31,-0.07772289522431304,0
2009-11-01,-0.07855143775325861,0
2009-11-02,-0.08385552123534722,0
2009-11-03,-0.08901905231424719,0
2009-11-04,-0.07642542780430868,0
2009-11-05,-0.08678602861431653,0
2009-11-06,-0.08550185138358463,0
2009-11-07,-0.08895988837396243,0
2009-11-08,-0.08792796309837814,0
2009-11-09,-0.08521111822827378,0
2009-11-10,-0.07784425482917424,0
2009-11-11,-0.07230612031733091,0
2009-11-12,-0.08380538759568638,0
2009-11-13,-0.08330697025866034,0
2009-11-14,-0.0841084646222231,0
2009-11-15,-0.08551637282129537,0
2009-11-16,-0.08324347535522024,0
2009-11-17,-0.08231801183022093,0
2009-11-18,-0.08192383104458066,0
2009-11-19,-0.07846153697618023,0
2009-11-20,-0.07271351385707689,0
2009-11-21,-0.07750382361204887,0
2009-11-22,-0.08096641517085053,0
2009-11-23,-0.08583873492849609,0
2009-11-24,-0.0762437115195786,0
2009-11-25,-0.07714641723600009,0
2009-11-26,-0.08428479444153517,0
2009-11-27,-0.08787600574034696,0
2009-11-28,-0.07881903157019955,0
2009-11-29,-0.07817584324062266,0
2009-11-30,-0.07833784108321373,0
2009-12-01,-0.0768646510185256,0
2009-12-02,-0.08190519289713095,0
2009-12-03,-0.08928970036932825,0
2009-12-04,-0.07820130783679019,0
2009-12-05,-0.07776867868395203,0
2009-12-06,-0.07962605945814284,0
2009-12-07,-0.08128087185912436,0
2009-12-08,-0.0819253133768509,0
2009-12-09,-0.08388218750969025,0
2009-12-10,-0.07791279908518436,0
2009-12-11,-0.07921035055191683,0
2009-12-12,-0.07765657349118461,0
2009-12-13,-0.08408105434063576,0
2009-12-14,-0.06488616121798163,0
2009-12-15,-0.08820339855671115,0
2009-12-16,-0.07816213859434183,0
2009-12-17,-0.0871424726131944,0
2009-12-18,-0.08579027269456851,0
2009-12-19,-0.07367166778917998,0
2009-12-20,-0.07896766738427073,0
2009-12-21,-0.08454332485841538,0
2009-12-22,-0.08266283666462435,0
2009-12-23,-0.07532086109590948,0
2009-12-24,-0.08112214786776126,0
2009-12-25,-0.08084506503896892,0
2009-12-26,-0.08572406813794517,0
2009-12-27,-0.08269985021561449,0
2009-12-28,-0.08272974017563231,0
2009-12-29,-0.08857334001042759,0
2009-12-30,-0.08862099836739273,0
2009-12-31,-0.07932000727366233,0
2010-01-01,-0.08672878876230224,0
2010-01-02,-0.08507931397871789,0
2010-01-03,-0.08172060002322513,0
2010-01-04,-0.08816390998153237,0
2010-01-05,-0.08475585131642702,0
2010-01-06,-0.08745671403045963,0
2010-01-07,-0.08564967816979152,0
2010-01-08,-0.08716179260642073,0
2010-01-09,-0.08652561848874242,0
2010-01-10,-0.07268407985219862,0
2010-01-11,-0.07434807504221186,0
2010-01-12,-0.08142275191412658,0
2010-01-13,-0.0858558514644394,0
2010-01-14,-0.0820523797913843,0
2010-01-15,-0.08491714318532774,0
2010-01-16,-0.0754515410699177,0
2010-01-17,-0.0742585491843173,0
2010-01-18,-0.08171356211607195,0
2010-01-19,-0.08737104197339784,0
2010-01-20,-0.0861319295331627,0
2010-01-21,-0.07629635848419873,0
2010-01-22,-0.07861966304457751,0
2010-01-23,-0.0695925514363983,0
2010-01-24,-0.07649284947007386,0
2010-01-25,-0.07783405059622156,0
2010-01-26,-0.07839243074827934,0
2010-01-27,-0.0749732838799599,0
2010-01-28,-0.07008315100463351,0
2010-01-29,-0.08934240843556614,0
2010-01-30,-0.08899428605425391,0
2010-01-31,-0.08819967098832249,0
2010-02-01,-0.07658903911959895,0
2010-02-02,-0.08679713125149473,0
2010-02-03,-0.08181597701622437,0
2010-02-04,-0.07638537913254212,0
2010-02-05,-0.07503830313392403,0
2010-02-06,-0.07032589941182,0
2010-02-07,-0.08698829832785003,0
2010-02-08,-0.0853269983054168,0
2010-02-09,-0.08759714884327732,0
2010-02-10,-0.07499991523071642,0
2010-02-11,-0.0832409901471807,0
2010-02-12,-0.08216033665042966,0
2010-02-13,-0.07715463819108316,0
2010-02-14,-0.08587065220889206,0
2010-02-15,-0.0827679278163359,0
2010-02-16,-0.07677040678631085,0
2010-02-17,-0.08146189754282461,0
2010-02-18,-0.07524405834885542,0
2010-02-19,-0.08540845155832823,0
2010-02-20,-0.08337516938925417,0
2010-02-21,-0.07389113750950145,0
2010-02-22,-0.07808483689799564,0
2010-02-23,-0.08001973825939084,0
2010-02-24,-0.08487076523200526,0
2010-02-25,-0.08725910889718068,0
2010-02-26,-0.0684589807805012,0
2010-02-27,-0.08507754029937221,0
2010-02-28,-0.08106072205142356,0
2010-03-01,-0.0738040556367908,0
2010-03-02,-0.0887190370241227,0
2010-03-03,-0.077373791772661,0
2010-03-04,-0.08029300724005278,0
2010-03-05,-0.07986450029776428,0
2010-03-06,-0.07504234687539375,0
2010-03-07,-0.08878705907892291,0
2010-03-08,-0.08616349975980458,0
2010-03-09,-0.08632669210103804,0
2010-03-10,-0.07352373490991314,0
2010-03-11,-0.0809599308986854,0
2010-03-12,-0.08681278891798365,0
2010-03-13,-0.08742422669257463,0
2010-03-14,-0.0775770802719768,0
2010-03-15,-0.0857385348437493,0
2010-03-16,-0.08612433999866992,0
2010-03-17,-0.08760143747693763,0
2010-03-18,-0.07943696771431044,0
2010-03-19,-0.0828532752286321,0
2010-03-20,-0.07725745759385556,0
2010-03-21,-0.07557986356994717,0
2010-03-22,-0.07883962297005143,0
2010-03-23,-0.08208852529225831,0
2010-03-24,-0.08210493334094618,0
2010-03-25,-0.08115571554422252,0
2010-03-26,-0.08779314572584711,0
2010-03-27,-0.08706177308577231,0
2010-03-28,-0.08317807285438307,0
2010-03-29,-0.08868088208747248,0
2010-03-30,-0.08685213879423566,0
2010-03-31,-0.07619317904266444,0
2010-04-01,-0.08234543214339198,0
2010-04-02,-0.08546775491702624,0
2010-04-03,-0.07816248160532016,0
2010-04-04,-0.07717401283195545,0
2010-04-05,-0.08339843238148473,0
2010-04-06,-0.07288247872486298,0
2010-04-07,-0.08148709188435935,0
2010-04-08,-0.08930494405469662,0
2010-04-09,-0.08546414440635544,0
2010-04-10,-0.07938544430180423,0
2010-04-11,-0.07682569313231825,0
2010-04-12,-0.08069127026861483,0
2010-04-13,-0.07308757894398292,0
2010-04-14,-0.08110731077474613,0
2010-04-15,-0.08285375604046043,0
2010-04-16,-0.08221053247167563,0
2010-04-17,-0.07934938625471949,0
2010-04-18,-0.087708459777148,0
2010-04-19,-0.08919683696255554,0
2010-04-20,-0.08144760583521021,0
2010-04-21,-0.07107203903465807,0
2010-04-22,-0.08340365337934032,0
2010-04-23,-0.07575931872249382,0
2010-04-24,-0.07952640306860062,0
2010-04-25,-0.07466295003455423,0
2010-04-26,-0.08478059241991326,0
2010-04-27,-0.07290315170290529,0
2010-04-28,-0.08302442397635754,0
2010-04-29,-0.08406791378816973,0
2010-04-30,-0.08684646093449583,0
2010-05-01,-0.0791083130783217,0
2010-05-02,-0.0782901605709271,0
2010-05-03,-0.08344515688654054,0
2010-05-04,-0.08790630863764068,0
2010-05-05,-0.07498693041634878,0
2010-05-06,-0.08294688314275277,0
2010-05-07,-0.08301798045767972,0
2010-05-08,-0.08776952299244058,0
2010-05-09,-0.07890331703695477,0
2010-05-10,-0.08489516457200022,0
2010-05-11,-0.08424470669760908,0
2010-05-12,-0.08324831882368157,0
2010-05-13,-0.08190606054533194,0
2010-05-14,-0.07496804413823134,0
2010-05-15,-0.08308758132132688,0
2010-05-16,-0.0755759985019734,0
2010-05-17,-0.08726310664918775,0
2010-05-18,-0.07692503703003008,0
2010-05-19,-0.08108516050611447,0
2010-05-20,-0.07422225400170876,0
2010-05-21,-0.08284389577855739,0
2010-05-22,-0.08340205772792246,0
2010-05-23,-0.08073871312022915,0
2010-05-24,-0.07120980699079582,0
2010-05-25,-0.07617647573413397,0
2010-05-26,-0.08935913724510437,0
2010-05-27,-0.07051402293432313,0
2010-05-28,-0.08698830741487104,0
2010-05-29,-0.07940449592140078,0
2010-05-30,-0.08638983111735055,0
2010-05-31,-0.08820148442478126,0
2010-06-01,-0.08205729807392415,0
2010-06-02,-0.08432856837716357,0
2010-06-03,-0.08117695382380982,0
2010-06-04,-0.07138560097430013,0
2010-06-05,-0.07446048838109681,0
2010-06-06,-0.08309160289030407,0
2010-06-07,-0.0869647026079423,0
2010-06-08,-0.08084099628737854,0
2010-06-09,-0.0750739709207278,0
2010-06-10,-0.08391917175293562,0
2010-06-11,-0.07744095522352296,0
2010-06-12,-0.0850027703783349,0
2010-06-13,-0.07687728756311936,0
2010-06-14,-0.07134491730967905,0
2010-06-15,-0.07956901131108601,0
2010-06-16,-0.08104827954334246,0
2010-06-17,-0.06985692870275856,0
2010-06-18,-0.08665766189336667,0
2010-06-19,-0.07878362087319869,0
2010-06-20,-0.08013239789483181,0
2010-06-21,-0.0851623741251563,0
2010-06-22,-0.0763452019707624,0
2010-06-23,-0.07765046061857864,0
2010-06-24,-0.08588256098899355,0
2010-06-25,-0.08878542603106157,0
2010-06-26,-0.07255842715096765,0
2010-06-27,-0.08146287290892568,0
2010-06-28,-0.07675920005981121,0
2010-06-29,-0.08081020559115348,0
2010-06-30,-0.07839488439253518,0
2010-07-01,-0.08596820480433918,0
2010-07-02,-0.08137056980459324,0
2010-07-03,-0.08736103627676686,0
2010-07-04,-0.08145548315906515,0
2010-07-05,-0.0844182820941104,0
2010-07-06,-0.07975007463966174,0
2010-07-07,-0.08828688172604293,0
2010-07-08,-0.08570580323503885,0
2010-07-09,-0.08700742871898627,0
2010-07-10,-0.08142284665437813,0
2010-07-11,-0.08944108894617925,0
2010-07-12,-0.07166053756287906,0
2010-07-13,-0.07430313722806962,0
2010-07-14,-0.07766603461077437,0
2010-07-15,-0.08448694111391913,0
2010-07-16,-0.08350375192430551,0
2010-07-17,-0.07656467114209431,0
2010-07-18,-0.08664619121474604,0
2010-07-19,-0.08741781690383248,0
2010-07-20,-0.08861397871967076,0
2010-07-21,-0.08738763780832785,0
2010-07-22,-0.08001296755946936,0
2010-07-23,-0.07314665321030438,0
2010-07-24,-0.08019723850887273,0
2010-07-25,-0.08496827231488221,0
2010-07-26,-0.0890703442620809,0
2010-07-27,-0.08409858300612237,0
2010-07-28,-0.07232576796564569,0
2010-07-29,-0.08679919193587049,0
2010-07-30,-0.08201317793354031,0
2010-07-31,-0.08657406830117008,0
2010-08-01,-0.07364192856994689,0
2010-08-02,-0.08540109668803726,0
2010-08-03,-0.08062066402254553,0
2010-08-04,-0.08850588961096383,0
2010-08-05,-0.0708234799043316,0
2010-08-06,-0.07885664542143435,0
2010-08-07,-0.08747831491971307,0
2010-08-08,-0.08853421334493088,0
2010-08-09,-0.07508310065136335,0
2010-08-10,-0.0806567752167545,0
2010-08-11,-0.08333312769560641,0
2010-08-12,-0.07373754758543494,0
2010-08-13,-0.07819543993064904,0
2010-08-14,-0.07344354629751551,0
2010-08-15,-0.07898399997374254,0
2010-08-16,-0.08847683875500612,0
2010-08-17,-0.08113043975018588,0
2010-08-18,-0.07533968921116305,0
2010-08-19,-0.07841281467549135,0
2010-08-20,-0.08594884966463584,0
2010-08-21,-0.08141602152221032,0
2010-08-22,-0.08749598576359624,0
2010-08-23,-0.08070642883251525,0
2010-08-24,-0.08758708971631729,0
2010-08-25,-0.08662776716384123,0
2010-08-26,-0.08377903574178533,0
2010-08-27,-0.08031624462453463,0
2010-08-28,-0.08589241587948929,0
2010-08-29,-0.07582883747172861,0
2010-08-30,-0.08240534185373753,0
2010-08-31,-0.08067508618054994,0
2010-09-01,-0.07477181085825234,0
2010-09-02,-0.07292150730872517,0
2010-09-03,-0.08070154719214621,0
2010-09-04,-0.08455168706598695,0
2010-09-05,-0.06900506752835742,0
2010-09-06,-0.0769517734305271,0
2010-09-07,-0.0756943483661849,0
2010-09-08,-0.08341107479096618,0
2010-09-09,-0.08700259651540734,0
2010-09-10,-0.08696311590197515,0
2010-09-11,-0.07192606118288256,0
2010-09-12,-0.07046180371954884,0
2010-09-13,-0.08401552050783802,0
2010-09-14,-0.07506550566321356,0
2010-09-15,-0.07803889611009125,0
2010-09-16,-0.07417806509124658,0
2010-09-17,-0.08532013602681204,0
2010-09-18,-0.08047703981460702,0
2010-09-19,-0.08892071963622585,0
2010-09-20,-0.08702395527274319,0
2010-09-21,-0.0805941779307408,0
2010-09-22,-0.08009390435438699,0
2010-09-23,-0.08548170086771695,0
2010-09-24,-0.08294301485494503,0
2010-09-25,-0.08159886958957234,0
2010-09-26,-0.0779339684148292,0
2010-09-27,-0.08869722804886618,0
2010-09-28,-0.0858422851700528,0
2010-09-29,-0.0838187686237854,0
2010-09-30,-0.0738945874944004,0
2010-10-01,-0.08717367203714879,0
2010-10-02,-0.0743582694549561,0
2010-10-03,-0.08040562665558121,0
2010-10-04,-0.08007228012927915,0
2010-10-05,-0.08496467012837891,0
2010-10-06,-0.07790065135518712,0
2010-10-07,-0.07794996189081438,0
2010-10-08,-0.08911088107896929,0
2010-10-09,-0.07011320235729251,0
2010-10-10,-0.07121199394559252,0
2010-10-11,-0.0867838544927286,0
2010-10-12,-0.078981738883038,0
2010-10-13,-0.08888477489322984,0
2010-10-14,-0.08195900310154484,0
2010-10-15,-0.08357762941069391,0
2010-10-16,-0.0733588458525524,0
2010-10-17,-0.07912898094406953,0
2010-10-18,-0.07675513586805055,0
2010-10-19,-0.08341240780620175,0
2010-10-20,-0.0783971767896399,0
2010-10-21,-0.0800423228988981,0
2010-10-22,-0.07374403031290248,0
2010-10-23,-0.07715948822263517,0
2010-10-24,-0.07177597324930031,0
2010-10-25,-0.08602419554980645,0
2010-10-26,-0.08431317404206629,0
2010-10-27,-0.07457892825654505,0
2010-10-28,-0.08068422727373963,0
2010-10-29,-0.08555013939662481,0
2010-10-30,-0.07855095594434269,0
2010-10-31,-0.07749535940597087,0
2010-11-01,-0.07340647126068024,0
2010-11-02,-0.08060258943611735,0
2010-11-03,-0.0810451117086233,0
2010-11-04,-0.07837690590275762,0
2010-11-05,-0.0729350583768216,0
2010-11-06,-0.07381478099971851,0
2010-11-07,-0.0826176431141294,0
2010-11-08,-0.08522023786639744,0
2010-11-09,-0.08948271503414991,0
2010-11-10,-0.08816445442482401,0
2010-11-11,-0.08314802917131528,0
2010-11-12,-0.08152066867679514,0
2010-11-13,-0.08709973137953839,0
2010-11-14,-0.07929070882371686,0
2010-11-15,-0.07739463638467323,0
2010-11-16,-0.08645137574127269,0
2010-11-17,-0.08922444827953042,0
2010-11-18,-0.07771229269349397,0
2010-11-19,-0.08735818229474838,0
2010-11-20,-0.07674487052416809,0
2010-11-21,-0.08239580161311348,0
2010-11-22,-0.07030527663517562,0
2010-11-23,-0.08953131331394767,0
2010-11-24,-0.07480968270398142,0
2010-11-25,-0.07972369232737316,0
2010-11-26,-0.08118729986916727,0
2010-11-27,-0.08163858734320963,0
2010-11-28,-0.0744742901844576,0
2010-11-29,-0.0824113429651037,0
2010-11-30,-0.0721156471746501,0
2010-12-01,-0.07661506171346831,0
2010-12-02,-0.08864114458007717,0
2010-12-03,-0.08711843493639977,0
2010-12-04,-0.08504148188208269,0
2010-12-05,-0.07472878094058184,0
2010-12-06,-0.07842586097673528,0
2010-12-07,-0.08663102345655092,0
2010-12-08,-0.08521929088009106,0
2010-12-09,-0.08323125655262247,0
2010-12-10,-0.08818073787993658,0
2010-12-11,-0.07422397521734528,0
2010-12-12,-0.0773977396529755,0
2010-12-13,-0.08216239522285285,0
2010-12-14,-0.07999116567049978,0
2010-12-15,-0.07978925243131091,0
2010-12-16,-0.082857335615185,0
2010-12-17,-0.0883922164872036,0
2010-12-18,-0.07721999192915935,0
2010-12-19,-0.08135797633614658,0
2010-12-20,-0.08576017736425498,0
2010-12-21,-0.08026806020204141,0
2010-12-22,-0.06719108956958895,0
2010-12-23,-0.07398300325152382,0
2010-12-24,-0.053050420812490076,0
2010-12-25,-0.05755311811462098,0
2010-12-26,-0.06707110871574133,0
2010-12-27,-0.04098996801589435,0
2010-12-28,-0.07693875035444413,0
2010-12-29,-0.0848838578743598,0
2010-12-30,-0.08661652953243289,0
2010-12-31,-0.08235523850183907,0
2011-01-01,-0.08914995910152726,0
2011-01-02,-0.07617973085825093,0
2011-01-03,-0.08831217104021451,0
2011-01-04,-0.0886403263445131,0
2011-01-05,-0.0837284870532109,0
2011-01-06,-0.07915140635902652,0
2011-01-07,-0.0861048177687868,0
2011-01-08,-0.07956589922618622,0
2011-01-09,-0.0728226543290957,0
2011-01-10,-0.08763144455161989,0
2011-01-11,-0.07550236489244386,0
2011-01-12,-0.07976393813241509,0
2011-01-13,-0.08461384295584917,0
2011-01-14,-0.08153738843652635,0
2011-01-15,-0.08726462673817875,0
2011-01-16,-0.08592841202540485,0
2011-01-17,-0.07306515675167614,0
2011-01-18,-0.0868044942490572,0
2011-01-19,-0.08066744949561935,0
2011-01-20,-0.08050285429455051,0
2011-01-21,-0.0744619203527551,0
2011-01-22,-0.0874925893119545,0
2011-01-23,-0.0786792721429746,0
2011-01-24,-0.0778199347121028,0
2011-01-25,-0.08582078173898242,0
2011-01-26,-0.08718352569171298,0
2011-01-27,-0.07768865117348502,0
2011-01-28,-0.08748029301205651,0
2011-01-29,-0.07876612215852218,0
2011-01-30,-0.08420904738348257,0
2011-01-31,-0.08218850184666181,0
2011-02-01,-0.0854833386216567,0
2011-02-02,-0.08432923053510584,0
2011-02-03,-0.08286277566793405,0
2011-02-04,-0.08072994218496286,0
2011-02-05,-0.08032196978608758,0
2011-02-06,-0.0805313329189997,0
2011-02-07,-0.08783965210502302,0
2011-02-08,-0.08463237528415395,0
2011-02-09,-0.07280972418188159,0
2011-02-10,-0.08085256581038862,0
2011-02-11,-0.08042476083233832,0
2011-02-12,-0.07240451984783315,0
2011-02-13,-0.08483696113162217,0
2011-02-14,-0.08101325558241976,0
2011-02-15,-0.08667807125987007,0
2011-02-16,-0.0757465680937757,0
2011-02-17,-0.07602570343247672,0
2011-02-18,-0.08575663910969598,0
2011-02-19,-0.08851242755372354,0
2011-02-20,-0.08736419921874565,0
2011-02-21,-0.07330982373080895,0
2011-02-22,-0.08644705933002757,0
2011-02-23,-0.07735858898011634,0
2011-02-24,-0.08412728884526051,0
2011-02-25,-0.07762573400034377,0
2011-02-26,-0.08901947794855265,0
2011-02-27,-0.08287008540132884,0
2011-02-28,-0.07782090128799128,0
2011-03-01,-0.08650730841285277,0
2011-03-02,-0.07976043796989736,0
2011-03-03,-0.08259372715557867,0
2011-03-04,-0.07340703838831056,0
2011-03-05,-0.07812859084081625,0
2011-03-06,-0.07209353288792707,0
2011-03-07,-0.08936377745784212,0
2011-03-08,-0.08008294413985002,0
2011-03-09,-0.08321839180043057,0
2011-03-10,-0.08347973826624815,0
2011-03-11,-0.07209316196962641,0
2011-03-12,-0.07977369721290138,0
2011-03-13,-0.08182038795158648,0
2011-03-14,-0.08913656187351772,0
2011-03-15,-0.08667285909883796,0
2011-03-16,-0.07306292293569609,0
2011-03-17,-0.08020232973001386,0
2011-03-18,-0.08740340532236289,0
2011-03-19,-0.07548627336243131,0
2011-03-20,-0.08258910471261464,0
2011-03-21,-0.08576479541375552,0
2011-03-22,-0.07547994174569946,0
2011-03-23,-0.08844376698337829,0
2011-03-24,-0.08007653916362889,0
2011-03-25,-0.08827384930548672,0
2011-03-26,-0.07555383554939639,0
2011-03-27,-0.08489402793558763,0
2011-03-28,-0.083451353645767,0
2011-03-29,-0.08363523847346963,0
2011-03-30,-0.08873331466891593,0
2011-03-31,-0.08122163571764161,0
2011-04-01,-0.0851197184940131,0
2011-04-02,-0.0838099541859959,0
2011-04-03,-0.07617719247342133,0
2011-04-04,-0.07793724339754791,0
2011-04-05,-0.08787946345793797,0
2011-04-06,-0.0789185088776183,0
2011-04-07,-0.08678267227483799,0
2011-04-08,-0.07074395781905707,0
2011-04-09,-0.08610454104522812,0
2011-04-10,-0.08423696028609419,0
2011-04-11,-0.07926392901601126,0
2011-04-12,-0.08580947283325618,0
2011-04-13,-0.08357139066316603,0
2011-04-14,-0.07140451242695901,0
2011-04-15,-0.08700015562428842,0
2011-04-16,-0.07055472868136449,0
2011-04-17,-0.07959033352315374,0
2011-04-18,-0.07571431529303649,0
2011-04-19,-0.08618381096704537,0
2011-04-20,-0.08692872238596866,0
2011-04-21,-0.08763688629506013,0
2011-04-22,-0.08614172145154043,0
2011-04-23,-0.0791791120344439,0
2011-04-24,-0.07053829073944565,0
2011-04-25,-0.07529001337090575,0
2011-04-26,-0.08620850639570317,0
2011-04-27,-0.08245858552459286,0
2011-04-28,-0.08440566633877518,0
2011-04-29,-0.08695061427494763,0
2011-04-30,-0.08899810481426255,0
2011-05-01,-0.08400702076180373,0
2011-05-02,-0.08499386228993747,0
2011-05-03,-0.08520178752560446,0
2011-05-04,-0.08046919978673663,0
2011-05-05,-0.08340722551142797,0
2011-05-06,-0.08660865977655334,0
2011-05-07,-0.08183073930599365,0
2011-05-08,-0.087569151642426,0
2011-05-09,-0.0822074924819946,0
2011-05-10,-0.07547669224213774,0
2011-05-11,-0.08284864899693625,0
2011-05-12,-0.07400932893520559,0
2011-05-13,-0.08209909805710036,0
2011-05-14,-0.088317212003183,0
2011-05-15,-0.08624485824626593,0
2011-05-16,-0.07653381579875601,0
2011-05-17,-0.08659646561091522,0
2011-05-18,-0.07624356411163623,0
2011-05-19,-0.08502242482370516,0
2011-05-20,-0.07989384804601768,0
2011-05-21,-0.08099051878576218,0
2011-05-22,-0.08448621354875516,0
2011-05-23,-0.08916801309040158,0
2011-05-24,-0.08472536642350885,0
2011-05-25,-0.08826072243838591,0
2011-05-26,-0.0845600246608097,0
2011-05-27,-0.07724056864207789,0
2011-05-28,-0.08903034509804574,0
2011-05-29,-0.07672281670379469,0
2011-05-30,-0.07198736310568658,0
2011-05-31,-0.07293428498284919,0
2011-06-01,-0.08592294891164609,0
2011-06-02,-0.08323662557265453,0
2011-06-03,-0.08746562058857289,0
2011-06-04,-0.08656860874472813,0
2011-06-05,-0.07942628793712868,0
2011-06-06,-0.0788073023767577,0
2011-06-07,-0.08626303399424422,0
2011-06-08,-0.08602186925853365,0
2011-06-09,-0.08542384950302678,0
2011-06-10,-0.07840152181678983,0
2011-06-11,-0.07042364153047137,0
2011-06-12,-0.07785633578518751,0
2011-06-13,-0.08582429448011836,0
2011-06-14,-0.0847601685237574,0
2011-06-15,-0.08625718914450206,0
2011-06-16,-0.0832697586782058,0
2011-06-17,-0.08886820032071677,0
2011-06-18,-0.07593141779556892,0
2011-06-19,-0.08639767331254171,0
2011-06-20,-0.08587299986433022,0
2011-06-21,-0.0812287515896428,0
2011-06-22,-0.07178211567237879,0
2011-06-23,-0.08930477315976133,0
2011-06-24,-0.07720469116937376,0
2011-06-25,-0.07893771143449513,0
2011-06-26,-0.08125491509128453,0
2011-06-27,-0.0759680060092291,0
2011-06-28,-0.08076708260305922,0
2011-06-29,-0.080380551011605,0
2011-06-30,-0.08550331809634848,0
2011-07-01,-0.06959606971672283,0
2011-07-02,-0.08656599157953355,0
2011-07-03,-0.07905536251524282,0
2011-07-04,-0.0853761142246708,0
2011-07-05,-0.07914037035722207,0
2011-07-06,-0.07656138129017236,0
2011-07-07,-0.07549467242449444,0
2011-07-08,-0.08817319805118226,0
2011-07-09,-0.08670599034040422,0
2011-07-10,-0.0891389739745011,0
2011-07-11,-0.08357793456162177,0
2011-07-12,-0.0816156923147329,0
2011-07-13,-0.08839595280892061,0
2011-07-14,-0.08463249545676554,0
2011-07-15,-0.07706832747409278,0
2011-07-16,-0.08391748729606384,0
2011-07-17,-0.08216237582957193,0
2011-07-18,-0.0835773738048532,0
2011-07-19,-0.08732788728685363,0
2011-07-20,-0.07962224166470089,0
2011-07-21,-0.08838838192926558,0
2011-07-22,-0.08475822020422052,0
2011-07-23,-0.0741176939134633,0
2011-07-24,-0.08118677299851405,0
2011-07-25,-0.07525430882353458,0
2011-07-26,-0.08631937779757619,0
2011-07-27,-0.08216003195369959,0
2011-07-28,-0.07745852515643255,0
2011-07-29,-0.08207625197059401,0
2011-07-30,-0.08538673853038631,0
2011-07-31,-0.07932258966555353,0
2011-08-01,-0.08066791105835248,0
2011-08-02,-0.08561307544404875,0
2011-08-03,-0.08373568606219435,0
2011-08-04,-0.08916903448923381,0
2011-08-05,-0.08795851398645403,0
2011-08-06,-0.08531355644339855,0
2011-08-07,-0.08121402191083388,0
2011-08-08,-0.08962098013793507,0
2011-08-09,-0.0850435512521931,0
2011-08-10,-0.07393320574864083,0
2011-08-11,-0.08825949510487564,0
2011-08-12,-0.07508080994134106,0
2011-08-13,-0.07854857076249463,0
2011-08-14,-0.08828155879571058,0
2011-08-15,-0.07956365666214181,0
2011-08-16,-0.08569212732164191,0
2011-08-17,-0.08249897883252784,0
2011-08-18,-0.07430495319807413,0
2011-08-19,-0.08357455732589635,0
2011-08-20,-0.07610011120376764,0
2011-08-21,-0.08742393516276244,0
2011-08-22,-0.08516030175627097,0
2011-08-23,-0.08051202581399279,0
2011-08-24,-0.07426560361535996,0
2011-08-25,-0.07845835687666558,0
2011-08-26,-0.08257320906057623,0
2011-08-27,-0.08189862552431572,0
2011-08-28,-0.07374432997973641,0
2011-08-29,-0.0803897843256357,0
2011-08-30,-0.08139311578416718,0
2011-08-31,-0.07775707274336516,0
2011-09-01,-0.08582869371355452,0
2011-09-02,-0.08813998820714372,0
2011-09-03,-0.08289665606904793,0
2011-09-04,-0.08592999351178707,0
2011-09-05,-0.06908803696617484,0
2011-09-06,-0.08809536566153198,0
2011-09-07,-0.08552682798109817,0
2011-09-08,-0.0722426444240588,0
2011-09-09,-0.07732321591279005,0
2011-09-10,-0.07187071369634553,0
2011-09-11,-0.08447714703160047,0
2011-09-12,-0.08658719166046505,0
2011-09-13,-0.0792306300994658,0
2011-09-14,-0.07328863053352423,0
2011-09-15,-0.07601166155246487,0
2011-09-16,-0.07610525432184342,0
2011-09-17,-0.07786896671578467,0
2011-09-18,-0.08875674674371965,0
2011-09-19,-0.08802451954278831,0
2011-09-20,-0.07200667727654393,0
2011-09-21,-0.06897429057600592,0
2011-09-22,-0.07207537110315397,0
2011-09-23,-0.07870276995475431,0
2011-09-24,-0.06815161107898744,0
2011-09-25,-0.08214131427856165,0
2011-09-26,-0.08647926767655732,0
2011-09-27,-0.08773093507093008,0
2011-09-28,-0.0804503165475611,0
2011-09-29,-0.08934443477857199,0
2011-09-30,-0.07398088299809316,0
2011-10-01,-0.07795677417529956,0
2011-10-02,-0.08433300888666366,0
2011-10-03,-0.08660393321774139,0
2011-10-04,-0.08499648727529428,0
2011-10-05,-0.07542635987783676,0
2011-10-06,-0.07888375156208122,0
2011-10-07,-0.0742425989702876,0
2011-10-08,-0.0770987194125683,0
2011-10-09,-0.08694603110194991,0
2011-10-10,-0.07350773177367338,0
2011-10-11,-0.08850113206815446,0
2011-10-12,-0.08347210765904332,0
2011-10-13,-0.085171364786582,0
2011-10-14,-0.08209533310501936,0
2011-10-15,-0.0815652939991198,0
2011-10-16,-0.08068421955859954,0
2011-10-17,-0.08348674462252743,0
2011-10-18,-0.0768530158050724,0
2011-10-19,-0.07709922243311502,0
2011-10-20,-0.07773113443137226,0
2011-10-21,-0.08333107340406541,0
2011-10-22,-0.07726280884241075,0
2011-10-23,-0.07901976784672694,0
2011-10-24,-0.08799838632693427,0
2011-10-25,-0.0717829307024852,0
2011-10-26,-0.08105233188103773,0
2011-10-27,-0.08546829847580248,0
2011-10-28,-0.07980354151021748,0
2011-10-29,-0.0848918714639325,0
2011-10-30,-0.08904790453177412,0
2011-10-31,-0.08593632876579543,0
2011-11-01,-0.07801859699852717,0
2011-11-02,-0.0796156733756966,0
2011-11-03,-0.08783130973259903,0
2011-11-04,-0.08965008097731851,0
2011-11-05,-0.07031110132362313,0
2011-11-06,-0.07214036669586077,0
2011-11-07,-0.08277249770978605,0
2011-11-08,-0.07698709190885547,0
2011-11-09,-0.07309436474203994,0
2011-11-10,-0.07869851636030718,0
2011-11-11,-0.07881827716086105,0
2011-11-12,-0.07618225759541233,0
2011-11-13,-0.08699952044374912,0
2011-11-14,-0.08807088940632828,0
2011-11-15,-0.08471143676557019,0
2011-11-16,-0.08488602663111651,0
2011-11-17,-0.08646215551460118,0
2011-11-18,-0.08606379611695138,0
2011-11-19,-0.0885487789214894,0
2011-11-20,-0.08470058414201732,0
2011-11-21,-0.08359418056279923,0
2011-11-22,-0.08003066126130132,0
2011-11-23,-0.06712238558943254,0
2011-11-24,-0.08121330055211028,0
2011-11-25,-0.08514855315480789,0
2011-11-26,-0.0786312507356522,0
2011-11-27,-0.08882411450609586,0
2011-11-28,-0.08896586817803818,0
2011-11-29,-0.08318985542820354,0
2011-11-30,-0.07658849847338732,0
2011-12-01,-0.07680017160861756,0
2011-12-02,-0.08484495859261167,0
2011-12-03,-0.08240999202416215,0
2011-12-04,-0.08466016469788555,0
2011-12-05,-0.08906775611880768,0
2011-12-06,-0.08840515186970702,0
2011-12-07,-0.08449584585258467,0
2011-12-08,-0.08687733431235373,0
2011-12-09,-0.08183225422723844,0
2011-12-10,-0.08187860681545876,0
2011-12-11,-0.07051255546002881,0
2011-12-12,-0.08756789980246707,0
2011-12-13,-0.07486417854934416,0
2011-12-14,-0.08307021061854364,0
2011-12-15,-0.0875014503293569,0
2011-12-16,-0.08766450624781806,0
2011-12-17,-0.08904409170281605,0
2011-12-18,-0.07993619462510883,0
2011-12-19,-0.08520246778324204,0
2011-12-20,-0.08927762570071755,0
2011-12-21,-0.08761930785329161,0
2011-12-22,-0.08155069730008183,0
2011-12-23,-0.07524618824005637,0
2011-12-24,-0.08214220211789196,0
2011-12-25,-0.08156568176893024,0
2011-12-26,-0.0875942245674312,0
2011-12-27,-0.07284302440737649,0
2011-12-28,-0.08298439673379852,0
2011-12-29,-0.08538156684636988,0
2011-12-30,-0.07426138447700263,0
2011-12-31,-0.08578219321427744,0
2012-01-01,-0.0829041612520175,0
2012-01-02,-0.08300946690816018,0
2012-01-03,-0.08622630103193962,0
2012-01-04,-0.08492608930901863,0
2012-01-05,-0.0832956039218983,0
2012-01-06,-0.08688984936340081,0
2012-01-07,-0.08331117523316953,0
2012-01-08,-0.07614829054544422,0
2012-01-09,-0.08158713086720494,0
2012-01-10,-0.08144297256162229,0
2012-01-11,-0.08882661440836777,0
2012-01-12,-0.07714199708583189,0
2012-01-13,-0.07664606809659455,0
2012-01-14,-0.07430962207031142,0
2012-01-15,-0.0808247290653034,0
2012-01-16,-0.08465632164722789,0
2012-01-17,-0.0645551004290177,0
2012-01-18,-0.08822089634665956,0
2012-01-19,-0.08506703880019661,0
2012-01-20,-0.07993083598626534,0
2012-01-21,-0.08058473584956612,0
2012-01-22,-0.08753155177221014,0
2012-01-23,-0.07449698189503226,0
2012-01-24,-0.07539217912080803,0
2012-01-25,-0.08074939785199745,0
2012-01-26,-0.0845487978646598,0
2012-01-27,-0.0863592688138557,0
2012-01-28,-0.07882279757318393,0
2012-01-29,-0.08743142415141837,0
2012-01-30,-0.08082701454430295,0
2012-01-31,-0.06596889685997502,0
2012-02-01,-0.08690099701203015,0
2012-02-02,-0.07924540419791527,0
2012-02-03,-0.08188355700595716,0
2012-02-04,-0.08744454351331207,0
2012-02-05,-0.08098173889380783,0
2012-02-06,-0.07154913096389813,0
2012-02-07,-0.08865513269036496,0
2012-02-08,-0.0778757898574628,0
2012-02-09,-0.0868429431407917,0
2012-02-10,-0.08105274969812105,0
2012-02-11,-0.08473769457094496,0
2012-02-12,-0.07550100615392556,0
2012-02-13,-0.07311408159813024,0
2012-02-14,-0.08676107144096411,0
2012-02-15,-0.07758568047098696,0
2012-02-16,-0.07606510670015314,0
2012-02-17,-0.08672577939069397,0
2012-02-18,-0.07961051059899323,0
2012-02-19,-0.08861554060013785,0
2012-02-20,-0.08697987259530748,0
2012-02-21,-0.08419554803040942,0
2012-02-22,-0.0870070063230786,0
2012-02-23,-0.08173862071588374,0
2012-02-24,-0.0833051455274546,0
2012-02-25,-0.07202399756622434,0
2012-02-26,-0.07787498740908243,0
2012-02-27,-0.08549507466795137,0
2012-02-28,-0.0795363427537681,0
2012-02-29,-0.07346188165087122,0
2012-03-01,-0.0847411025476701,0
2012-03-02,-0.0843662493359224,0
2012-03-03,-0.08473410901661566,0
2012-03-04,-0.07911276588430304,0
2012-03-05,-0.08869148643675566,0
2012-03-06,-0.07985502922490903,0
2012-03-07,-0.08781844721556635,0
2012-03-08,-0.08893006766139258,0
2012-03-09,-0.0830714378867987,0
2012-03-10,-0.07670974724546423,0
2012-03-11,-0.08423084710043563,0
2012-03-12,-0.08734864887916832,0
2012-03-13,-0.0810878718940801,0
2012-03-14,-0.08446506732745543,0
2012-03-15,-0.08830585853167912,0
2012-03-16,-0.0695492377817607,0
2012-03-17,-0.08133183419945438,0
2012-03-18,-0.0784446443562613,0
2012-03-19,-0.07558110917280583,0
2012-03-20,-0.08055592303654249,0
2012-03-21,-0.08686158450722566,0
2012-03-22,-0.07191027732820333,0
2012-03-23,-0.08396680878677844,0
2012-03-24,-0.08043605258931912,0
2012-03-25,-0.0886052549075464,0
2012-03-26,-0.07852936136325467,0
2012-03-27,-0.07971780910187438,0
2012-03-28,-0.0832727430801031,0
2012-03-29,-0.08222748119633544,0
2012-03-30,-0.08269451972915255,0
2012-03-31,-0.0795488192479409,0
2012-04-01,-0.08084009598204547,0
2012-04-02,-0.08677598855195687,0
2012-04-03,-0.08870057660032593,0
2012-04-04,-0.08892883598115192,0
2012-04-05,-0.08200188923738239,0
2012-04-06,-0.07782922294134424,0
2012-04-07,-0.08337855430834927,0
2012-04-08,-0.07645866251862625,0
2012-04-09,-0.08904018647334523,0
2012-04-10,-0.08570728240463368,0
2012-04-11,-0.07199983528212693,0
2012-04-12,-0.08171582284799465,0
2012-04-13,-0.08013612875493113,0
2012-04-14,-0.07663035439029321,0
2012-04-15,-0.08140591781914289,0
2012-04-16,-0.07826808230570466,0
2012-04-17,-0.085652300799406,0
2012-04-18,-0.0834859991290935,0
2012-04-19,-0.08278997860539884,0
2012-04-20,-0.07732297426577796,0
2012-04-21,-0.08574979499810732,0
2012-04-22,-0.08556271285456915,0
2012-04-23,-0.07780033605750251,0
2012-04-24,-0.07521231676334093,0
2012-04-25,-0.07361550074887939,0
2012-04-26,-0.07503022499917222,0
2012-04-27,-0.08132259684722458,0
2012-04-28,-0.07381797287406577,0
2012-04-29,-0.07839680152496167,0
2012-04-30,-0.0873409590416878,0
2012-05-01,-0.08466068198857185,0
2012-05-02,-0.08276334387360863,0
2012-05-03,-0.08465256215662202,0
2012-05-04,-0.08536590021655707,0
2012-05-05,-0.07719823721739548,0
2012-05-06,-0.07622042220479695,0
2012-05-07,-0.08067179357646527,0
2012-05-08,-0.0746743624949697,0
2012-05-09,-0.08529839907272506,0
2012-05-10,-0.07863225496015604,0
2012-05-11,-0.07396840179579126,0
2012-05-12,-0.08396363900221819,0
2012-05-13,-0.08398030144096247,0
2012-05-14,-0.08432327581559536,0
2012-05-15,-0.0829282002154076,0
2012-05-16,-0.0796907188885094,0
2012-05-17,-0.08394325053514506,0
2012-05-18,-0.08366186711149548,0
2012-05-19,-0.08463584040974771,0
2012-05-20,-0.08122327160252418,0
2012-05-21,-0.0810356459105522,0
2012-05-22,-0.07857737396339788,0
2012-05-23,-0.07908610925864017,0
2012-05-24,-0.0770371150273479,0
2012-05-25,-0.08821533703612747,0
2012-05-26,-0.08530611211208339,0
2012-05-27,-0.07975813296141183,0
2012-05-28,-0.0888389357553675,0
2012-05-29,-0.08907212695959628,0
2012-05-30,-0.07334935655505888,0
2012-05-31,-0.0790113178262451,0
2012-06-01,-0.08359222972507001,0
2012-06-02,-0.08901352648271967,0
2012-06-03,-0.08497162331057809,0
2012-06-04,-0.08658670158648493,0
2012-06-05,-0.08462504499882782,0
2012-06-06,-0.08694579747493159,0
2012-06-07,-0.0818852419818288,0
2012-06-08,-0.0760482379052407,0
2012-06-09,-0.08810259743216388,0
2012-06-10,-0.08494325555810207,0
2012-06-11,-0.08855372383923522,0
2012-06-12,-0.08392599947352855,0
2012-06-13,-0.08623852820416139,0
2012-06-14,-0.08309629644624747,0
2012-06-15,-0.07611766581915827,0
2012-06-16,-0.08628409703106953,0
2012-06-17,-0.07514319454925995,0
2012-06-18,-0.08381289225587937,0
2012-06-19,-0.089141735762299,0
2012-06-20,-0.07817405065203814,0
2012-06-21,-0.07784034770964272,0
2012-06-22,-0.08153596063690802,0
2012-06-23,-0.08058471365261859,0
2012-06-24,-0.08451997913662931,0
2012-06-25,-0.08905170574145979,0
2012-06-26,-0.07302890612226935,0
2012-06-27,-0.07640688670732812,0
2012-06-28,-0.08136974432068977,0
2012-06-29,-0.07850778820122394,0
2012-06-30,-0.07033981763472703,0
2012-07-01,-0.07617664048214362,0
2012-07-02,-0.08760518624340793,0
2012-07-03,-0.07895719590628986,0
2012-07-04,-0.08826459316231033,0
2012-07-05,-0.08033117612203564,0
2012-07-06,-0.0729709880868594,0
2012-07-07,-0.08687579344852024,0
2012-07-08,-0.07381803941257851,0
2012-07-09,-0.07969433534561801,0
2012-07-10,-0.07808160500307773,0
2012-07-11,-0.08538536651027817,0
2012-07-12,-0.08402915634533203,0
2012-07-13,-0.07538643143073842,0
2012-07-14,-0.08425023939930218,0
2012-07-15,-0.07969892426916646,0
2012-07-16,-0.07821009952908702,0
2012-07-17,-0.07695524583557412,0
2012-07-18,-0.0887376546821633,0
2012-07-19,-0.0881389002702412,0
2012-07-20,-0.07015288956845776,0
2012-07-21,-0.0825496322270977,0
2012-07-22,-0.08309373920124158,0
2012-07-23,-0.06542455617508167,0
2012-07-24,-0.08113245265337854,0
2012-07-25,-0.08750102147332184,0
2012-07-26,-0.08704041341076243,0
2012-07-27,-0.08467379413032923,0
2012-07-28,-0.07752667800080737,0
2012-07-29,-0.06806185250420581,0
2012-07-30,-0.08273287969102178,0
2012-07-31,-0.08577532376317072,0
2012-08-01,-0.08109328931867006,0
2012-08-02,-0.07965146569167694,0
2012-08-03,-0.0851308067856213,0
2012-08-04,-0.08414817051182322,0
2012-08-05,-0.08248625627856124,0
2012-08-06,-0.08580724411904221,0
2012-08-07,-0.07822091001293625,0
2012-08-08,-0.08856154225235326,0
2012-08-09,-0.0827008423734176,0
2012-08-10,-0.08231214546634014,0
2012-08-11,-0.07274755381037178,0
2012-08-12,-0.08313250462086386,0
2012-08-13,-0.07622617997680015,0
2012-08-14,-0.08106483974065913,0
2012-08-15,-0.08642094544009647,0
2012-08-16,-0.08010072613564574,0
2012-08-17,-0.07874684137015825,0
2012-08-18,-0.0769759090846505,0
2012-08-19,-0.08021232135992726,0
2012-08-20,-0.08258360158091556,0
2012-08-21,-0.08850537987205376,0
2012-08-22,-0.07904704027030228,0
2012-08-23,-0.08059927392513987,0
2012-08-24,-0.0873616647776269,0
2012-08-25,-0.08037914181546578,0
2012-08-26,-0.0864896914321142,0
2012-08-27,-0.08385439472301014,0
2012-08-28,-0.08224863446576562,0
2012-08-29,-0.07581862163865966,0
2012-08-30,-0.08605383629963428,0
2012-08-31,-0.08025336548112874,0
2012-09-01,-0.08658240280192818,0
2012-09-02,-0.08671708259698023,0
2012-09-03,-0.08830887250449122,0
2012-09-04,-0.0706931415260512,0
2012-09-05,-0.07320352961555701,0
2012-09-06,-0.07864810336358774,0
2012-09-07,-0.07427263342794134,0
2012-09-08,-0.08567645302962408,0
2012-09-09,-0.07974291818774575,0
2012-09-10,-0.08331866808192018,0
2012-09-11,-0.0855761429410785,0
2012-09-12,-0.08238328253602366,0
2012-09-13,-0.08726105716823085,0
2012-09-14,-0.082194461479738,0
2012-09-15,-0.08576532437288208,0
2012-09-16,-0.07581885232631128,0
2012-09-17,-0.07444031176180368,0
2012-09-18,-0.0759247249733092,0
2012-09-19,-0.0879476504954361,0
2012-09-20,-0.07463781757515832,0
2012-09-21,-0.07964090757685699,0
2012-09-22,-0.08511793083318796,0
2012-09-23,-0.08507942379767801,0
2012-09-24,-0.08887093444929069,0
2012-09-25,-0.08325331943592719,0
2012-09-26,-0.08163080552010388,0
2012-09-27,-0.0853962121442325,0
2012-09-28,-0.08359969254308576,0
2012-09-29,-0.08218462864705145,0
2012-09-30,-0.07825598579698512,0
2012-10-01,-0.08674813652179002,0
2012-10-02,-0.08020599969264272,0
2012-10-03,-0.07961272810517499,0
2012-10-04,-0.08241773228723323,0
2012-10-05,-0.08551268092111153,0
2012-10-06,-0.077597620501347,0
2012-10-07,-0.08771114753411313,0
2012-10-08,-0.083941240017775,0
2012-10-09,-0.0852441344785746,0
2012-10-10,-0.08856044770690395,0
2012-10-11,-0.07890858465533482,0
2012-10-12,-0.08272543064526049,0
2012-10-13,-0.07828565693518111,0
2012-10-14,-0.08191975749058071,0
2012-10-15,-0.08781185412389948,0
2012-10-16,-0.08036815628705364,0
2012-10-17,-0.08725352749301551,0
2012-10-18,-0.07842956399834694,0
2012-10-19,-0.07343330163728938,0
2012-10-20,-0.08897494142010272,0
2012-10-21,-0.08033305592168401,0
2012-10-22,-0.08815215359641691,0
2012-10-23,-0.08732734966932888,0
2012-10-24,-0.08712479009177695,0
2012-10-25,-0.0844326226352209,0
2012-10-26,-0.08616915870265046,0
2012-10-27,-0.08115195496556393,0
2012-10-28,-0.07841669807914536,0
2012-10-29,-0.07824281300068775,0
2012-10-30,-0.08716690244248827,0
2012-10-31,-0.08865351132688801,0
2012-11-01,-0.07177578479325586,0
2012-11-02,-0.08427594057300872,0
2012-11-03,-0.07625780525617398,0
2012-11-04,-0.07129154659703557,0
2012-11-05,-0.08430270738208986,0
2012-11-06,-0.08768876134905372,0
2012-11-07,-0.07698336965101348,0
2012-11-08,-0.0754316896226134,0
2012-11-09,-0.0888342013309413,0
2012-11-10,-0.07552290745877417,0
2012-11-11,-0.08193976430635602,0
2012-11-12,-0.08728509929196375,0
2012-11-13,-0.0887419348882149,0
2012-11-14,-0.07451561649298309,0
2012-11-15,-0.07773784929531968,0
2012-11-16,-0.08797033131059048,0
2012-11-17,-0.0867035886479834,0
2012-11-18,-0.0817367775277459,0
2012-11-19,-0.07287155529651676,0
2012-11-20,-0.07735534501801869,0
2012-11-21,-0.07727378033464573,0
2012-11-22,-0.07771849744423592,0
2012-11-23,-0.0765423336790116,0
2012-11-24,-0.08394973459190586,0
2012-11-25,-0.08066705458476343,0
2012-11-26,-0.08851906323517694,0
2012-11-27,-0.08271163893115233,0
2012-11-28,-0.08404251410214575,0
2012-11-29,-0.07854179200984825,0
2012-11-30,-0.08574888341689717,0
2012-12-01,-0.08334221045887956,0
2012-12-02,-0.08456715373547709,0
2012-12-03,-0.0886951029737297,0
2012-12-04,-0.08147028696955266,0
2012-12-05,-0.08798426874839206,0
2012-12-06,-0.08788570885285679,0
2012-12-07,-0.08219357978153997,0
2012-12-08,-0.07214994476197713,0
2012-12-09,-0.07732004774283356,0
2012-12-10,-0.08369062243213085,0
2012-12-11,-0.08099700966769764,0
2012-12-12,-0.07986658265968567,0
2012-12-13,-0.0681558365614869,0
2012-12-14,-0.08729684026265759,0
2012-12-15,-0.07700153388996048,0
2012-12-16,-0.0854644251551095,0
2012-12-17,-0.07547669138041405,0
2012-12-18,-0.08154110003261374,0
2012-12-19,-0.07367079167034271,0
2012-12-20,-0.08833460896639164,0
2012-12-21,-0.07293442622995348,0
2012-12-22,-0.0839225789249634,0
2012-12-23,-0.07767253511467916,0
2012-12-24,-0.08362041796873972,0
2012-12-25,-0.08534476880647049,0
2012-12-26,-0.07912252073070511,0
2012-12-27,-0.08777875080894956,0
2012-12-28,-0.08221553580110547,0
2012-12-29,-0.07133403703615422,0
2012-12-30,-0.08007869751439001,0
2012-12-31,-0.08659798906079744,0
2013-01-01,-0.06795983015046758,0
2013-01-02,-0.08069709172895433,0
2013-01-03,-0.07260075938923154,0
2013-01-04,-0.07575146763109421,0
2013-01-05,-0.08797062614909892,0
2013-01-06,-0.08879149724851865,0
2013-01-07,-0.08128766083141872,0
2013-01-08,-0.08545076003906787,0
2013-01-09,-0.0798780717279375,0
2013-01-10,-0.07953921948373557,0
2013-01-11,-0.08236574791497596,0
2013-01-12,-0.08587949595442489,0
2013-01-13,-0.06995701850191963,0
2013-01-14,-0.08839763569053435,0
2013-01-15,-0.07292626293556344,0
2013-01-16,-0.07988239524184368,0
2013-01-17,-0.07665753684343464,0
2013-01-18,-0.07074496035881037,0
2013-01-19,-0.0753409250808773,0
2013-01-20,-0.08726612050031216,0
2013-01-21,-0.08601080598164625,0
2013-01-22,-0.07645576205864607,0
2013-01-23,-0.08746025718189783,0
2013-01-24,-0.0739973021056835,0
2013-01-25,-0.08719498560255662,0
2013-01-26,-0.087755452356032,0
2013-01-27,-0.08727607950770382,0
2013-01-28,-0.08890655990617477,0
2013-01-29,-0.07735311296198419,0
2013-01-30,-0.08537429363035598,0
2013-01-31,-0.0882931422389257,0
2013-02-01,-0.08420274918934419,0
2013-02-02,-0.07655284296403775,0
2013-02-03,-0.08351611875852002,0
2013-02-04,-0.08901340105075779,0
2013-02-05,-0.08344233000554953,0
2013-02-06,-0.08210303127403447,0
2013-02-07,-0.08451643881142622,0
2013-02-08,-0.08880384179276793,0
2013-02-09,-0.07961017903054102,0
2013-02-10,-0.0813497603309287,0
2013-02-11,-0.08496624434084461,0
2013-02-12,-0.07745450450315966,0
2013-02-13,-0.0726059756257852,0
2013-02-14,-0.08698084198367431,0
2013-02-15,-0.08233683353486149,0
2013-02-16,-0.07485237124489007,0
2013-02-17,-0.07706160161052324,0
2013-02-18,-0.07327205735158784,0
2013-02-19,-0.07620799742416783,0
2013-02-20,-0.08131446333007414,0
2013-02-21,-0.08425482979298185,0
2013-02-22,-0.07893131482075286,0
2013-02-23,-0.0863507771116434,0
2013-02-24,-0.08755119992407698,0
2013-02-25,-0.08725881025436115,0
2013-02-26,-0.07430054715037389,0
2013-02-27,-0.07000591344248086,0
2013-02-28,-0.08756337087372137,0
2013-03-01,-0.0695969310509568,0
2013-03-02,-0.08439253172605782,0
2013-03-03,-0.0738207222211679,0
2013-03-04,-0.0872305200475854,0
2013-03-05,-0.0807148907224854,0
2013-03-06,-0.07287931861862666,0
2013-03-07,-0.08689505828174612,0
2013-03-08,-0.08809754170262775,0
2013-03-09,-0.07389099090401237,0
2013-03-10,-0.08802740446671849,0
2013-03-11,-0.08476009155042295,0
2013-03-12,-0.07708209171608656,0
2013-03-13,-0.07904357491476362,0
2013-03-14,-0.0837694320798642,0
2013-03-15,-0.07673463115014441,0
2013-03-16,-0.08784313632381274,0
2013-03-17,-0.072723529664105,0
2013-03-18,-0.0881535908485525,0
2013-03-19,-0.07961710222902346,0
2013-03-20,-0.0836972684830119,0
2013-03-21,-0.08090609262334254,0
2013-03-22,-0.08313368697933374,0
2013-03-23,-0.08448617070553965,0
2013-03-24,-0.0885408354265388,0
2013-03-25,-0.08256360026263097,0
2013-03-26,-0.08969417128522614,0
2013-03-27,-0.08860999300213943,0
2013-03-28,-0.07823297018794581,0
2013-03-29,-0.08162694711664381,0
2013-03-30,-0.08656930788394356,0
2013-03-31,-0.08764961275572966,0
2013-04-01,-0.0782283264169451,0
2013-04-02,-0.08061130641590503,0
2013-04-03,-0.08775567470215322,0
2013-04-04,-0.08773331584059692,0
2013-04-05,-0.07591915948952847,0
2013-04-06,-0.07673140297118149,0
2013-04-07,-0.08438542717196573,0
2013-04-08,-0.08532185889203844,0
2013-04-09,-0.07973425385293226,0
2013-04-10,-0.079143542285062,0
2013-04-11,-0.0804323953003073,0
2013-04-12,-0.0877354463517678,0
2013-04-13,-0.07426384657669308,0
2013-04-14,-0.08319908680911584,0
2013-04-15,-0.08725118122776175,0
2013-04-16,-0.08514864347097051,0
2013-04-17,-0.08088031510628704,0
2013-04-18,-0.07824251523503847,0
2013-04-19,-0.07420820489963685,0
2013-04-20,-0.07902450363745699,0
2013-04-21,-0.07099300778181665,0
2013-04-22,-0.08320101943024494,0
2013-04-23,-0.07989173205895754,0
2013-04-24,-0.08607948848305697,0
2013-04-25,-0.08559501497845692,0
2013-04-26,-0.07285285720797581,0
2013-04-27,-0.08874993573645214,0
2013-04-28,-0.08228455504828053,0
2013-04-29,-0.07153950898968228,0
2013-04-30,-0.08396250961456299,0
2013-05-01,-0.08772747071407314,0
2013-05-02,-0.07763285998157436,0
2013-05-03,-0.07016127327373202,0
2013-05-04,-0.08382573269477207,0
2013-05-05,-0.0862580387482926,0
2013-05-06,-0.07774344170495281,0
2013-05-07,-0.08710702207337402,0
2013-05-08,-0.076216502400149,0
2013-05-09,-0.08404858221791749,0
2013-05-10,-0.0854709885395464,0
2013-05-11,-0.08350961746674355,0
2013-05-12,-0.07844421328221711,0
2013-05-13,-0.08111154179924542,0
2013-05-14,-0.08594661311176457,0
2013-05-15,-0.08298885035376105,0
2013-05-16,-0.08338416919452148,0
2013-05-17,-0.08509092880982366,0
2013-05-18,-0.07440914937416668,0
2013-05-19,-0.07632255044268187,0
2013-05-20,-0.08857360175915541,0
2013-05-21,-0.07521375656643017,0
2013-05-22,-0.07281664888994747,0
2013-05-23,-0.08305647180422276,0
2013-05-24,-0.08630816535748684,0
2013-05-25,-0.07730544257641529,0
2013-05-26,-0.06778843668653159,0
2013-05-27,-0.07733338502504523,0
2013-05-28,-0.07765290634109802,0
2013-05-29,-0.07560996021824032,0
2013-05-30,-0.08310879719308951,0
2013-05-31,-0.08414743585135709,0
2013-06-01,-0.0816512481564823,0
2013-06-02,-0.07771041570113815,0
2013-06-03,-0.08646217015815005,0
2013-06-04,-0.07797337682847878,0
2013-06-05,-0.08269672470619417,0
2013-06-06,-0.08734027322872003,0
2013-06-07,-0.07567587130977435,0
2013-06-08,-0.08052059279323355,0
2013-06-09,-0.07835871658434058,0
2013-06-10,-0.07059894425836985,0
2013-06-11,-0.08887860928077258,0
2013-06-12,-0.08257502962999616,0
2013-06-13,-0.08174384817783714,0
2013-06-14,-0.08124347471321652,0
2013-06-15,-0.08657589767002853,0
2013-06-16,-0.08487076718797928,0
2013-06-17,-0.08657525137715451,0
2013-06-18,-0.0770212160705851,0
2013-06-19,-0.0762076435049356,0
2013-06-20,-0.08226009519242539,0
2013-06-21,-0.08660304786997905,0
2013-06-22,-0.08084821610129926,0
2013-06-23,-0.07993053484509517,0
2013-06-24,-0.07247719985374199,0
2013-06-25,-0.07591852438190974,0
2013-06-26,-0.08278522984441902,0
2013-06-27,-0.07133546680739185,0
2013-06-28,-0.07951392629836573,0
2013-06-29,-0.07841859387858847,0
2013-06-30,-0.08166895413281187,0
2013-07-01,-0.08188890255004073,0
2013-07-02,-0.08424517313146913,0
2013-07-03,-0.07468266759315781,0
2013-07-04,-0.07639283924775025,0
2013-07-05,-0.06527303008444434,0
2013-07-06,-0.08578740367935184,0
2013-07-07,-0.08355041801418758,0
2013-07-08,-0.08133173844081364,0
2013-07-09,-0.07920296427653212,0
2013-07-10,-0.08745088991447703,0
2013-07-11,-0.0837647909837888,0
2013-07-12,-0.06891576713490973,0
2013-07-13,-0.0831642292390268,0
2013-07-14,-0.07859298563980525,0
2013-07-15,-0.08794214917618873,0
2013-07-16,-0.08421497920614718,0
2013-07-17,-0.07929565208697335,0
2013-07-18,-0.07612653823735137,0
2013-07-19,-0.08041326470354546,0
2013-07-20,-0.07418657137636263,0
2013-07-21,-0.07650723594860581,0
2013-07-22,-0.08273557324707762,0
2013-07-23,-0.08905920528265146,0
2013-07-24,-0.07641874956947275,0
2013-07-25,-0.08904620008215038,0
2013-07-26,-0.07959615688931032,0
2013-07-27,-0.08574236792344668,0
2013-07-28,-0.08676187115107158,0
2013-07-29,-0.08887752368412338,0
2013-07-30,-0.07534203679357829,0
2013-07-31,-0.0821393185486124,0
2013-08-01,-0.08002339979222936,0
2013-08-02,-0.08916011156067702,0
2013-08-03,-0.086748314850058,0
2013-08-04,-0.07635703835283618,0
2013-08-05,-0.07880313776537963,0
2013-08-06,-0.07412298952755549,0
2013-08-07,-0.07527732811902832,0
2013-08-08,-0.07314554705507673,0
2013-08-09,-0.08894133279787401,0
2013-08-10,-0.08018967486165146,0
2013-08-11,-0.08708724160671945,0
2013-08-12,-0.08341811064654789,0
2013-08-13,-0.08116353889800672,0
2013-08-14,-0.08239601804084774,0
2013-08-15,-0.0810794971793173,0
2013-08-16,-0.07534498875400115,0
2013-08-17,-0.07494317377378963,0
2013-08-18,-0.07538025429492994,0
2013-08-19,-0.07507508294330079,0
2013-08-20,-0.08776855756244764,0
2013-08-21,-0.0754502272111162,0
2013-08-22,-0.07767983623703971,0
2013-08-23,-0.07419656598799343,0
2013-08-24,-0.08539588792095029,0
2013-08-25,-0.0831936804535953,0
2013-08-26,-0.08474531728935049,0
2013-08-27,-0.07809422450281217,0
2013-08-28,-0.08491179596356625,0
2013-08-29,-0.08212083930150928,0
2013-08-30,-0.086811645809017,0
2013-08-31,-0.0814576955902982,0
2013-09-01,-0.08516108989565102,0
2013-09-02,-0.08302569265859837,0
2013-09-03,-0.08379523491769165,0
2013-09-04,-0.0792694284373828,0
2013-09-05,-0.0854390141799915,0
2013-09-06,-0.07370055353387266,0
2013-09-07,-0.08212255885067204,0
2013-09-08,-0.08758242438734608,0
2013-09-09,-0.08259080072805584,0
2013-09-10,-0.08620580686568736,0
2013-09-11,-0.0876954624061389,0
2013-09-12,-0.0808825862191694,0
2013-09-13,-0.08614294099346992,0
2013-09-14,-0.06825395207507158,0
2013-09-15,-0.08667532667555983,0
2013-09-16,-0.08166072218605425,0
2013-09-17,-0.07594306368973748,0
2013-09-18,-0.0763122673895181,0
2013-09-19,-0.08797111019441134,0
2013-09-20,-0.08141292221174846,0
2013-09-21,-0.08617162989322559,0
2013-09-22,-0.0839192707591847,0
2013-09-23,-0.07744986201733584,0
2013-09-24,-0.07651833918717522,0
2013-09-25,-0.07746249917018302,0
2013-09-26,-0.0873631357062248,0
2013-09-27,-0.08016659993849956,0
2013-09-28,-0.06841397389208305,0
2013-09-29,-0.08507183257145023,0
2013-09-30,-0.08572115326753324,0
2013-10-01,-0.08062370498009636,0
2013-10-02,-0.07280306988585075,0
2013-10-03,-0.07744647554112587,0
2013-10-04,-0.08211946717848692,0
2013-10-05,-0.08847119016848927,0
2013-10-06,-0.08293948949864915,0
2013-10-07,-0.07710723723008729,0
2013-10-08,-0.07578747872250795,0
2013-10-09,-0.08119437974697626,0
2013-10-10,-0.08058533156300965,0
2013-10-11,-0.07298391586729264,0
2013-10-12,-0.0838657162907145,0
2013-10-13,-0.0741104370740477,0
2013-10-14,-0.0872203529430443,0
2013-10-15,-0.07927631444890912,0
2013-10-16,-0.07731980141648911,0
2013-10-17,-0.07832448438451803,0
2013-10-18,-0.07104565738285988,0
2013-10-19,-0.07891363258355343,0
2013-10-20,-0.08092899411238204,0
2013-10-21,-0.08844093925036288,0
2013-10-22,-0.0812723535505275,0
2013-10-23,-0.08493615668908307,0
2013-10-24,-0.08080502165722135,0
2013-10-25,-0.07797867370058358,0
2013-10-26,-0.07327019586825323,0
2013-10-27,-0.08655346410613876,0
2013-10-28,-0.08463402240816748,0
2013-10-29,-0.08658659059855324,0
2013-10-30,-0.08740845750299035,0
2013-10-31,-0.08672744393870796,0
2013-11-01,-0.08336872411740368,0
2013-11-02,-0.06968804901861414,0
2013-11-03,-0.07353377225073836,0
2013-11-04,-0.08131247258846312,0
2013-11-05,-0.08789475879684623,0
2013-11-06,-0.08243274355510277,0
2013-11-07,-0.07854459680542183,0
2013-11-08,-0.08364911132125967,0
2013-11-09,-0.08096412625417812,0
2013-11-10,-0.08228841355434839,0
2013-11-11,-0.08897535416502157,0
2013-11-12,-0.07955818241961302,0
2013-11-13,-0.08139488432121608,0
2013-11-14,-0.08906286782832236,0
2013-11-15,-0.08486268461617358,0
2013-11-16,-0.08865253043055345,0
2013-11-17,-0.08325221264720005,0
2013-11-18,-0.08757654550126985,0
2013-11-19,-0.08277118649264066,0
2013-11-20,-0.07751026938851287,0
2013-11-21,-0.08754980197049905,0
2013-11-22,-0.08092900251711066,0
2013-11-23,-0.08281770211455297,0
2013-11-24,-0.08642836744154289,0
2013-11-25,-0.08278632663301551,0
2013-11-26,-0.07459254360785754,0
2013-11-27,-0.07603698261485489,0
2013-11-28,-0.07562787788525337,0
2013-11-29,-0.06911771497253238,0
2013-11-30,-0.08222746725840992,0
2013-12-01,-0.080841885015819,0
2013-12-02,-0.08039711903004891,0
2013-12-03,-0.08628038672595412,0
2013-12-04,-0.07589541909495377,0
2013-12-05,-0.07943588596635556,0
2013-12-06,-0.07931964870591365,0
2013-12-07,-0.08165885654711395,0
2013-12-08,-0.07748560134503453,0
2013-12-09,-0.08024841832078025,0
2013-12-10,-0.07715937920581264,0
2013-12-11,-0.0832820682952041,0
2013-12-12,-0.07821875842852193,0
2013-12-13,-0.08525491083637271,0
2013-12-14,-0.07669871693122056,0
2013-12-15,-0.08733466103937289,0
2013-12-16,-0.08623222615023653,0
2013-12-17,-0.0853424705034395,0
2013-12-18,-0.08083141338973172,0
2013-12-19,-0.08102510893535575,0
2013-12-20,-0.08883351209362433,0
2013-12-21,-0.08116065627116638,0
2013-12-22,-0.08744695385740157,0
2013-12-23,-0.07104813357016486,0
2013-12-24,-0.07132421969582448,0
2013-12-25,-0.08090487545146284,0
2013-12-26,-0.07976150753165041,0
2013-12-27,-0.08494293472112606,0
2013-12-28,-0.08604813222997594,0
2013-12-29,-0.0749385192015834,0
2013-12-30,-0.088093807066905,0
2013-12-31,-0.0787470619108515,0
2014-01-01,-0.07497675637672153,0
2014-01-02,-0.07314966205567401,0
2014-01-03,-0.08760142690397316,0
2014-01-04,-0.084194573324802,0
2014-01-05,-0.08835548530828477,0
2014-01-06,-0.08277942952762975,0
2014-01-07,-0.08572882297976289,0
2014-01-08,-0.08171857674342096,0
2014-01-09,-0.08936284714796816,0
2014-01-10,-0.07371456502366507,0
2014-01-11,-0.08178608366518138,0
2014-01-12,-0.07343637252761506,0
2014-01-13,-0.07375328906917089,0
2014-01-14,-0.07982806405288086,0
2014-01-15,-0.07746175117107718,0
2014-01-16,-0.07867916228347283,0
2014-01-17,-0.08672311414999599,0
2014-01-18,-0.08124905095206031,0
2014-01-19,-0.08203672597348079,0
2014-01-20,-0.0775439096789331,0
2014-01-21,-0.08529272891583473,0
2014-01-22,-0.0759534864235445,0
2014-01-23,-0.08387339173102445,0
2014-01-24,-0.08574561994490827,0
2014-01-25,-0.07894858239757474,0
2014-01-26,-0.08823220329721242,0
2014-01-27,-0.07773044334854476,0
2014-01-28,-0.0750981308098326,0
2014-01-29,-0.07812263095401184,0
2014-01-30,-0.08806783594746476,0
2014-01-31,-0.08254675379642579,0
2014-02-01,-0.08258133580633137,0
2014-02-02,-0.08603037047812707,0
2014-02-03,-0.07308539317118222,0
2014-02-04,-0.07801126961552321,0
2014-02-05,-0.08188127406079347,0
2014-02-06,-0.08483923818153122,0
2014-02-07,-0.08242261207351259,0
2014-02-08,-0.08329689490539365,0
2014-02-09,-0.07920240506457915,0
2014-02-10,-0.07295590529757322,0
2014-02-11,-0.0805052258753556,0
2014-02-12,-0.08336950899292045,0
2014-02-13,-0.08888069423766146,0
2014-02-14,-0.08036239076444227,0
2014-02-15,-0.08292915485088342,0
2014-02-16,-0.08192125533886459,0
2014-02-17,-0.07866130396374174,0
2014-02-18,-0.08508315871528453,0
2014-02-19,-0.07973076949232366,0
2014-02-20,-0.08420443642851402,0
2014-02-21,-0.08082417419546715,0
2014-02-22,-0.07856606062643166,0
2014-02-23,-0.08845625703615843,0
2014-02-24,-0.08550504129020975,0
2014-02-25,-0.08250339042228969,0
2014-02-26,-0.08308451754347851,0
2014-02-27,-0.07712533755006819,0
2014-02-28,-0.07943924985647076,0
2014-03-01,-0.08068907963013185,0
2014-03-02,-0.08477036503828367,0
2014-03-03,-0.08883345252165595,0
2014-03-04,-0.08491493129710928,0
2014-03-05,-0.07461181199514738,0
2014-03-06,-0.08408666524462109,0
2014-03-07,-0.0888108551944514,0
2014-03-08,-0.08609204409091953,0
2014-03-09,-0.07247941440401799,0
2014-03-10,-0.07612021724095026,0
2014-03-11,-0.08178871486390135,0
2014-03-12,-0.08580579940167032,0
2014-03-13,-0.07837409304162596,0
2014-03-14,-0.08776716161984437,0
2014-03-15,-0.08370123978865282,0
2014-03-16,-0.07628101235339962,0
2014-03-17,-0.0817391305797928,0
2014-03-18,-0.08437523668796575,0
2014-03-19,-0.08465022017840539,0
2014-03-20,-0.0714516236624619,0
2014-03-21,-0.08666358262343854,0
2014-03-22,-0.08372078660790264,0
2014-03-23,-0.0863946385538769,0
2014-03-24,-0.08297853383329867,0
2014-03-25,-0.08550058969159983,0
2014-03-26,-0.07981017560717492,0
2014-03-27,-0.08367656443979911,0
2014-03-28,-0.08192151431292242,0
2014-03-29,-0.07894403115795512,0
2014-03-30,-0.08072063254551884,0
2014-03-31,-0.06900288146903738,0
2014-04-01,-0.08716883090647523,0
2014-04-02,-0.0777891790012398,0
2014-04-03,-0.08171531379069503,0
2014-04-04,-0.07914723149879686,0
2014-04-05,-0.0827508655216608,0
2014-04-06,-0.08290415492490057,0
2014-04-07,-0.08832822506057537,0
2014-04-08,-0.08534530933565428,0
2014-04-09,-0.08562028733410068,0
2014-04-10,-0.07743604194092234,0
2014-04-11,-0.08303883307445946,0
2014-04-12,-0.08646141088692953,0
2014-04-13,-0.08767573832189546,0
2014-04-14,-0.08819839745307549,0
2014-04-15,-0.0807005073421489,0
2014-04-16,-0.08689795921555797,0
2014-04-17,-0.07748424605800418,0
2014-04-18,-0.0806396034533227,0
2014-04-19,-0.08894024545745337,0
2014-04-20,-0.08528205664665944,0
2014-04-21,-0.07724275989012745,0
2014-04-22,-0.07399044754171037,0
2014-04-23,-0.08728235956356085,0
2014-04-24,-0.07662043930457897,0
2014-04-25,-0.08667728619697268,0
2014-04-26,-0.08682388180310656,0
2014-04-27,-0.06827738248186171,0
2014-04-28,-0.07799302823112932,0
2014-04-29,-0.08681632293882877,0
2014-04-30,-0.08651228158091925,0
2014-05-01,-0.0829373113009648,0
2014-05-02,-0.08430331120107337,0
2014-05-03,-0.07372799597701366,0
2014-05-04,-0.0878375582821258,0
2014-05-05,-0.08472149591318115,0
2014-05-06,-0.07770571757250926,0
2014-05-07,-0.08270342008353282,0
2014-05-08,-0.0721238189515003,0
2014-05-09,-0.08675627774595757,0
2014-05-10,-0.08123928933589412,0
2014-05-11,-0.0882551997160111,0
2014-05-12,-0.07035735224144843,0
2014-05-13,-0.08334113050028885,0
2014-05-14,-0.0694810671400444,0
2014-05-15,-0.08657345707569669,0
2014-05-16,-0.08737928213835681,0
2014-05-17,-0.06905129171352119,0
2014-05-18,-0.07425288243044173,0
2014-05-19,-0.07114254402607223,0
2014-05-20,-0.08933358955958415,0
2014-05-21,-0.0753586918919843,0
2014-05-22,-0.06745961756295694,0
2014-05-23,-0.08563844777734919,0
2014-05-24,-0.08843899688231359,0
2014-05-25,-0.07330207180299611,0
2014-05-26,-0.08272124927524029,0
2014-05-27,-0.08674030729651142,0
2014-05-28,-0.08327455631870226,0
2014-05-29,-0.08552065611201604,0
2014-05-30,-0.07812199690836297,0
2014-05-31,-0.07737929319375757,0
2014-06-01,-0.08760510065476772,0
2014-06-02,-0.0750817849902276,0
2014-06-03,-0.0809886917583129,0
2014-06-04,-0.07762955312085087,0
2014-06-05,-0.08303707241456615,0
2014-06-06,-0.07465488960997135,0
2014-06-07,-0.08030778434804976,0
2014-06-08,-0.08139437489587602,0
2014-06-09,-0.08466884523032353,0
2014-06-10,-0.07662391812193478,0
2014-06-11,-0.08153593492380669,0
2014-06-12,-0.07811572653163304,0
2014-06-13,-0.08583004804312765,0
2014-06-14,-0.07934526656998508,0
2014-06-15,-0.08686550699366531,0
2014-06-16,-0.08181998518880212,0
2014-06-17,-0.07687855484952756,0
2014-06-18,-0.08880085363524924,0
2014-06-19,-0.07514963748122988,0
2014-06-20,-0.0874929614584652,0
2014-06-21,-0.08636335773272238,0
2014-06-22,-0.0820374129240033,0
2014-06-23,-0.08327966382671856,0
2014-06-24,-0.07333898370199443,0
2014-06-25,-0.07534222444875849,0
2014-06-26,-0.0823548018514077,0
2014-06-27,-0.0761176428281951,0
2014-06-28,-0.0870710169947866,0
2014-06-29,-0.08658710693686295,0
2014-06-30,-0.0881899709310617,0
2014-07-01,-0.07362230083691775,0
2014-07-02,-0.07942426558958518,0
2014-07-03,-0.08713088093841219,0
2014-07-04,-0.074915105381047,0
2014-07-05,-0.07684556833884748,0
2014-07-06,-0.08127406878408491,0
2014-07-07,-0.08544425442748116,0
2014-07-08,-0.07886195593112431,0
2014-07-09,-0.07820402890012507,0
2014-07-10,-0.0886133221721859,0
2014-07-11,-0.08018111313624335,0
2014-07-12,-0.08109328610750524,0
2014-07-13,-0.08514254711307175,0
2014-07-14,-0.08580137359126934,0
2014-07-15,-0.08329790065660121,0
2014-07-16,-0.08768833835341008,0
2014-07-17,-0.08151113062780972,0
2014-07-18,-0.08473860191960993,0
2014-07-19,-0.07425407139922229,0
2014-07-20,-0.0776444566033338,0
2014-07-21,-0.08134223760160018,0
2014-07-22,-0.08321271763635946,0
2014-07-23,-0.08141083313622688,0
2014-07-24,-0.08453348791175977,0
2014-07-25,-0.08218526537056017,0
2014-07-26,-0.08509708789027684,0
2014-07-27,-0.07377582354251551,0
2014-07-28,-0.0776411683066453,0
2014-07-29,-0.08708038226638902,0
2014-07-30,-0.08410333423507446,0
2014-07-31,-0.08547943369995664,0
2014-08-01,-0.08506584511615876,0
2014-08-02,-0.08252346893892981,0
2014-08-03,-0.08035683374806762,0
2014-08-04,-0.08728310311414064,0
2014-08-05,-0.07899841131449534,0
2014-08-06,-0.0821660713560569,0
2014-08-07,-0.08483217588163032,0
2014-08-08,-0.08713750939649517,0
2014-08-09,-0.08467077543253937,0
2014-08-10,-0.08136036537209446,0
2014-08-11,-0.08267800686963593,0
2014-08-12,-0.08733325896379845,0
2014-08-13,-0.08418103368286449,0
2014-08-14,-0.08533404237302024,0
2014-08-15,-0.07509078847858797,0
2014-08-16,-0.07762346975410436,0
2014-08-17,-0.08127495400323986,0
2014-08-18,-0.08040490765180068,0
2014-08-19,-0.07992833880229748,0
2014-08-20,-0.0801701621995992,0
2014-08-21,-0.08526380824142457,0
2014-08-22,-0.07492051088787947,0
2014-08-23,-0.0847994363961669,0
2014-08-24,-0.08717298681148505,0
2014-08-25,-0.08444361458905124,0
2014-08-26,-0.0756259087448893,0
2014-08-27,-0.08329246698352955,0
2014-08-28,-0.07385347489256305,0
2014-08-29,-0.08931484499633839,0
2014-08-30,-0.0882443658213669,0
2014-08-31,-0.08296979661077368,0
2014-09-01,-0.08179669506430348,0
2014-09-02,-0.07396942888344925,0
2014-09-03,-0.08173297416934171,0
2014-09-04,-0.07152480908444803,0
2014-09-05,-0.08564327745322743,0
2014-09-06,-0.07268841148048298,0
2014-09-07,-0.08514814129311403,0
2014-09-08,-0.08832099761885431,0
2014-09-09,-0.08434223856046076,0
2014-09-10,-0.07703408154315067,0
2014-09-11,-0.07671011193488765,0
2014-09-12,-0.0772755887448247,0
2014-09-13,-0.08914870025521403,0
2014-09-14,-0.07868348877765455,0
2014-09-15,-0.08590475755541128,0
2014-09-16,-0.07396239252977913,0
2014-09-17,-0.08697112105013718,0
2014-09-18,-0.07706677025839087,0
2014-09-19,-0.08926055497295163,0
2014-09-20,-0.08241837557677753,0
2014-09-21,-0.08510855445584795,0
2014-09-22,-0.08246395434812982,0
2014-09-23,-0.07068771067071894,0
2014-09-24,-0.0818625868621054,0
2014-09-25,-0.07349808719803587,0
2014-09-26,-0.06994850451925519,0
2014-09-27,-0.0857202566422926,0
2014-09-28,-0.0828539478793359,0
2014-09-29,-0.08320612869918052,0
2014-09-30,-0.08447048703265245,0
2014-10-01,-0.0804928123699889,0
2014-10-02,-0.08891517892731983,0
2014-10-03,-0.08286109810362709,0
2014-10-04,-0.07479351342546445,0
2014-10-05,-0.08443883343921303,0
2014-10-06,-0.07330234024730542,0
2014-10-07,-0.08611707059924387,0
2014-10-08,-0.08891045083647685,0
2014-10-09,-0.08347234504857094,0
2014-10-10,-0.07389964584893167,0
2014-10-11,-0.08124934070154838,0
2014-10-12,-0.07803317179224332,0
2014-10-13,-0.08340466537454079,0
2014-10-14,-0.08549546357891702,0
2014-10-15,-0.07233519952562217,0
2014-10-16,-0.0816856956108157,0
2014-10-17,-0.08489198741680334,0
2014-10-18,-0.08831116525699938,0
2014-10-19,-0.07041066844766172,0
2014-10-20,-0.07988109032882572,0
2014-10-21,-0.08699540974828161,0
2014-10-22,-0.07935382920421455,0
2014-10-23,-0.08578438795794302,0
2014-10-24,-0.08551134465435983,0
2014-10-25,-0.07463168456153856,0
2014-10-26,-0.08462245500068984,0
2014-10-27,-0.08415811160435406,0
2014-10-28,-0.08852820582108045,0
2014-10-29,-0.08746726252325199,0
2014-10-30,-0.07182112081556659,0
2014-10-31,-0.07945972520561385,0
2014-11-01,-0.07616818216048477,0
2014-11-02,-0.0843372230484053,0
2014-11-03,-0.07796414001558682,0
2014-11-04,-0.0870574824659467,0
2014-11-05,-0.08649135496178018,0
2014-11-06,-0.08762912401725576,0
2014-11-07,-0.08258690804267016,0
2014-11-08,-0.08882936833546291,0
2014-11-09,-0.08303602653336772,0
2014-11-10,-0.08629728644216654,0
2014-11-11,-0.08498624385843877,0
2014-11-12,-0.08656119300001819,0
2014-11-13,-0.07664177109445859,0
2014-11-14,-0.0859307504323132,0
2014-11-15,-0.08178570409215526,0
2014-11-16,-0.08071630073144172,0
2014-11-17,-0.0787164333045716,0
2014-11-18,-0.07725129166225647,0
2014-11-19,-0.08692127193245909,0
2014-11-20,-0.07472626088240449,0
2014-11-21,-0.08923275828266407,0
2014-11-22,-0.07076007328429211,0
2014-11-23,-0.08218083342254766,0
2014-11-24,-0.08477158436047551,0
2014-11-25,-0.08621223688070287,0
2014-11-26,-0.06707107300706225,0
2014-11-27,-0.07770876275153563,0
2014-11-28,-0.0756872885448565,0
2014-11-29,-0.07728742879730742,0
2014-11-30,-0.08483717752559171,0
2014-12-01,-0.08126952850340066,0
2014-12-02,-0.07786959782824399,0
2014-12-03,-0.07626953939390325,0
2014-12-04,-0.08458389003546131,0
2014-12-05,-0.07957370113669719,0
2014-12-06,-0.07460851948845167,0
2014-12-07,-0.0788921269030838,0
2014-12-08,-0.08639397029398632,0
2014-12-09,-0.07523193307432881,0
2014-12-10,-0.08353350471665837,0
2014-12-11,-0.08804008499496944,0
2014-12-12,-0.07562360153860644,0
2014-12-13,-0.07682754988524472,0
2014-12-14,-0.07698340822112702,0
2014-12-15,-0.08859448071699043,0
2014-12-16,-0.08470875752040787,0
2014-12-17,-0.07801848938480094,0
2014-12-18,-0.08370515632733569,0
2014-12-19,-0.08136170335213874,0
2014-12-20,-0.08665380444940782,0
2014-12-21,-0.08343610018400674,0
2014-12-22,-0.08639256321548633,0
2014-12-23,-0.08467293460391333,0
2014-12-24,-0.08141103204532614,0
2014-12-25,-0.08655040326345066,0
2014-12-26,-0.07821030509394421,0
2014-12-27,-0.08259955844099878,0
2014-12-28,-0.08233901541484304,0
2014-12-29,-0.08726507453483473,0
2014-12-30,-0.07665841893532371,0
2014-12-31,-0.08255921603465441,0
2015-01-01,-0.08830400275523978,0
2015-01-02,-0.08393591963850679,0
2015-01-03,-0.08945142586184587,0
2015-01-04,-0.08572448228160967,0
2015-01-05,-0.08157829348720369,0
2015-01-06,-0.08615956289132891,0
2015-01-07,-0.07667527643639399,0
2015-01-08,-0.08223852402608099,0
2015-01-09,-0.07388703216033013,0
2015-01-10,-0.08273245058089472,0
2015-01-11,-0.08029391898562245,0
2015-01-12,-0.08730656723734351,0
2015-01-13,-0.07412744683244146,0
2015-01-14,-0.0848971536655467,0
2015-01-15,-0.08561123751236857,0
2015-01-16,-0.08659470054949239,0
2015-01-17,-0.08424021063797413,0
2015-01-18,-0.08086631841961954,0
2015-01-19,-0.08490388546378587,0
2015-01-20,-0.08632098397447349,0
2015-01-21,-0.06955319583833541,0
2015-01-22,-0.07596551425335098,0
2015-01-23,-0.08802170169828293,0
2015-01-24,-0.07400375603021937,0
2015-01-25,-0.07467245333805085,0
2015-01-26,-0.08023399830073144,0
2015-01-27,-0.0797493709048567,0
2015-01-28,-0.08787103531256547,0
2015-01-29,-0.08000432512096342,0
2015-01-30,-0.08458888314866148,0
2015-01-31,-0.08046134120852995,0
2015-02-01,-0.08222823776473427,0
2015-02-02,-0.08465775690475102,0
2015-02-03,-0.0750649140796713,0
2015-02-04,-0.08063070201071197,0
2015-02-05,-0.08513374724373383,0
2015-02-06,-0.07626677368843768,0
2015-02-07,-0.07163066176330085,0
2015-02-08,-0.08252175215790379,0
2015-02-09,-0.07542078393031766,0
2015-02-10,-0.07521467755643815,0
2015-02-11,-0.08387422799445947,0
2015-02-12,-0.08120326059054124,0
2015-02-13,-0.07817821385585223,0
2015-02-14,-0.08656618955483891,0
2015-02-15,-0.08721603592483107,0
2015-02-16,-0.08308828987343199,0
2015-02-17,-0.08403442699630137,0
2015-02-18,-0.07902465811417109,0
2015-02-19,-0.08527550888079527,0
2015-02-20,-0.08404196299231607,0
2015-02-21,-0.08245561440450935,0
2015-02-22,-0.08519054827560733,0
2015-02-23,-0.08217277986364054,0
2015-02-24,-0.08113949106649479,0
2015-02-25,-0.08679279985973455,0
2015-02-26,-0.07327474325153657,0
2015-02-27,-0.08836107347943652,0
2015-02-28,-0.07931061885410642,0
2015-03-01,-0.08434950843525757,0
2015-03-02,-0.08552408398904955,0
2015-03-03,-0.08372682077632776,0
2015-03-04,-0.08001520143268981,0
2015-03-05,-0.0708708542495232,0
2015-03-06,-0.08246663070490137,0
2015-03-07,-0.0833087355994146,0
2015-03-08,-0.07220910252657456,0
2015-03-09,-0.08296897294569858,0
2015-03-10,-0.08110089055418487,0
2015-03-11,-0.08150517941988794,0
2015-03-12,-0.07872709985447339,0
2015-03-13,-0.0766881013668546,0
2015-03-14,-0.08470811148554801,0
2015-03-15,-0.07145118457900032,0
2015-03-16,-0.08125373489170347,0
2015-03-17,-0.08267862333604203,0
2015-03-18,-0.08682545240528504,0
2015-03-19,-0.08230801882766266,0
2015-03-20,-0.08874615115912282,0
2015-03-21,-0.0856281774206353,0
2015-03-22,-0.08507913096121476,0
2015-03-23,-0.08709326090865338,0
2015-03-24,-0.08817372666705951,0
2015-03-25,-0.08117539259777261,0
2015-03-26,-0.07314322988364769,0
2015-03-27,-0.0839325028706759,0
2015-03-28,-0.08490577542187783,0
2015-03-29,-0.07283568909461463,0
2015-03-30,-0.08409440942433938,0
2015-03-31,-0.08233284645755719,0
2015-04-01,-0.08071349398845692,0
2015-04-02,-0.08319076367115755,0
2015-04-03,-0.0863560946831879,0
2015-04-04,-0.08706230354825618,0
2015-04-05,-0.08296752205005106,0
2015-04-06,-0.06964155691576623,0
2015-04-07,-0.07169306050369403,0
2015-04-08,-0.08523249383476933,0
2015-04-09,-0.07897880423664547,0
2015-04-10,-0.08045417648269021,0
2015-04-11,-0.08012407842219427,0
2015-04-12,-0.07948998373925913,0
2015-04-13,-0.07970484259262188,0
2015-04-14,-0.07366391190063463,0
2015-04-15,-0.08325880889234004,0
2015-04-16,-0.08542603259320088,0
2015-04-17,-0.0764526889685218,0
2015-04-18,-0.08006404489781879,0
2015-04-19,-0.08180787984361515,0
2015-04-20,-0.07982767146147583,0
2015-04-21,-0.07688344690313033,0
2015-04-22,-0.08110107499323084,0
2015-04-23,-0.0712615129523365,0
2015-04-24,-0.08915602519255364,0
2015-04-25,-0.08287265084053565,0
2015-04-26,-0.0743625686270781,0
2015-04-27,-0.08776065975596543,0
2015-04-28,-0.08809052209590369,0
2015-04-29,-0.07798044910872758,0
2015-04-30,-0.08079006752135187,0
2015-05-01,-0.07364793630963282,0
2015-05-02,-0.08459536911243758,0
2015-05-03,-0.08485595761905787,0
2015-05-04,-0.07442742529257457,0
2015-05-05,-0.07263101821276319,0
2015-05-06,-0.08513738528311822,0
2015-05-07,-0.08682347050614768,0
2015-05-08,-0.08951077046545573,0
2015-05-09,-0.06708516913784168,0
2015-05-10,-0.08482849782973183,0
2015-05-11,-0.08822929062676226,0
2015-05-12,-0.07143185346264733,0
2015-05-13,-0.08510694010491562,0
2015-05-14,-0.07464970493165855,0
2015-05-15,-0.08143695737496875,0
2015-05-16,-0.08363128170198045,0
2015-05-17,-0.08611481245471166,0
2015-05-18,-0.0810844990525058,0
2015-05-19,-0.07164333518185842,0
2015-05-20,-0.08188715286754479,0
2015-05-21,-0.08673481255264828,0
2015-05-22,-0.08696148069322618,0
2015-05-23,-0.08722626211419394,0
2015-05-24,-0.07746622999236234,0
2015-05-25,-0.07885682475557358,0
2015-05-26,-0.08309402759790555,0
2015-05-27,-0.08044181099708293,0
2015-05-28,-0.08118887871603245,0
2015-05-29,-0.0801195529947223,0
2015-05-30,-0.08300569482163661,0
2015-05-31,-0.08324357579121779,0
2015-06-01,-0.0830053365981354,0
2015-06-02,-0.08199011363266792,0
2015-06-03,-0.07408565875802528,0
2015-06-04,-0.08181839579662409,0
2015-06-05,-0.08857275259369658,0
2015-06-06,-0.08328867514055616,0
2015-06-07,-0.08649158087142506,0
2015-06-08,-0.08376726890980127,0
2015-06-09,-0.07560670568998669,0
2015-06-10,-0.07284897926977903,0
2015-06-11,-0.07778878898771475,0
2015-06-12,-0.08606455275221044,0
2015-06-13,-0.08543780651792927,0
2015-06-14,-0.0846773709541795,0
2015-06-15,-0.06955042946674732,0
2015-06-16,-0.08281702627744719,0
2015-06-17,-0.08375555784053383,0
2015-06-18,-0.07599913691944662,0
2015-06-19,-0.08426693631435672,0
2015-06-20,-0.07855583363443538,0
2015-06-21,-0.07803438513208258,0
2015-06-22,-0.07823970303739441,0
2015-06-23,-0.07228690872049823,0
2015-06-24,-0.07756544126945095,0
2015-06-25,-0.08358250644528349,0
2015-06-26,-0.08062362957617307,0
2015-06-27,-0.07527672985131557,0
2015-06-28,-0.08752467001408659,0
2015-06-29,-0.0888353232459443,0
2015-06-30,-0.0828255597106231,0
2015-07-01,-0.08428520439370994,0
2015-07-02,-0.08416311026181343,0
2015-07-03,-0.085036376696699,0
2015-07-04,-0.08571263494505246,0
2015-07-05,-0.08729121934170858,0
2015-07-06,-0.07660410202081579,0
2015-07-07,-0.07722407091065234,0
2015-07-08,-0.07616763406958503,0
2015-07-09,-0.08764306313800936,0
2015-07-10,-0.08119354131735461,0
2015-07-11,-0.0832711993408878,0
2015-07-12,-0.07625851984642135,0
2015-07-13,-0.07538302828335924,0
2015-07-14,-0.08366051321441285,0
2015-07-15,-0.08806741479827562,0
2015-07-16,-0.07744397100379181,0
2015-07-17,-0.07775563130168851,0
2015-07-18,-0.08326854393595053,0
2015-07-19,-0.07741220373675264,0
2015-07-20,-0.08866037218764816,0
2015-07-21,-0.08069842358483743,0
2015-07-22,-0.08609842929610641,0
2015-07-23,-0.08835640375831459,0
2015-07-24,-0.07577783676005587,0
2015-07-25,-0.08912382157581979,0
2015-07-26,-0.07963995040780678,0
2015-07-27,-0.08038127712767058,0
2015-07-28,-0.08508710399627052,0
2015-07-29,-0.082300479615591,0
2015-07-30,-0.0887063956287218,0
2015-07-31,-0.08329847104681697,0
2015-08-01,-0.08511448058256,0
2015-08-02,-0.07925251056730723,0
2015-08-03,-0.08036914908742904,0
2015-08-04,-0.08298048097895656,0
2015-08-05,-0.08346163013195515,0
2015-08-06,-0.0824836685304014,0
2015-08-07,-0.08117487280521442,0
2015-08-08,-0.08152997033974324,0
2015-08-09,-0.07117094088530171,0
2015-08-10,-0.08004647150445102,0
2015-08-11,-0.08105767966013316,0
2015-08-12,-0.08409333164653723,0
2015-08-13,-0.08544015707332386,0
2015-08-14,-0.06861635666620415,0
2015-08-15,-0.08372270018054342,0
2015-08-16,-0.07740791301908112,0
2015-08-17,-0.076760367920974,0
2015-08-18,-0.0876700173775351,0
2015-08-19,-0.07770378624623055,0
2015-08-20,-0.0828981875105584,0
2015-08-21,-0.07247479508687407,0
2015-08-22,-0.08505256517942451,0
2015-08-23,-0.08571612449509604,0
2015-08-24,-0.07924819802378037,0
2015-08-25,-0.07358821800112109,0
2015-08-26,-0.07838025732638608,0
2015-08-27,-0.0871646463773515,0
2015-08-28,-0.08030969088069442,0
2015-08-29,-0.07884339538025131,0
2015-08-30,-0.0800233716177399,0
2015-08-31,-0.08419380280344714,0
2015-09-01,-0.07006135864533707,0
2015-09-02,-0.07926715633849017,0
2015-09-03,-0.0892516700801547,0
2015-09-04,-0.08415155763066733,0
2015-09-05,-0.08704397370509816,0
2015-09-06,-0.08317699577987345,0
2015-09-07,-0.07981088372339767,0
2015-09-08,-0.08829756402437709,0
2015-09-09,-0.07660901793390668,0
2015-09-10,-0.08403713795532289,0
2015-09-11,-0.085551866850696,0
2015-09-12,-0.07593598693625482,0
2015-09-13,-0.07599723229304561,0
2015-09-14,-0.07714239202014865,0
2015-09-15,-0.07705607005148671,0
2015-09-16,-0.08649116412458989,0
2015-09-17,-0.07441116516202803,0
2015-09-18,-0.08081613306050191,0
2015-09-19,-0.07840559061760724,0
2015-09-20,-0.08706231793478356,0
2015-09-21,-0.08551648409008175,0
2015-09-22,-0.08885102294703345,0
2015-09-23,-0.08911646144625397,0
2015-09-24,-0.06968132064963573,0
2015-09-25,-0.08810212512356513,0
2015-09-26,-0.07938817937988281,0
2015-09-27,-0.07806661065815287,0
2015-09-28,-0.07964427093339467,0
2015-09-29,-0.08127722267897569,0
2015-09-30,-0.0774394094034673,0
2015-10-01,-0.08642371301461763,0
2015-10-02,-0.08729736903701564,0
2015-10-03,-0.08872702890246972,0
2015-10-04,-0.07123935612562578,0
2015-10-05,-0.07419982431721844,0
2015-10-06,-0.07960175019841267,0
2015-10-07,0.447830877529121,1
2015-10-08,0.0804212957343357,0
2015-10-09,0.11369291180575336,0
2015-10-10,0.10977985471999846,0
2015-10-11,0.09341516922901869,0
2015-10-12,0.12499345680790706,0
2015-10-13,0.19879614088476671,1
2015-10-14,-0.08219973767157328,0
2015-10-15,-0.08736397518370861,0
2015-10-16,-0.08692662936579772,0
2015-10-17,-0.07324106769061843,0
2015-10-18,-0.07585662843556745,0
2015-10-19,-0.08334284814241523,0
2015-10-20,-0.08793240208209499,0
2015-10-21,-0.07302299078232849,0
2015-10-22,-0.08575354405416331,0
2015-10-23,-0.08272253558269976,0
2015-10-24,-0.08346547748697548,0
2015-10-25,-0.08619703264012675,0
2015-10-26,-0.08100188774294394,0
2015-10-27,-0.08751016628850665,0
2015-10-28,-0.07950524522765043,0
2015-10-29,-0.0871354211876538,0
2015-10-30,-0.07977400049695066,0
2015-10-31,-0.08306223799895354,0
2015-11-01,-0.07879205917832352,0
2015-11-02,-0.0794756874371082,0
2015-11-03,-0.08820470346332518,0
2015-11-04,-0.08757817493872581,0
2015-11-05,-0.0868668629135286,0
2015-11-06,-0.08918407725943339,0
2015-11-07,-0.08882526792514775,0
2015-11-08,-0.0744699640506825,0
2015-11-09,-0.07610214246117221,0
2015-11-10,-0.08888864715036962,0
2015-11-11,-0.07837121651534035,0
2015-11-12,-0.07954860922358759,0
2015-11-13,-0.08788232695238121,0
2015-11-14,-0.08402087482548713,0
2015-11-15,-0.08763777153504847,0
2015-11-16,-0.08406035382986937,0
2015-11-17,-0.08053352277531287,0
2015-11-18,-0.08157580386136261,0
2015-11-19,-0.0762185837024098,0
2015-11-20,-0.08577258690089112,0
2015-11-21,-0.08206194178656569,0
2015-11-22,-0.07723141398479452,0
2015-11-23,-0.08059490768449468,0
2015-11-24,-0.07916273325192207,0
2015-11-25,-0.0880778071900682,0
2015-11-26,-0.08827174777643854,0
2015-11-27,-0.0887166804377607,0
2015-11-28,-0.07690690968871737,0
2015-11-29,-0.08134949796844876,0
2015-11-30,-0.0776143018145648,0
2015-12-01,-0.07828267203317445,0
2015-12-02,-0.08131180963517898,0
2015-12-03,-0.08212203220889688,0
2015-12-04,-0.06626939025373225,0
2015-12-05,-0.07440402686603458,0
2015-12-06,-0.08698427634677158,0
2015-12-07,-0.07651075961794088,0
2015-12-08,-0.08667841500124608,0
2015-12-09,-0.07005264138101303,0
2015-12-10,-0.07944734222523536,0
2015-12-11,-0.08037608964867152,0
2015-12-12,-0.08543217427951154,0
2015-12-13,-0.08278271932842068,0
2015-12-14,-0.0709603378713571,0
2015-12-15,-0.07273698036103324,0
2015-12-16,-0.0753796377104485,0
2015-12-17,-0.07689588100172477,0
2015-12-18,-0.08545275612593718,0
2015-12-19,-0.08200610408174563,0
2015-12-20,-0.07708012697487088,0
2015-12-21,-0.083471953101224,0
2015-12-22,-0.08023361804082761,0
2015-12-23,-0.0788682152328474,0
2015-12-24,-0.08727785021454183,0
2015-12-25,-0.08749923184381637,0
2015-12-26,-0.08941361930863564,0
2015-12-27,-0.08455159056502644,0
2015-12-28,-0.08014672456042721,0
2015-12-29,-0.08446503160482366,0
2015-12-30,-0.08655181126058951,0
2015-12-31,-0.08185407263670862,0
2016-01-01,-0.08322435926901235,0
2016-01-02,-0.08679798537168881,0
2016-01-03,-0.08518823660972594,0
2016-01-04,-0.07180054511862974,0
2016-01-05,-0.08471997336651897,0
2016-01-06,-0.07307411876969548,0
2016-01-07,-0.08530187131570627,0
2016-01-08,-0.08689126856788967,0
2016-01-09,-0.08530914233643816,0
2016-01-10,-0.0747442722104919,0
2016-01-11,-0.08815231991512042,0
2016-01-12,-0.08205281984027621,0
2016-01-13,-0.07172496142886188,0
2016-01-14,-0.07604835544103981,0
2016-01-15,-0.0855559368215592,0
2016-01-16,-0.0743988126120126,0
2016-01-17,-0.08603444955609808,0
2016-01-18,-0.072611740030575,0
2016-01-19,-0.0809962165422922,0
2016-01-20,-0.081194455847429,0
2016-01-21,-0.07032981638568558,0
2016-01-22,-0.08897836653208231,0
2016-01-23,-0.08617510018582618,0
2016-01-24,-0.08857379651178263,0
2016-01-25,-0.07461036446931761,0
2016-01-26,-0.07245272824715468,0
2016-01-27,-0.08892993760481947,0
2016-01-28,-0.0792801314894375,0
2016-01-29,-0.0816024619708854,0
2016-01-30,-0.0826808027809612,0
2016-01-31,-0.08387340599284004,0
2016-02-01,-0.08672057993847844,0
2016-02-02,-0.08305054915244654,0
2016-02-03,-0.08577563822294927,0
2016-02-04,-0.08474826043512078,0
2016-02-05,-0.08907808520980254,0
2016-02-06,-0.07453641405627821,0
2016-02-07,-0.08639371872820178,0
2016-02-08,-0.08132874390317951,0
2016-02-09,-0.07477658947413654,0
2016-02-10,-0.07353755779785903,0
2016-02-11,-0.08030858139411519,0
2016-02-12,-0.08903200011271395,0
2016-02-13,-0.08702841572129412,0
2016-02-14,-0.08011828100202954,0
2016-02-15,-0.08873511665043,0
2016-02-16,-0.08308466536501152,0
2016-02-17,-0.08170553714675803,0
2016-02-18,-0.08357074106725641,0
2016-02-19,-0.08237934071417494,0
2016-02-20,-0.0875852489958339,0
2016-02-21,-0.07792756157793083,0
2016-02-22,-0.08498993656388658,0
2016-02-23,-0.08475287514012604,0
2016-02-24,-0.08939345559892202,0
2016-02-25,-0.08696216341451862,0
2016-02-26,-0.08954586371726188,0
2016-02-27,-0.07393907956776066,0
2016-02-28,-0.08735872534369737,0
2016-02-29,-0.07642915583625152,0
2016-03-01,-0.08039143235367624,0
2016-03-02,-0.0799315981099529,0
2016-03-03,-0.0874366284698624,0
2016-03-04,-0.08368710591321288,0
2016-03-05,-0.07735729740540218,0
2016-03-06,-0.08481563067567498,0
2016-03-07,-0.08036020901872347,0
2016-03-08,-0.08218721134400879,0
2016-03-09,-0.07573366975780196,0
2016-03-10,-0.07610397106505787,0
2016-03-11,-0.07193938233476091,0
2016-03-12,-0.0870859183536984,0
2016-03-13,-0.0766505049140604,0
2016-03-14,-0.08235331911101379,0
2016-03-15,-0.07760955272444076,0
2016-03-16,-0.08801008227499446,0
2016-03-17,-0.08061785453510367,0
2016-03-18,-0.08795303962071677,0
2016-03-19,-0.08743855416401014,0
2016-03-20,-0.07441653164130953,0
2016-03-21,-0.08283956944645918,0
2016-03-22,-0.08791696837924771,0
2016-03-23,-0.08751447262631405,0
2016-03-24,-0.07832555762045884,0
2016-03-25,-0.08930793491239893,0
2016-03-26,-0.08319851443088284,0
2016-03-27,-0.07507089018866614,0
2016-03-28,-0.08072246427760331,0
2016-03-29,-0.08703188169717556,0
2016-03-30,-0.07149684293270658,0
2016-03-31,-0.07940145351296125,0
2016-04-01,-0.06853797392323206,0
2016-04-02,-0.08007569239846772,0
2016-04-03,-0.07014026139753587,0
2016-04-04,-0.08563252291383693,0
2016-04-05,-0.07977997590631146,0
2016-04-06,-0.08750558691348903,0
2016-04-07,-0.08687587331941878,0
2016-04-08,-0.08046816558717086,0
2016-04-09,-0.08639181296272122,0
2016-04-10,-0.08734988373298866,0
2016-04-11,-0.0835231350936672,0
2016-04-12,-0.08886457850025645,0
2016-04-13,-0.08800145336064982,0
2016-04-14,-0.08562216640025008,0
2016-04-15,-0.083911104810111,0
2016-04-16,-0.08419570665524498,0
2016-04-17,-0.07848853149482714,0
2016-04-18,-0.07985523097775572,0
2016-04-19,-0.08291000247296905,0
2016-04-20,-0.08356393736918459,0
2016-04-21,-0.08172299684000527,0
2016-04-22,-0.08689783033681082,0
2016-04-23,-0.08852086904212948,0
2016-04-24,-0.07383447393839086,0
2016-04-25,-0.08626970228400202,0
2016-04-26,-0.06947248419904731,0
2016-04-27,-0.08385073841649067,0
2016-04-28,-0.07578098438940278,0
2016-04-29,-0.0820193925494231,0
2016-04-30,-0.08304144450167161,0
2016-05-01,-0.07394597490778336,0
2016-05-02,-0.07498190731438903,0
2016-05-03,-0.08749086844717512,0
2016-05-04,-0.08272043725791435,0
2016-05-05,-0.07608663243853184,0
2016-05-06,-0.0744861483626859,0
2016-05-07,-0.08607192563714042,0
2016-05-08,-0.08899741485301257,0
2016-05-09,-0.07357614283446606,0
2016-05-10,-0.07722140979474756,0
2016-05-11,-0.0830266064082134,0
2016-05-12,-0.08509379543914856,0
2016-05-13,-0.08921083339189931,0
2016-05-14,-0.07396647262284384,0
2016-05-15,-0.08048822619698427,0
2016-05-16,-0.07732372689895418,0
2016-05-17,-0.08688084826436396,0
2016-05-18,-0.07218783498448227,0
2016-05-19,-0.06851470849261847,0
2016-05-20,-0.07409409786906357,0
2016-05-21,-0.08758272370361597,0
2016-05-22,-0.0849062967567609,0
2016-05-23,-0.0848852062711956,0
2016-05-24,-0.08294086566605065,0
2016-05-25,-0.06997572615744045,0
2016-05-26,-0.0842954367357686,0
2016-05-27,-0.07977725171935926,0
2016-05-28,-0.08657364560330257,0
2016-05-29,-0.08277918312365891,0
2016-05-30,-0.08522444607265611,0
2016-05-31,-0.07532446670965874,0
2016-06-01,-0.07192440956710663,0
2016-06-02,-0.08164730909291935,0
2016-06-03,-0.08517798377422635,0
2016-06-04,-0.06514665492977416,0
2016-06-05,-0.0875714058061407,0
2016-06-06,-0.08370244837049275,0
2016-06-07,-0.08343402137395901,0
2016-06-08,-0.0803028874410292,0
2016-06-09,-0.08751044003631314,0
2016-06-10,-0.02844200892728814,0
2016-06-11,-0.07812989901899782,0
2016-06-12,-0.08357914105956546,0
2016-06-13,-0.088813505931975,0
2016-06-14,-0.08460307786210129,0
2016-06-15,-0.07616268253363127,0
2016-06-16,-0.0767118672425808,0
2016-06-17,-0.07438286075693044,0
2016-06-18,-0.08610889078987352,0
2016-06-19,-0.08926764035559873,0
2016-06-20,-0.08395989551757838,0
2016-06-21,-0.0806820083722978,0
2016-06-22,-0.07907148857048407,0
2016-06-23,-0.08428725482530704,0
2016-06-24,-0.08350856981915815,0
2016-06-25,-0.0768821351596541,0
2016-06-26,-0.07613044532257728,0
2016-06-27,-0.08678445965510136,0
2016-06-28,-0.07150983784297832,0
2016-06-29,-0.07777857814515118,0
2016-06-30,-0.08238937643180529,0
2016-07-01,-0.0810903501073377,0
2016-07-02,-0.07529051301611797,0
2016-07-03,-0.07922419159634868,0
2016-07-04,-0.08676132401849516,0
2016-07-05,-0.0767641028344225,0
2016-07-06,-0.08518521545484714,0
2016-07-07,-0.08078482485648758,0
2016-07-08,-0.08013947679307347,0
2016-07-09,-0.0811120383038092,0
2016-07-10,-0.08546051174305898,0
2016-07-11,-0.07920742152936452,0
2016-07-12,-0.07234371715067331,0
2016-07-13,-0.0638868882665055,0
2016-07-14,-0.06636192843369945,0
2016-07-15,-0.0741967122100145,0
2016-07-16,-0.07350528643860582,0
2016-07-17,-0.03729654910576388,0
2016-07-18,-0.08901830375071203,0
2016-07-19,-0.08037242033293401,0
2016-07-20,-0.08371396956932549,0
2016-07-21,-0.08671639007221316,0
2016-07-22,-0.08718244255377891,0
2016-07-23,-0.0829968316444457,0
2016-07-24,-0.08549685341388641,0
2016-07-25,-0.07679845595994145,0
2016-07-26,-0.08484844563991988,0
2016-07-27,-0.08902503730933058,0
2016-07-28,-0.06710789997852858,0
2016-07-29,-0.08915393703336365,0
2016-07-30,-0.08457822747511856,0
2016-07-31,-0.08666955418795434,0
2016-08-01,-0.0774675162795407,0
2016-08-02,-0.07562448696112775,0
2016-08-03,-0.08269539152554659,0
2016-08-04,-0.06859647256886893,0
2016-08-05,-0.08090033546615312,0
2016-08-06,-0.0844904844814478,0
2016-08-07,-0.08405362594480496,0
2016-08-08,-0.07701173369316709,0
2016-08-09,-0.0852570654781043,0
2016-08-10,-0.08495919017972677,0
2016-08-11,-0.08217283603921874,0
2016-08-12,-0.0871920750826587,0
2016-08-13,-0.07938436703173701,0
2016-08-14,-0.08567074014766059,0
2016-08-15,-0.08490294601280175,0
2016-08-16,-0.07913513399548616,0
2016-08-17,-0.08108231540537468,0
2016-08-18,-0.08559456223506702,0
2016-08-19,-0.07976397318835361,0
2016-08-20,-0.08498892373389187,0
2016-08-21,-0.08829968046930299,0
2016-08-22,-0.08646115171430417,0
2016-08-23,-0.08827337433900222,0
2016-08-24,-0.08199290287792509,0
2016-08-25,-0.07879503784213207,0
2016-08-26,-0.08274260883075818,0
2016-08-27,-0.08446692335181254,0
2016-08-28,-0.0883945915229106,0
2016-08-29,-0.07906912146891443,0
2016-08-30,-0.07376574519939195,0
2016-08-31,-0.07366934142479693,0
2016-09-01,-0.06431474363372001,0
2016-09-02,-0.07157292145392172,0
2016-09-03,-0.06549830586705434,0
2016-09-04,-0.05126647417829388,0
2016-09-05,-0.08460207118381038,0
2016-09-06,-0.07493998273147676,0
2016-09-07,-0.08071039236664672,0
2016-09-08,-0.08614271422975857,0
2016-09-09,-0.07435810337379133,0
2016-09-10,-0.08514836212041894,0
2016-09-11,-0.0785321217544441,0
2016-09-12,-0.07214970210180875,0
2016-09-13,-0.07769341345279394,0
2016-09-14,-0.07700716590585505,0
2016-09-15,-0.08596787107718235,0
2016-09-16,-0.0770904587150342,0
2016-09-17,-0.08808304346843758,0
2016-09-18,-0.08724411855734651,0
2016-09-19,-0.0793824658172523,0
2016-09-20,-0.08374704710271572,0
2016-09-21,-0.08276015955207278,0
2016-09-22,-0.07814700783638331,0
2016-09-23,-0.0817013307312594,0
2016-09-24,-0.07764049853511755,0
2016-09-25,-0.07611251131402293,0
2016-09-26,-0.08512088259122234,0
2016-09-27,-0.08504656471093092,0
2016-09-28,-0.08185744452623449,0
2016-09-29,-0.08652736963969318,0
2016-09-30,-0.08196256206548229,0
2016-10-01,-0.08090103922200306,0
2016-10-02,-0.07839288698421909,0
2016-10-03,-0.0867801034435502,0
2016-10-04,-0.08398022401901718,0
2016-10-05,-0.08385312688605501,0
2016-10-06,-0.08314180262321241,0
2016-10-07,-0.08145193912639972,0
2016-10-08,-0.08547460572003347,0
2016-10-09,-0.08527166705038405,0
2016-10-10,-0.08525389294093552,0
2016-10-11,-0.08884851348822566,0
2016-10-12,-0.08653345925791595,0
2016-10-13,-0.08870863704431384,0
2016-10-14,-0.08922793419301056,0
2016-10-15,-0.08620346599944884,0
2016-10-16,-0.08201027909478016,0
2016-10-17,-0.08654071157304552,0
2016-10-18,-0.0805141300355841,0
2016-10-19,-0.07978874829922451,0
2016-10-20,-0.08181265961547116,0
2016-10-21,-0.08610777082931757,0
2016-10-22,-0.08621583809427277,0
2016-10-23,-0.08172365529825866,0
2016-10-24,-0.07944702455990683,0
2016-10-25,-0.0888568159702044,0
2016-10-26,-0.08360569315349717,0
2016-10-27,-0.0890791297226412,0
2016-10-28,-0.07164868849290522,0
2016-10-29,-0.07711716301550642,0
2016-10-30,-0.08575216168610798,0
2016-10-31,-0.07815146736306453,0
2016-11-01,-0.07815935061071448,0
2016-11-02,-0.07788358026007484,0
2016-11-03,-0.08188451288787964,0
2016-11-04,-0.08082612129452788,0
2016-11-05,-0.08390179971992211,0
2016-11-06,-0.07751581361089396,0
2016-11-07,-0.07367328512779962,0
2016-11-08,-0.08171724248371713,0
2016-11-09,-0.08768233561132008,0
2016-11-10,-0.07807803142216682,0
2016-11-11,-0.08921104778088208,0
2016-11-12,-0.08227421371294151,0
2016-11-13,-0.07790230387631376,0
2016-11-14,-0.08611006574766349,0
2016-11-15,-0.08257443572817061,0
2016-11-16,-0.0890189562316366,0
2016-11-17,-0.07154050094438233,0
2016-11-18,-0.08089203789540916,0
2016-11-19,-0.08654889251953937,0
2016-11-20,-0.07725202526981828,0
2016-11-21,-0.08599262153329415,0
2016-11-22,-0.08455169762565846,0
2016-11-23,-0.06805410006489668,0
2016-11-24,-0.08510252637088324,0
2016-11-25,-0.08519365070985425,0
2016-11-26,-0.08198143205970307,0
2016-11-27,-0.08758726367329218,0
2016-11-28,-0.08129265365197764,0
2016-11-29,-0.08233171674503044,0
2016-11-30,-0.08113965476155341,0
2016-12-01,-0.07719484769050715,0
2016-12-02,-0.08796060896157709,0
2016-12-03,-0.0839621658165339,0
2016-12-04,-0.08903551731921339,0
2016-12-05,-0.07276164164741689,0
2016-12-06,-0.08295560432512078,0
2016-12-07,-0.08116280943201337,0
2016-12-08,-0.08054136112031772,0
2016-12-09,-0.0833187152626167,0
2016-12-10,-0.0803224536747818,0
2016-12-11,-0.08548511901835731,0
2016-12-12,-0.08271494940931198,0
2016-12-13,-0.08779901453919049,0
2016-12-14,-0.08812338108971128,0
2016-12-15,-0.08538819964741462,0
2016-12-16,-0.08702248439810864,0
2016-12-17,-0.07127570433749288,0
2016-12-18,-0.07816666651005232,0
2016-12-19,-0.08489093221298967,0
2016-12-20,-0.08854372198916163,0
2016-12-21,-0.08589490160762335,0
2016-12-22,-0.08803356739562579,0
2016-12-23,-0.08555135307824444,0
2016-12-24,-0.08467088019384265,0
2016-12-25,-0.08729149362598691,0
2016-12-26,-0.08333888157573728,0
2016-12-27,-0.0774224518530194,0
2016-12-28,-0.08259056730661576,0
2016-12-29,-0.07826203487215885,0
2016-12-30,-0.08799201767328084,0
2016-12-31,-0.07851967322539527,0
2017-01-01,-0.08905761743870763,0
2017-01-02,-0.0855601121787112,0
2017-01-03,-0.07733157912149038,0
2017-01-04,-0.08399084879777048,0
2017-01-05,-0.0817371075733955,0
2017-01-06,-0.07528851573953205,0
2017-01-07,-0.08569882492492147,0
2017-01-08,-0.08144159836801616,0
2017-01-09,-0.08887385400879713,0
2017-01-10,-0.08163135398001299,0
2017-01-11,-0.0873955038014475,0
2017-01-12,-0.08718850867856405,0
2017-01-13,-0.08293417518378392,0
2017-01-14,-0.08235780812630121,0
2017-01-15,-0.08773008808561152,0
2017-01-16,-0.06998104879148215,0
2017-01-17,-0.08107882263365401,0
2017-01-18,-0.08489838386252067,0
2017-01-19,-0.08827976861338103,0
2017-01-20,-0.07737565835072537,0
2017-01-21,-0.08176204942723873,0
2017-01-22,-0.08600753798243935,0
2017-01-23,-0.08931655266041451,0
2017-01-24,-0.08335184769419138,0
2017-01-25,-0.07297038874440753,0
2017-01-26,-0.07768776700124648,0
2017-01-27,-0.08564573017928616,0
2017-01-28,-0.08663323356745496,0
2017-01-29,-0.08131081005286499,0
2017-01-30,-0.08548933141272043,0
2017-01-31,-0.08422675204588659,0
2017-02-01,-0.08819954144454338,0
2017-02-02,-0.08872037211582964,0
2017-02-03,-0.07106955741802515,0
2017-02-04,-0.08749039235999669,0
2017-02-05,-0.08633067936664338,0
2017-02-06,-0.08595501164340544,0
2017-02-07,-0.0829615064919151,0
2017-02-08,-0.08083033971538568,0
2017-02-09,-0.08609583842863121,0
2017-02-10,-0.08950784798218278,0
2017-02-11,-0.08394895419813515,0
2017-02-12,-0.084177164408973,0
2017-02-13,-0.08008748731950224,0
2017-02-14,-0.0757922773270423,0
2017-02-15,-0.07641683027373568,0
2017-02-16,-0.08833176646188642,0
2017-02-17,-0.07639747286459281,0
2017-02-18,-0.07950720440238544,0
2017-02-19,-0.08191365930311804,0
2017-02-20,-0.08667684554539519,0
2017-02-21,-0.07523090143107963,0
2017-02-22,-0.07592657528450886,0
2017-02-23,-0.0843546520261073,0
2017-02-24,-0.08064938079136655,0
2017-02-25,-0.0777398855186318,0
2017-02-26,-0.08636051076609501,0
2017-02-27,-0.08156241466550597,0
2017-02-28,-0.08706383508001195,0
2017-03-01,-0.06734197220260346,0
2017-03-02,-0.07313241948955346,0
2017-03-03,-0.08475157827335099,0
2017-03-04,-0.08311098197244689,0
2017-03-05,-0.08623987547526928,0
2017-03-06,-0.08947848974037781,0
2017-03-07,-0.08162016054531021,0
2017-03-08,-0.08413271078639485,0
2017-03-09,-0.08450981448125351,0
2017-03-10,-0.07827534727028135,0
2017-03-11,-0.08206867642452988,0
2017-03-12,-0.08455339113493872,0
2017-03-13,-0.08821153872163713,0
2017-03-14,-0.08159719170179351,0
2017-03-15,-0.08137114097377418,0
2017-03-16,-0.07859586068073712,0
2017-03-17,-0.08871294492822207,0
2017-03-18,-0.08111066857458601,0
2017-03-19,-0.08192361382774245,0
2017-03-20,-0.07150798226987065,0
2017-03-21,-0.08693411458087144,0
2017-03-22,-0.07149387661660678,0
2017-03-23,-0.08527841761720883,0
2017-03-24,-0.07834659190562263,0
2017-03-25,-0.08887217518773728,0
2017-03-26,-0.06974990493980332,0
2017-03-27,-0.08803985932032979,0
2017-03-28,-0.0862089678332141,0
2017-03-29,-0.07924675990935107,0
2017-03-30,-0.07231311713229187,0
2017-03-31,-0.08021406105652931,0
2017-04-01,-0.0738225097450815,0
2017-04-02,-0.08164092166536792,0
2017-04-03,-0.08152216991477113,0
2017-04-04,-0.08735858138322611,0
2017-04-05,-0.08066347870878939,0
2017-04-06,-0.08777459159118171,0
2017-04-07,-0.0827080282702535,0
2017-04-08,-0.08947720205049005,0
2017-04-09,-0.06662811264629433,0
2017-04-10,-0.08551894304553617,0
2017-04-11,-0.08363204784955666,0
2017-04-12,-0.08235929366026033,0
2017-04-13,-0.08786523842254326,0
2017-04-14,-0.08355129281891689,0
2017-04-15,-0.08046946099874189,0
2017-04-16,-0.08268552923160952,0
2017-04-17,-0.07895756192671466,0
2017-04-18,-0.08358066811081707,0
2017-04-19,-0.0703264661040595,0
2017-04-20,-0.08217153828137592,0
2017-04-21,-0.07841078375490958,0
2017-04-22,-0.07661429588376263,0
2017-04-23,-0.07907801303983678,0
2017-04-24,-0.08057510242951835,0
2017-04-25,-0.08193932886072647,0
2017-04-26,-0.08531815050927608,0
2017-04-27,-0.08614319552647366,0
2017-04-28,-0.08239146593616037,0
2017-04-29,-0.07381506433549988,0
2017-04-30,-0.0834798109255048,0
2017-05-01,-0.07890679791038892,0
2017-05-02,-0.08873128624269896,0
2017-05-03,-0.08661787327508225,0
2017-05-04,-0.08359898723499433,0
2017-05-05,-0.08962511291548857,0
2017-05-06,-0.0763055648979634,0
2017-05-07,-0.08688721785501197,0
2017-05-08,-0.07561945569850816,0
2017-05-09,-0.0829641619708739,0
2017-05-10,-0.07694685759159699,0
2017-05-11,-0.07535648870231954,0
2017-05-12,-0.08843562223465488,0
2017-05-13,-0.08652276057778598,0
2017-05-14,-0.08630479927823088,0
2017-05-15,-0.0848014289603863,0
2017-05-16,-0.07218713465352576,0
2017-05-17,-0.0847382969171518,0
2017-05-18,-0.08362290982961461,0
2017-05-19,-0.07870198685896758,0
2017-05-20,-0.06456167143955216,0
2017-05-21,-0.07628608070687122,0
2017-05-22,-0.08749047642227778,0
2017-05-23,-0.07116602620920434,0
2017-05-24,-0.07233769477623625,0
2017-05-25,-0.08266091959807582,0
2017-05-26,-0.07455562758549265,0
2017-05-27,-0.08384961922607709,0
2017-05-28,-0.07567501602374045,0
2017-05-29,-0.08516791443683541,0
2017-05-30,-0.08474583833848796,0
2017-05-31,-0.08099311515041538,0
2017-06-01,-0.08357147108098233,0
2017-06-02,-0.08555950357976855,0
2017-06-03,-0.08527530321724605,0
2017-06-04,-0.0782555305423291,0
2017-06-05,-0.08929626324783539,0
2017-06-06,-0.07600968906303526,0
2017-06-07,-0.08395974275865493,0
2017-06-08,-0.08954889723152809,0
2017-06-09,-0.08330758957377357,0
2017-06-10,-0.08148178700637382,0
2017-06-11,-0.0726231365136523,0
2017-06-12,-0.07292955401822526,0
2017-06-13,-0.07891189825763517,0
2017-06-14,-0.08403742693236191,0
2017-06-15,-0.07468519938779856,0
2017-06-16,-0.07373834150858817,0
2017-06-17,-0.08760762050113921,0
2017-06-18,-0.07508390725291474,0
2017-06-19,-0.08643522578274522,0
2017-06-20,-0.07581467351213467,0
2017-06-21,-0.08391064594333138,0
2017-06-22,-0.08668889258226138,0
2017-06-23,-0.07725737094956821,0
2017-06-24,-0.08565872382018633,0
2017-06-25,-0.08620840890035752,0
2017-06-26,-0.0854886416245702,0
2017-06-27,-0.08282031822986553,0
2017-06-28,-0.08902437224188897,0
2017-06-29,-0.07537038939907244,0
2017-06-30,-0.08383501570616536,0
2017-07-01,-0.07385866136286053,0
2017-07-02,-0.0894766568015757,0
2017-07-03,-0.07585693610118391,0
2017-07-04,-0.07612242469646946,0
2017-07-05,-0.08955225880698744,0
2017-07-06,-0.07280131559583075,0
2017-07-07,-0.08808043249190499,0
2017-07-08,-0.0784577461490411,0
2017-07-09,-0.0851978080343323,0
2017-07-10,-0.08897317437282103,0
2017-07-11,-0.07844173688226323,0
2017-07-12,-0.07439606814899703,0
2017-07-13,-0.0867984612844297,0
2017-07-14,-0.08491326317404661,0
2017-07-15,-0.07669328370712768,0
2017-07-16,-0.08736742256089529,0
2017-07-17,-0.08808434746312845,0
2017-07-18,-0.08513576091554842,0
2017-07-19,-0.07397437003209203,0
2017-07-20,-0.08352340384350194,0
2017-07-21,-0.08166269205318744,0
2017-07-22,-0.08605728641794086,0
2017-07-23,-0.0794494006152075,0
2017-07-24,-0.07897956122028067,0
2017-07-25,-0.06871319444409714,0
2017-07-26,-0.08226427361434932,0
2017-07-27,-0.07074140789467814,0
2017-07-28,-0.07940549118528581,0
2017-07-29,-0.08560204429442685,0
2017-07-30,-0.07170760329359616,0
2017-07-31,-0.08515760912741975,0
2017-08-01,-0.08440875623461852,0
2017-08-02,-0.07497183773553234,0
2017-08-03,-0.07997055919596685,0
2017-08-04,-0.07967760596725479,0
2017-08-05,-0.08801614704681038,0
2017-08-06,-0.08918221021925583,0
2017-08-07,-0.0871634724723768,0
2017-08-08,-0.0773355781089754,0
2017-08-09,-0.08536053984591754,0
2017-08-10,-0.08191985548823098,0
2017-08-11,-0.08290324319322387,0
2017-08-12,-0.08917593663046729,0
2017-08-13,-0.08458178740556765,0
2017-08-14,-0.07917297214933516,0
2017-08-15,-0.07216844873032535,0
2017-08-16,-0.07654559018523982,0
2017-08-17,-0.0883662762511268,0
2017-08-18,-0.07202797410529105,0
2017-08-19,-0.0794680659888195,0
2017-08-20,-0.08917125312061853,0
2017-08-21,-0.08385133157466423,0
2017-08-22,-0.07688019186710955,0
2017-08-23,-0.08624602040639318,0
2017-08-24,-0.07834708297067729,0
2017-08-25,-0.08256892115163343,0
2017-08-26,-0.08233325064587291,0
2017-08-27,-0.07676919444860221,0
2017-08-28,-0.08386589183358618,0
2017-08-29,-0.08266783019171979,0
2017-08-30,-0.07694886586729653,0
2017-08-31,-0.08444520874627169,0
2017-09-01,-0.0844061697993552,0
2017-09-02,-0.08524554051492196,0
2017-09-03,-0.08338534473534022,0
2017-09-04,-0.0799206730164886,0
2017-09-05,-0.08358719528952287,0
2017-09-06,-0.07289577635045641,0
2017-09-07,-0.08161868169505476,0
2017-09-08,-0.08108004895612729,0
2017-09-09,-0.0826004421647382,0
2017-09-10,-0.08383760021336649,0
2017-09-11,-0.08404071562115702,0
2017-09-12,-0.08863154695638485,0
2017-09-13,-0.07804273462424727,0
2017-09-14,-0.07382520779557068,0
2017-09-15,-0.07895481891213706,0
2017-09-16,-0.07637233761609562,0
2017-09-17,-0.07528515569397257,0
2017-09-18,-0.07942770702890406,0
2017-09-19,-0.08775029913730747,0
2017-09-20,-0.08524088836120146,0
2017-09-21,-0.08814560232134018,0
2017-09-22,-0.08328073968410092,0
2017-09-23,-0.08016790947806057,0
2017-09-24,-0.08939319583503091,0
2017-09-25,-0.0855117511788514,0
2017-09-26,-0.08244188705870732,0
2017-09-27,-0.08625180493114763,0
2017-09-28,-0.08236586700164573,0
2017-09-29,-0.07876790702258832,0
2017-09-30,-0.08851874467384266,0
2017-10-01,-0.08861027682102497,0
2017-10-02,-0.08678876729799377,0
2017-10-03,-0.08449975280155364,0
2017-10-04,-0.0837359893469168,0
2017-10-05,-0.07911908347056634,0
2017-10-06,-0.082866346086771,0
2017-10-07,-0.07730301021516757,0
2017-10-08,-0.0824760410208795,0
2017-10-09,-0.08919915567032743,0
2017-10-10,-0.08837268812436246,0
2017-10-11,-0.08189206820148688,0
2017-10-12,-0.07437914108963159,0
2017-10-13,-0.08745698987254961,0
2017-10-14,-0.08478241618148544,0
2017-10-15,-0.07218454008000812,0
2017-10-16,-0.07535118471863081,0
2017-10-17,-0.07225949738849934,0
2017-10-18,-0.08714150192885625,0
2017-10-19,-0.07915900739192566,0
2017-10-20,-0.07739724168108437,0
2017-10-21,-0.07238413279277775,0
2017-10-22,-0.07659760845264116,0
2017-10-23,-0.07504041047862961,0
2017-10-24,-0.08894209820814737,0
2017-10-25,-0.08196519021948326,0
2017-10-26,-0.0848262854742597,0
2017-10-27,-0.07956924101941318,0
2017-10-28,-0.07339821722634587,0
2017-10-29,-0.08858890231642294,0
2017-10-30,-0.08546298911651357,0
2017-10-31,-0.08479565579339138,0
2017-11-01,-0.07863480050901836,0
2017-11-02,-0.08079139559855347,0
2017-11-03,-0.07209974169546082,0
2017-11-04,-0.07617651236475066,0
2017-11-05,-0.08936328341736746,0
2017-11-06,-0.083837580612457,0
2017-11-07,-0.08673669102819366,0
2017-11-08,-0.07820239179405851,0
2017-11-09,-0.08487910819669896,0
2017-11-10,-0.07038856829426948,0
2017-11-11,-0.07625355037725134,0
2017-11-12,-0.07123305175118395,0
2017-11-13,-0.07863673221657813,0
2017-11-14,-0.08841787516938858,0
2017-11-15,-0.07897878449934448,0
2017-11-16,-0.08594104119786027,0
2017-11-17,-0.08524698715629529,0
2017-11-18,-0.07861254505104276,0
2017-11-19,-0.07629058957775377,0
2017-11-20,-0.0805047625337936,0
2017-11-21,-0.07979651533201951,0
2017-11-22,-0.0846344945694012,0
2017-11-23,-0.07638859285235029,0
2017-11-24,-0.07808371556718767,0
2017-11-25,-0.06547758846526595,0
2017-11-26,-0.07174961533883367,0
2017-11-27,-0.07163208822996907,0
2017-11-28,-0.08586298911018789,0
2017-11-29,-0.08752448846995102,0
2017-11-30,-0.0780129062614925,0
2017-12-01,-0.0881335398903701,0
2017-12-02,-0.0833335746435499,0
2017-12-03,-0.08899642305917901,0
2017-12-04,-0.08535348129334258,0
2017-12-05,-0.08056181980615201,0
2017-12-06,-0.07495923488351469,0
2017-12-07,-0.07244940953023492,0
2017-12-08,-0.08665787937690106,0
2017-12-09,-0.08401009994682453,0
2017-12-10,-0.08717701370666898,0
2017-12-11,-0.07995330864958537,0
2017-12-12,-0.08220033044234863,0
2017-12-13,-0.0716832690196165,0
2017-12-14,-0.08357098358343532,0
2017-12-15,-0.0788024646960782,0
2017-12-16,-0.06859162513281283,0
2017-12-17,-0.08115286313663493,0
2017-12-18,-0.08330528773296039,0
2017-12-19,-0.0877481914092838,0
2017-12-20,-0.08587877442477186,0
2017-12-21,-0.08399718802155555,0
2017-12-22,-0.08340493011685945,0
2017-12-23,-0.07082282802913628,0
2017-12-24,-0.08776813490852045,0
2017-12-25,-0.08094124046815196,0
2017-12-26,-0.07924518534103649,0
2017-12-27,-0.0827103634406253,0
2017-12-28,-0.0752593035375478,0
2017-12-29,-0.084072459713133,0
2017-12-30,-0.08143217008197619,0
2017-12-31,-0.08806805806103027,0
2018-01-01,-0.07768429307407893,0
2018-01-02,-0.0808930851267118,0
2018-01-03,-0.07803688099101459,0
2018-01-04,-0.08360937331748705,0
2018-01-05,-0.08393641920439099,0
2018-01-06,-0.07764120790670644,0
2018-01-07,-0.0875377025445103,0
2018-01-08,-0.08750154875967744,0
2018-01-09,-0.07675196467146939,0
2018-01-10,-0.07204423701767397,0
2018-01-11,-0.08103872509767443,0
2018-01-12,-0.0830512292212832,0
2018-01-13,-0.08477353939100736,0
2018-01-14,-0.08382398733156753,0
2018-01-15,-0.08204042742236395,0
2018-01-16,-0.08567268348948832,0
2018-01-17,-0.08431155528712218,0
2018-01-18,-0.07970656792726637,0
2018-01-19,-0.07399589304272781,0
2018-01-20,-0.08810488739464535,0
2018-01-21,-0.08629251103730505,0
2018-01-22,-0.07374639446477795,0
2018-01-23,-0.08799354634230902,0
2018-01-24,-0.0768319387787664,0
2018-01-25,-0.08153264429676638,0
2018-01-26,-0.0891108351428524,0
2018-01-27,-0.0826445012002444,0
2018-01-28,-0.07293315043167045,0
2018-01-29,-0.08440361670711945,0
2018-01-30,-0.08525250100098714,0
2018-01-31,-0.08132361583466444,0
2018-02-01,-0.0798026322900886,0
2018-02-02,-0.08040074495654759,0
2018-02-03,-0.07914902370172826,0
2018-02-04,-0.08318372822004326,0
2018-02-05,-0.08013832794605712,0
2018-02-06,-0.0806141544956627,0
2018-02-07,-0.07386295661347779,0
2018-02-08,-0.0795162973399209,0
2018-02-09,-0.08038951670287554,0
2018-02-10,-0.08287519643096677,0
2018-02-11,-0.08942794976133714,0
2018-02-12,-0.08844585990245869,0
2018-02-13,-0.08860599836951266,0
2018-02-14,-0.08291600483605664,0
2018-02-15,-0.077944273579052,0
2018-02-16,-0.08803989929662633,0
2018-02-17,-0.07869091862656821,0
2018-02-18,-0.08545987842037522,0
2018-02-19,-0.089149225932616,0
2018-02-20,-0.07652141322947205,0
2018-02-21,-0.08127471690646762,0
2018-02-22,-0.08275293258014227,0
2018-02-23,-0.08690816581754127,0
2018-02-24,-0.08560461043700113,0
2018-02-25,-0.08242372193480592,0
2018-02-26,-0.06966809981036694,0
2018-02-27,-0.08780765242988989,0
2018-02-28,-0.08064255816924983,0
2018-03-01,-0.08089048458322522,0
2018-03-02,-0.08269875240586562,0
2018-03-03,-0.08480926561255288,0
2018-03-04,-0.08471626605953858,0
2018-03-05,-0.07938313212233583,0
2018-03-06,-0.07329217447179474,0
2018-03-07,-0.08563445618688191,0
2018-03-08,-0.08392027430353687,0
2018-03-09,-0.0877581934040627,0
2018-03-10,-0.08869708596777957,0
2018-03-11,-0.08929520842879134,0
2018-03-12,0.9273214082674619,1
2018-03-13,0.30565377747821143,1
2018-03-14,0.29247277826022927,1
2018-03-15,0.29056321500397825,1
2018-03-16,0.29963858902340096,1
2018-03-17,0.2810419151705027,1
2018-03-18,0.39713005233489646,1
2018-03-19,-0.07606672426088831,0
2018-03-20,-0.07318751728920933,0
2018-03-21,-0.07588805154197867,0
2018-03-22,-0.08451439826154054,0
2018-03-23,-0.08505357106006614,0
2018-03-24,-0.07468666823830201,0
2018-03-25,-0.08358851978676031,0
2018-03-26,-0.0851210059318431,0
2018-03-27,-0.07711208900223815,0
2018-03-28,-0.07795927038987378,0
2018-03-29,-0.08453928534811846,0
2018-03-30,-0.08177299401596684,0
2018-03-31,-0.07863128486283978,0
2018-04-01,-0.08804780361631101,0
2018-04-02,-0.08665927594234972,0
2018-04-03,-0.08334326935591933,0
2018-04-04,-0.0837122883715184,0
2018-04-05,-0.0823107200305852,0
2018-04-06,-0.08951395290978377,0
2018-04-07,-0.08850601097224993,0
2018-04-08,-0.08810363520881839,0
2018-04-09,-0.08160553680894334,0
2018-04-10,-0.08357863218275269,0
2018-04-11,-0.0808387419296336,0
2018-04-12,-0.0771910231287018,0
2018-04-13,-0.08906577635093325,0
2018-04-14,-0.08279900774207492,0
2018-04-15,-0.0710869346755723,0
2018-04-16,-0.07534377413309296,0
2018-04-17,-0.07509974075981612,0
2018-04-18,-0.08714218299503676,0
2018-04-19,-0.08718620124300203,0
2018-04-20,-0.08501990293010596,0
2018-04-21,-0.07898261940135864,0
2018-04-22,-0.07283521383460424,0
2018-04-23,-0.06946622759946995,0
2018-04-24,-0.06364945895731645,0
2018-04-25,-0.07728545750640914,0
2018-04-26,-0.0697474452011955,0
2018-04-27,-0.04520728856106865,0
2018-04-28,-0.08849838524975322,0
2018-04-29,-0.07169844286641447,0
2018-04-30,-0.08417082099391031,0
2018-05-01,-0.08130212040201859,0
2018-05-02,-0.07750109318182348,0
2018-05-03,-0.08545373447622773,0
2018-05-04,-0.07765135211446467,0
2018-05-05,-0.07394816926231135,0
2018-05-06,-0.07663010726435311,0
2018-05-07,-0.08016064295538398,0
2018-05-08,-0.08131596354912517,0
2018-05-09,-0.08558786838836799,0
2018-05-10,-0.07145983969608284,0
2018-05-11,-0.081489719625579,0
2018-05-12,-0.08649293224104311,0
2018-05-13,-0.08361673761990678,0
2018-05-14,-0.08617396062015067,0
2018-05-15,-0.07067068380384382,0
2018-05-16,-0.08072732158839598,0
2018-05-17,-0.08246288006746304,0
2018-05-18,-0.08042233588445405,0
2018-05-19,-0.08946985123448249,0
2018-05-20,-0.08533764983208668,0
2018-05-21,-0.08357101307140351,0
2018-05-22,-0.06916977534368694,0
2018-05-23,-0.08724470081905734,0
2018-05-24,-0.07635881016835923,0
2018-05-25,-0.08578899733748772,0
2018-05-26,-0.08894888704839478,0
2018-05-27,-0.07118385531483731,0
2018-05-28,-0.0883154653302336,0
2018-05-29,-0.07732247726200518,0
2018-05-30,-0.0830091812825604,0
2018-05-31,-0.08768152863808219,0
2018-06-01,-0.08832568641118183,0
2018-06-02,-0.07519883244012779,0
2018-06-03,-0.08279039250899106,0
2018-06-04,-0.07931179968208939,0
2018-06-05,-0.0888177180752662,0
2018-06-06,-0.07113309428653748,0
2018-06-07,-0.08220084673352253,0
2018-06-08,-0.08234449379530863,0
2018-06-09,-0.07482666638042532,0
2018-06-10,-0.0823308809136517,0
2018-06-11,-0.08314170458881834,0
2018-06-12,-0.07945990923875455,0
2018-06-13,-0.07963730936520148,0
2018-06-14,-0.05315152408389279,0
2018-06-15,-0.08787073995190124,0
2018-06-16,-0.07933441230327126,0
2018-06-17,-0.0837374404820199,0
2018-06-18,-0.08254672537618053,0
2018-06-19,-0.08654525899362475,0
2018-06-20,-0.03371375601003436,0
2018-06-21,-0.06921929482535298,0
2018-06-22,-0.07982102086205882,0
2018-06-23,-0.07503084790450251,0
2018-06-24,-0.07928802541304354,0
2018-06-25,-0.08558269153649396,0
2018-06-26,-0.07701250675725232,0
2018-06-27,-0.08741670031062056,0
2018-06-28,-0.083971835323517,0
2018-06-29,-0.08878640239502296,0
2018-06-30,-0.08118832438828864,0
2018-07-01,-0.07486072841539333,0
2018-07-02,-0.08719852774435308,0
2018-07-03,-0.07846337345678536,0
2018-07-04,-0.07214475362928598,0
2018-07-05,-0.086496552700487,0
2018-07-06,-0.08639375646370329,0
2018-07-07,-0.0895723449143098,0
2018-07-08,-0.08474653520293907,0
2018-07-09,-0.08383152593075618,0
2018-07-10,-0.08409314188648269,0
2018-07-11,-0.08208468946279687,0
2018-07-12,-0.08400348269356421,0
2018-07-13,-0.08715143562065816,0
2018-07-14,-0.07576905049602625,0
2018-07-15,-0.08152564828691627,0
2018-07-16,-0.0849982334996011,0
2018-07-17,-0.08609953138765665,0
2018-07-18,-0.08476862652912764,0
2018-07-19,-0.07292994503286368,0
2018-07-20,-0.0818725144970828,0
2018-07-21,-0.08605826760881201,0
2018-07-22,-0.08741203990550524,0
2018-07-23,-0.08832397000649167,0
2018-07-24,-0.08630643906202547,0
2018-07-25,-0.08677230595090261,0
2018-07-26,-0.08342680178535851,0
2018-07-27,-0.08815728899857678,0
2018-07-28,-0.08409018278528987,0
2018-07-29,-0.08310620210964448,0
2018-07-30,-0.0762524533165083,0
2018-07-31,-0.08888839919822913,0
2018-08-01,-0.07490470303767807,0
2018-08-02,-0.08702694582219402,0
2018-08-03,-0.07779141186643805,0
2018-08-04,-0.0820611656188739,0
2018-08-05,-0.07275743891134537,0
2018-08-06,-0.08462778896579008,0
2018-08-07,-0.08763441905143031,0
2018-08-08,-0.0843548747517176,0
2018-08-09,-0.08527591320689606,0
2018-08-10,-0.08361214496473895,0
2018-08-11,-0.08740459682985066,0
2018-08-12,-0.07644064899313963,0
2018-08-13,-0.08892087010495134,0
2018-08-14,-0.08326778879762929,0
2018-08-15,-0.07692829936621319,0
2018-08-16,-0.08639702167408435,0
2018-08-17,-0.08464436372250826,0
2018-08-18,-0.08261561561083523,0
2018-08-19,-0.06978698373523874,0
2018-08-20,-0.08400655446903488,0
2018-08-21,-0.08285400086927645,0
2018-08-22,-0.08063416173867448,0
2018-08-23,-0.07856914512265947,0
2018-08-24,-0.08009787747535072,0
2018-08-25,-0.08184595308635105,0
2018-08-26,-0.08124060384126335,0
2018-08-27,-0.08873020370232265,0
2018-08-28,-0.07083838367962898,0
2018-08-29,-0.08871962891531832,0
2018-08-30,-0.08662628228189256,0
2018-08-31,-0.08189851281630522,0
2018-09-01,-0.08706477413667821,0
2018-09-02,-0.08708487843860371,0
2018-09-03,-0.08410174107671708,0
2018-09-04,-0.08301784899870192,0
2018-09-05,-0.08445343023430416,0
2018-09-06,-0.08736774092394071,0
2018-09-07,-0.08060325267184586,0
2018-09-08,-0.07945562034532798,0
2018-09-09,-0.07886325080543834,0
2018-09-10,-0.08950631477500978,0
2018-09-11,-0.08542695853165819,0
2018-09-12,-0.08456312641013328,0
2018-09-13,-0.08661177639197316,0
2018-09-14,-0.07620028342407327,0
2018-09-15,-0.08489091880220209,0
2018-09-16,-0.06666920946304519,0
2018-09-17,-0.06877925452096792,0
2018-09-18,-0.06828030397269726,0
2018-09-19,-0.05172010428636837,0
2018-09-20,-0.044569178669063084,0
2018-09-21,-0.021514153101585148,0
2018-09-22,-0.06453372962835528,0
2018-09-23,-0.07221577296156946,0
2018-09-24,-0.0401322036802183,0
2018-09-25,-0.08312840819670578,0
2018-09-26,-0.07717238761873452,0
2018-09-27,-0.08733156148880974,0
2018-09-28,-0.0817231022734864,0
2018-09-29,-0.07271763434149428,0
2018-09-30,-0.076373956590267,0
2018-10-01,-0.0878356593798246,0
2018-10-02,-0.0838835408516608,0
2018-10-03,-0.08799630233046583,0
2018-10-04,-0.06364001669104889,0
2018-10-05,-0.07727275633650064,0
2018-10-06,-0.08324937794922017,0
2018-10-07,-0.08546903099291282,0
2018-10-08,-0.08062535744308809,0
2018-10-09,-0.07065488928109119,0
2018-10-10,-0.07355500235210681,0
2018-10-11,-0.06603986528422302,0
2018-10-12,-0.0696757168699282,0
2018-10-13,-0.04763704035655993,0
2018-10-14,-0.023872422736116818,0
2018-10-15,-0.0700413509471679,0
2018-10-16,-0.06668197057297418,0
2018-10-17,-0.06452528151721765,0
2018-10-18,-0.04645173084953531,0
2018-10-19,-0.08208818463297972,0
2018-10-20,-0.084542195391205,0
2018-10-21,-0.08263307597693025,0
2018-10-22,-0.08306506276942843,0
2018-10-23,-0.08391530713308179,0
2018-10-24,-0.08293451977389305,0
2018-10-25,-0.08409192537879304,0
2018-10-26,-0.08720893247746182,0
2018-10-27,-0.0867933994237501,0
2018-10-28,-0.08379085711921432,0
2018-10-29,-0.08337662618925112,0
2018-10-30,-0.08372635365754698,0
2018-10-31,-0.07641181753049325,0
2018-11-01,-0.07267473464702466,0
2018-11-02,-0.08810431920325694,0
2018-11-03,-0.08169257253568253,0
2018-11-04,-0.0765184027225184,0
2018-11-05,-0.08031604961485247,0
2018-11-06,-0.08506199590196137,0
2018-11-07,-0.08665777939313273,0
2018-11-08,-0.08765084680395038,0
2018-11-09,-0.07956246082384578,0
2018-11-10,-0.08150601453216362,0
2018-11-11,-0.08783008397776926,0
2018-11-12,-0.0853860993480332,0
2018-11-13,-0.0785995695995656,0
2018-11-14,-0.07279991356025724,0
2018-11-15,-0.07366456749398473,0
2018-11-16,-0.07669997017153148,0
2018-11-17,-0.08121041389335922,0
2018-11-18,-0.08286812386473895,0
2018-11-19,-0.08094424126647842,0
2018-11-20,-0.07798142737380483,0
2018-11-21,-0.08418658742948525,0
2018-11-22,-0.0887004648162704,0
2018-11-23,-0.08415832023745849,0
2018-11-24,-0.08882530827641728,0
2018-11-25,-0.08777356838235223,0
2018-11-26,-0.08252185810396583,0
2018-11-27,-0.0767003918163215,0
2018-11-28,-0.08961201424247946,0
2018-11-29,-0.08160368458898973,0
2018-11-30,-0.08363019937323973,0
2018-12-01,-0.08479481883624343,0
2018-12-02,-0.08690797222731887,0
2018-12-03,-0.08643922344649194,0
2018-12-04,-0.08638949729713157,0
2018-12-05,-0.07474496583129746,0
2018-12-06,-0.08013654673598579,0
2018-12-07,-0.07503606134678115,0
2018-12-08,-0.07804266006644592,0
2018-12-09,-0.08379409153913106,0
2018-12-10,-0.08125512383311308,0
2018-12-11,-0.08762480608199263,0
2018-12-12,-0.08257841932874531,0
2018-12-13,-0.0729171346367691,0
2018-12-14,-0.07624359575937144,0
2018-12-15,-0.07544789410129348,0
2018-12-16,-0.08685620170567977,0
2018-12-17,-0.08765553665027279,0
2018-12-18,-0.08910885305156142,0
2018-12-19,-0.08075660649684635,0
2018-12-20,-0.08085946908467043,0
2018-12-21,-0.08266520760653248,0
2018-12-22,-0.0817305099061377,0
2018-12-23,-0.07450961945034397,0
2018-12-24,-0.07804025829827585,0
2018-12-25,-0.089249237019213,0
2018-12-26,-0.06755857208680072,0
2018-12-27,-0.0827724694311819,0
2018-12-28,-0.07696545301056829,0
2018-12-29,-0.0891952994879006,0
2018-12-30,-0.08614902937242905,0
2018-12-31,-0.08772032415873438,0
2019-01-01,-0.07886103143666225,0
2019-01-02,-0.08285017233383336,0
2019-01-03,-0.08707900570409628,0
2019-01-04,-0.07846965638129816,0
2019-01-05,-0.08400818983986749,0
2019-01-06,-0.07441099325309275,0
2019-01-07,-0.08472615714072215,0
2019-01-08,-0.07369793803989796,0
2019-01-09,-0.07354971571235654,0
2019-01-10,-0.08172946081199654,0
2019-01-11,-0.06679333085562511,0
2019-01-12,-0.06948389926772698,0
2019-01-13,-0.06993262011549375,0
2019-01-14,-0.05942538242281223,0
2019-01-15,-0.07167836968707664,0
2019-01-16,-0.049940257697339376,0
2019-01-17,-0.08437657826501781,0
2019-01-18,-0.08468271023788297,0
2019-01-19,-0.07808562807354275,0
2019-01-20,-0.08428536368234525,0
2019-01-21,-0.07942131686464288,0
2019-01-22,-0.07224882030580174,0
2019-01-23,-0.08867147775830876,0
2019-01-24,-0.08909144109530871,0
2019-01-25,-0.08500723260424647,0
2019-01-26,-0.08774700865745538,0
2019-01-27,-0.08093699409372947,0
2019-01-28,-0.08485477814698576,0
2019-01-29,-0.08401340612554009,0
2019-01-30,-0.08383060143781355,0
2019-01-31,-0.07657540932992353,0
2019-02-01,-0.08949986072577869,0
2019-02-02,-0.0773083212838955,0
2019-02-03,-0.08685185309570204,0
2019-02-04,-0.07430304056771404,0
2019-02-05,-0.08734424897531014,0
2019-02-06,-0.07723337973426415,0
2019-02-07,-0.07639893407980296,0
2019-02-08,-0.08395647609896177,0
2019-02-09,-0.08133648773299412,0
2019-02-10,-0.07322172446384537,0
2019-02-11,-0.08745618450779083,0
2019-02-12,-0.08900186495459025,0
2019-02-13,-0.08585165131923461,0
2019-02-14,-0.08919480710922689,0
2019-02-15,-0.07543636456363915,0
2019-02-16,-0.08889075419816014,0
2019-02-17,-0.08803322300242074,0
2019-02-18,-0.08350634876399325,0
2019-02-19,-0.08201669377893166,0
2019-02-20,-0.07956100207990356,0
2019-02-21,-0.08307380298411898,0
2019-02-22,-0.08329189343149807,0
2019-02-23,-0.07777877667628275,0
2019-02-24,-0.07773241801826758,0
2019-02-25,-0.08529674509925202,0
2019-02-26,-0.08874659085965227,0
2019-02-27,-0.0747981261681031,0
2019-02-28,-0.08703235680555109,0
2019-03-01,-0.08072251919835251,0
2019-03-02,-0.08022393517749897,0
2019-03-03,-0.07049218306001759,0
2019-03-04,-0.08076902885743417,0
2019-03-05,-0.08571494859341587,0
2019-03-06,-0.08251297307090044,0
2019-03-07,-0.08723998526342824,0
2019-03-08,-0.08712598413063348,0
2019-03-09,-0.08491224657302315,0
2019-03-10,-0.07424346082925647,0
2019-03-11,-0.08589082108479869,0
2019-03-12,-0.0861474930970484,0
2019-03-13,-0.08859006239692857,0
2019-03-14,-0.08492436776560877,0
2019-03-15,-0.08155342718212077,0
2019-03-16,-0.06811589387355257,0
2019-03-17,-0.07832356694089768,0
2019-03-18,-0.07050683388525218,0
2019-03-19,-0.06936688488756464,0
2019-03-20,-0.06373359527940943,0
2019-03-21,-0.04561486088005343,0
2019-03-22,-0.07964964004136424,0
2019-03-23,-0.08646485988975215,0
2019-03-24,-0.08902385962159766,0
2019-03-25,-0.08026780333928281,0
2019-03-26,-0.08957313611599324,0
2019-03-27,-0.07970095511167023,0
2019-03-28,-0.07990496076099077,0
2019-03-29,-0.07605798830533966,0
2019-03-30,-0.0823112089003148,0
2019-03-31,-0.08349059912033385,0
2019-04-01,-0.08371482179992587,0
2019-04-02,-0.0818691081828152,0
2019-04-03,-0.08549282972955724,0
2019-04-04,-0.08127950479394475,0
2019-04-05,-0.0797578568331748,0
2019-04-06,-0.08209403497692433,0
2019-04-07,-0.08745660970258388,0
2019-04-08,-0.08745437586041183,0
2019-04-09,-0.0865064689205316,0
2019-04-10,-0.08128689685136559,0
2019-04-11,-0.062020916252703284,0
2019-04-12,-0.07516205359019558,0
2019-04-13,-0.07589286455465986,0
2019-04-14,-0.07094913673575796,0
2019-04-15,-0.0693729688196504,0
2019-04-16,-0.05180166417459803,0
2019-04-17,-0.06508491279490224,0
2019-04-18,-0.06193653451516683,0
2019-04-19,-0.07183302244210285,0
2019-04-20,-0.06569215871578805,0
2019-04-21,-0.06902623453993098,0
2019-04-22,-0.056252601657988344,0
2019-04-23,-0.08169824457144842,0
2019-04-24,-0.08538141531950211,0
2019-04-25,-0.08750314825293072,0
2019-04-26,-0.07981554605878252,0
2019-04-27,-0.08415959162149968,0
2019-04-28,-0.08218087492451383,0
2019-04-29,-0.08263749260341044,0
2019-04-30,-0.08384483778778541,0
2019-05-01,-0.08193792712705893,0
2019-05-02,-0.08461793432495388,0
2019-05-03,-0.08282122606914995,0
2019-05-04,-0.08253414440628434,0
2019-05-05,-0.06879291369026644,0
2019-05-06,-0.08534602087680203,0
2019-05-07,-0.07235660758223611,0
2019-05-08,-0.07836982299317402,0
2019-05-09,-0.08348245405452097,0
2019-05-10,-0.08193216257310064,0
2019-05-11,-0.08457139203658094,0
2019-05-12,-0.08380263625951088,0
2019-05-13,-0.08728344589167514,0
2019-05-14,-0.08614266247120816,0
2019-05-15,-0.0874420659708054,0
2019-05-16,-0.0781612382281319,0
2019-05-17,-0.08870562425982996,0
2019-05-18,-0.07617157728239195,0
2019-05-19,-0.07968116219397316,0
2019-05-20,-0.07886436373937628,0
2019-05-21,-0.08566506377538051,0
2019-05-22,-0.08154035255058187,0
2019-05-23,-0.08913593068637637,0
2019-05-24,-0.0871631407912823,0
2019-05-25,-0.0865104414321261,0
2019-05-26,-0.08323880581101896,0
2019-05-27,-0.07938376642885143,0
2019-05-28,-0.08088012491790261,0
2019-05-29,-0.08833438171755645,0
2019-05-30,-0.0888512330094177,0
2019-05-31,-0.08131426281013678,0
2019-06-01,-0.08125575481133264,0
2019-06-02,-0.07109794384619211,0
2019-06-03,-0.08032275112218694,0
2019-06-04,-0.08764258720949913,0
2019-06-05,-0.06843204342942422,0
2019-06-06,-0.07398221913482722,0
2019-06-07,-0.08246598843796614,0
2019-06-08,-0.07644639099473345,0
2019-06-09,-0.0702725211771652,0
2019-06-10,-0.07877555248486018,0
2019-06-11,-0.07754943232442778,0
2019-06-12,-0.07729427246288882,0
2019-06-13,-0.06486744763987078,0
2019-06-14,-0.06434911765064458,0
2019-06-15,-0.0717323089867039,0
2019-06-16,-0.06799045164250332,0
2019-06-17,-0.07297566815307438,0
2019-06-18,-0.027964096752861108,0
2019-06-19,-0.08398809052639217,0
2019-06-20,-0.07983181806802213,0
2019-06-21,-0.08649390000198336,0
2019-06-22,-0.0820252930015267,0
2019-06-23,-0.0741888155220777,0
2019-06-24,-0.089219320220623,0
2019-06-25,-0.0827716095994596,0
2019-06-26,-0.07884838465966576,0
2019-06-27,-0.07827480995725031,0
2019-06-28,-0.08716455381781116,0
2019-06-29,-0.08675172465392625,0
2019-06-30,-0.08760828047118975,0
2019-07-01,-0.07602031641419495,0
2019-07-02,-0.08243958196546469,0
2019-07-03,-0.08901204547899431,0
2019-07-04,-0.0882065921917736,0
2019-07-05,-0.07612919063763889,0
2019-07-06,-0.07798424934225487,0
2019-07-07,-0.0843576760701397,0
2019-07-08,-0.07262228152475234,0
2019-07-09,-0.08047355915345475,0
2019-07-10,-0.08211186415555896,0
2019-07-11,-0.08282602966205459,0
2019-07-12,-0.08873653766228551,0
2019-07-13,-0.07808382609973939,0
2019-07-14,-0.08251275820815418,0
2019-07-15,-0.08396738969658653,0
2019-07-16,-0.08110648293732987,0
2019-07-17,-0.07086009183468361,0
2019-07-18,-0.07655542891596039,0
2019-07-19,-0.08035970050508576,0
2019-07-20,-0.0887722904467507,0
2019-07-21,-0.085635767320136,0
2019-07-22,-0.08279112860982628,0
2019-07-23,-0.07132188313744292,0
2019-07-24,-0.08427854265902053,0
2019-07-25,-0.06846346970693937,0
2019-07-26,-0.06843850370386562,0
2019-07-27,-0.07108784715268376,0
2019-07-28,-0.07511817358057216,0
2019-07-29,-0.060873768482049735,0
2019-07-30,-0.03643389248291121,0
2019-07-31,-0.08620085678713138,0
2019-08-01,-0.08249515847798491,0
2019-08-02,-0.07905933685172248,0
2019-08-03,-0.08604621022619588,0
2019-08-04,-0.07855823219662181,0
2019-08-05,-0.08028844642206287,0
2019-08-06,-0.0759182869352135,0
2019-08-07,-0.07940031236761924,0
2019-08-08,-0.08442701881438425,0
2019-08-09,-0.07365142232981577,0
2019-08-10,-0.08295298744863604,0
2019-08-11,-0.0824917902585649,0
2019-08-12,-0.08711331606793478,0
2019-08-13,-0.08731858437011293,0
2019-08-14,-0.0872580409317159,0
2019-08-15,-0.08500431856544283,0
2019-08-16,-0.0784493210821369,0
2019-08-17,-0.07375805563672873,0
2019-08-18,-0.08331868701046558,0
2019-08-19,-0.07306264653955359,0
2019-08-20,-0.08432816269258417,0
2019-08-21,-0.08125425864916415,0
2019-08-22,-0.08487870378983861,0
2019-08-23,-0.07474464706598549,0
2019-08-24,-0.0753525900826313,0
2019-08-25,-0.08643772896192566,0
2019-08-26,-0.08398807753097452,0
2019-08-27,-0.07978460587107217,0
2019-08-28,-0.08135244267368089,0
2019-08-29,-0.08576585046696428,0
2019-08-30,-0.0794331490322842,0
2019-08-31,-0.08357208380558516,0
2019-09-01,-0.08563580569675064,0
2019-09-02,-0.07491957715449267,0
2019-09-03,-0.07276888853823339,0
2019-09-04,-0.07469667506529344,0
2019-09-05,-0.0783630404587892,0
2019-09-06,-0.07384438699894558,0
2019-09-07,-0.05741604088817412,0
2019-09-08,-0.06456338205907511,0
2019-09-09,-0.06971240967760138,0
2019-09-10,-0.06632193316540128,0
2019-09-11,-0.042785190120755524,0
2019-09-12,-0.08218634141794535,0
2019-09-13,-0.0846052113845957,0
2019-09-14,-0.08148493226313698,0
2019-09-15,-0.08881605542820986,0
2019-09-16,-0.08507230271109147,0
2019-09-17,-0.07948071560633085,0
2019-09-18,-0.08511804152797757,0
2019-09-19,-0.08468162317320531,0
2019-09-20,-0.07489821046700883,0
2019-09-21,-0.08442299882782914,0
2019-09-22,-0.07407743275618296,0
2019-09-23,-0.07199142124952493,0
2019-09-24,-0.07062107186975168,0
2019-09-25,-0.0718141201581301,0
2019-09-26,-0.07890717981289642,0
2019-09-27,-0.0849480345920113,0
2019-09-28,-0.07434223754388354,0
2019-09-29,-0.07436786233899066,0
2019-09-30,-0.0765425646875669,0
2019-10-01,-0.0890522655071912,0
2019-10-02,-0.08517400773482628,0
2019-10-03,-0.0819808448975674,0
2019-10-04,-0.08315727772749455,0
2019-10-05,-0.07843787398084633,0
2019-10-06,-0.067714265042524,0
2019-10-07,-0.07119014515107984,0
2019-10-08,-0.07467357007151552,0
2019-10-09,-0.06582615890476914,0
2019-10-10,-0.0720788334798963,0
2019-10-11,-0.05067290134167684,0
2019-10-12,-0.0874627885727315,0
2019-10-13,-0.0867270405303967,0
2019-10-14,-0.07854758504930574,0
2019-10-15,-0.08795271762167292,0
2019-10-16,-0.07420738022113173,0
2019-10-17,-0.08008556270718968,0
2019-10-18,-0.08049683605240196,0
2019-10-19,-0.07186053479949375,0
2019-10-20,-0.08192281566409729,0
2019-10-21,-0.07696386574589548,0
2019-10-22,-0.08609606264395409,0
2019-10-23,-0.08861065403955795,0
2019-10-24,-0.07134991062036208,0
2019-10-25,-0.07871152628504755,0
2019-10-26,-0.08283043372158426,0
2019-10-27,-0.08202828549793915,0
2019-10-28,-0.08637663869675856,0
2019-10-29,-0.0856281198646379,0
2019-10-30,-0.07994777290792295,0
2019-10-31,-0.08564443463984943,0
2019-11-01,-0.08546215964096099,0
2019-11-02,-0.08760807221996297,0
2019-11-03,-0.08597002167387499,0
2019-11-04,-0.07936130369049593,0
2019-11-05,-0.0861255326041446,0
2019-11-06,-0.08699298479082593,0
2019-11-07,-0.08516317184896381,0
2019-11-08,-0.07998064953806198,0
2019-11-09,-0.08263920265979406,0
2019-11-10,-0.07388498113860087,0
2019-11-11,-0.07255069715149462,0
2019-11-12,-0.07269967307011344,0
2019-11-13,-0.08491728135877313,0
2019-11-14,-0.07091599634344818,0
2019-11-15,-0.07796931233644465,0
2019-11-16,-0.0816167530710511,0
2019-11-17,-0.07959774012607543,0
2019-11-18,-0.07709956658439385,0
2019-11-19,-0.07122040039924242,0
2019-11-20,-0.08322819754711072,0
2019-11-21,-0.07263908339262563,0
2019-11-22,-0.07197243725700485,0
2019-11-23,-0.05963490760058985,0
2019-11-24,-0.05855869642603396,0
2019-11-25,-0.0696447743171047,0
2019-11-26,-0.042057378053059195,0
2019-11-27,-0.08125663916930008,0
2019-11-28,-0.08022720087364871,0
2019-11-29,-0.07260765705108194,0
2019-11-30,-0.08194946241392584,0
2019-12-01,-0.07234243253875156,0
2019-12-02,-0.07737800067499244,0
2019-12-03,-0.0730878840511348,0
2019-12-04,-0.0825717255724395,0
2019-12-05,-0.08483643215365132,0
2019-12-06,-0.007112083136784552,0
2019-12-07,-0.08160517119214047,0
2019-12-08,-0.07790054622080735,0
2019-12-09,-0.07862908013828082,0
2019-12-10,-0.08110911427126169,0
2019-12-11,-0.08010306006340366,0
2019-12-12,-0.0010502667178465444,0
2019-12-13,-0.08795676740118251,0
2019-12-14,-0.08749836925325832,0
2019-12-15,-0.08336988086884553,0
2019-12-16,-0.0824493539074075,0
2019-12-17,-0.08812333890881546,0
2019-12-18,-0.07807378952522516,0
2019-12-19,-0.0861969290108357,0
2019-12-20,-0.08174691757694276,0
2019-12-21,-0.07278445947140298,0
2019-12-22,-0.08706744074433868,0
2019-12-23,-0.07774645669342051,0
2019-12-24,-0.088688210343397,0
2019-12-25,-0.08848107692510503,0
2019-12-26,-0.07307143686970208,0
2019-12-27,-0.07866368237855298,0
2019-12-28,-0.08331287567690351,0
2019-12-29,-0.07295574181722617,0
2019-12-30,-0.08359054524152709,0
2019-12-31,-0.07533519584735894,0
2020-01-01,-0.08064523141058048,0
2020-01-02,-0.08822888360329341,0
2020-01-03,-0.08628311962818122,0
2020-01-04,-0.08700236448594781,0
2020-01-05,-0.07244599494493553,0
2020-01-06,-0.07877145729214804,0
2020-01-07,-0.08221848011195634,0
2020-01-08,-0.08731494459388563,0
2020-01-09,-0.0797803578438024,0
2020-01-10,-0.08445053389068954,0
2020-01-11,-0.08855429495245053,0
2020-01-12,-0.08622526178174744,0
2020-01-13,-0.08497696723729783,0
2020-01-14,-0.0881334339214268,0
2020-01-15,-0.08328013809730307,0
2020-01-16,-0.08171935853986688,0
2020-01-17,-0.08059760710246103,0
2020-01-18,-0.08412955974038065,0
2020-01-19,-0.08667665377698616,0
2020-01-20,-0.07786953403528381,0
2020-01-21,-0.08159296725157372,0
2020-01-22,-0.08872317272914335,0
2020-01-23,-0.08007126615017904,0
2020-01-24,-0.07627610183928125,0
2020-01-25,-0.0857598333609555,0
2020-01-26,-0.08811631580215143,0
2020-01-27,-0.07810330524713864,0
2020-01-28,-0.07776525968590059,0
2020-01-29,-0.07673198706398565,0
2020-01-30,-0.08436943503117475,0
2020-01-31,-0.08449778469931596,0
2020-02-01,-0.08154372149589995,0
2020-02-02,-0.07396175143168478,0
2020-02-03,-0.08680523289963857,0
2020-02-04,-0.08308855794550839,0
2020-02-05,-0.085350291670252,0
2020-02-06,-0.0742473552449024,0
2020-02-07,-0.08132471866154845,0
2020-02-08,-0.07956726343056146,0
2020-02-09,-0.07781302199428283,0
2020-02-10,-0.08384047399835673,0
2020-02-11,-0.08325210729787881,0
2020-02-12,-0.0851591653242365,0
2020-02-13,-0.08583523079498778,0
2020-02-14,-0.08706220738044795,0
2020-02-15,-0.07863896638328315,0
2020-02-16,-0.08533213605302765,0
2020-02-17,-0.08247570409834716,0
2020-02-18,-0.07002034203650025,0
2020-02-19,-0.076580991900371,0
2020-02-20,-0.08700077933990649,0
2020-02-21,-0.08960756581813795,0
2020-02-22,-0.08342313884558032,0
2020-02-23,-0.08242003097160001,0
2020-02-24,-0.08433327569979554,0
2020-02-25,-0.0705349500887349,0
2020-02-26,-0.07505933723839975,0
2020-02-27,-0.0838296902568584,0
2020-02-28,-0.0804481847542455,0
2020-02-29,-0.07911474800686641,0
2020-03-01,-0.08428320078698345,0
2020-03-02,-0.08837663059449906,0
2020-03-03,-0.0797316577820029,0
2020-03-04,-0.08445284788135167,0
2020-03-05,-0.0842120843777069,0
2020-03-06,-0.0876027166579624,0
2020-03-07,-0.08540336301630105,0
2020-03-08,-0.08659477739284778,0
2020-03-09,-0.08557758626871756,0
2020-03-10,-0.08041206484820801,0
2020-03-11,-0.08382282172151902,0
2020-03-12,-0.07732183178521758,0
2020-03-13,-0.08365342529736787,0
2020-03-14,-0.07772148584628126,0
2020-03-15,-0.07483677937688206,0
2020-03-16,-0.08549255675944363,0
2020-03-17,-0.07594178108382875,0
2020-03-18,-0.0770225562926748,0
2020-03-19,-0.08078105529660932,0
2020-03-20,-0.08672886247627767,0
2020-03-21,-0.07998050673209306,0
2020-03-22,-0.0804522643924621,0
2020-03-23,-0.08467692811836769,0
2020-03-24,-0.0812166258954082,0
2020-03-25,-0.07931210209557103,0
2020-03-26,-0.07307791914266955,0
2020-03-27,-0.08286447514890971,0
2020-03-28,-0.07769286610961332,0
2020-03-29,-0.07859107512606103,0
2020-03-30,-0.08111341738244528,0
2020-03-31,-0.08872104029680539,0
2020-04-01,-0.07277353214382747,0
2020-04-02,-0.0880898649148545,0
2020-04-03,-0.08531853129854651,0
2020-04-04,-0.08174663150152371,0
2020-04-05,-0.08674508451031433,0
2020-04-06,-0.08866792989016052,0
2020-04-07,-0.07670499927386092,0
2020-04-08,-0.08115499951518666,0
2020-04-09,-0.07083251843241903,0
2020-04-10,-0.0657000566434568,0
2020-04-11,-0.046429810445065056,0
2020-04-12,-0.04936458548063602,0
2020-04-13,-0.05732960214949239,0
2020-04-14,-0.019818895537412513,0
2020-04-15,-0.06622299692774936,0
2020-04-16,-0.04319936789266696,0
2020-04-17,-0.08067574712390443,0
2020-04-18,-0.066313725528183,0
2020-04-19,-0.0661069685018604,0
2020-04-20,-0.06390071036708464,0
2020-04-21,-0.0477222806390117,0
2020-04-22,-0.0469118581399414,0
2020-04-23,-0.020501978904756243,0
2020-04-24,-0.06557230077092296,0
2020-04-25,-0.05375789990498991,0
2020-04-26,0.4917405268871166,1
2020-04-27,0.18132340882368225,0
2020-04-28,0.17264754239407287,0
2020-04-29,0.1949491977713871,1
2020-04-30,0.15665314498445046,0
2020-05-01,0.16788284106194515,0
2020-05-02,0.2165246593141037,1
2020-05-03,-0.08276261220040114,0
2020-05-04,-0.08300070957035043,0
2020-05-05,-0.07327045043476856,0
2020-05-06,-0.0821995837530002,0
2020-05-07,-0.07268595817975884,0
2020-05-08,-0.07103341522312094,0
2020-05-09,-0.0725147552469914,0
2020-05-10,-0.07732597057821768,0
2020-05-11,-0.08797693104008943,0
2020-05-12,-0.08765390779178159,0
2020-05-13,-0.07933957294666145,0
2020-05-14,-0.07079712812538319,0
2020-05-15,-0.07075998398765801,0
2020-05-16,-0.0739273600429325,0
2020-05-17,-0.06219517474540627,0
2020-05-18,-0.06894172061166332,0
2020-05-19,-0.045639175115612905,0
2020-05-20,-0.0747735024316148,0
2020-05-21,-0.08443752309318811,0
2020-05-22,-0.08475471095046509,0
2020-05-23,-0.07935648589544647,0
2020-05-24,-0.08526700024338701,0
2020-05-25,-0.08226824689615432,0
2020-05-26,-0.07381820680723444,0
2020-05-27,-0.07130923324832046,0
2020-05-28,-0.07854066044426938,0
2020-05-29,-0.07255962651263659,0
2020-05-30,-0.06803767133706425,0
2020-05-31,-0.07136856657223767,0
2020-06-01,-0.0714239984760201,0
2020-06-02,-0.06423981361044429,0
2020-06-03,-0.04881385606862304,0
2020-06-04,-0.07723986556457746,0
2020-06-05,-0.08234149545238018,0
2020-06-06,-0.08869897090805043,0
2020-06-07,-0.08790443660250086,0
2020-06-08,-0.07284683530755738,0
2020-06-09,-0.08482230864486016,0
2020-06-10,-0.08752685815285993,0
2020-06-11,-0.08912151648083991,0
2020-06-12,-0.08236530055071618,0
2020-06-13,-0.0869713794045627,0
2020-06-14,-0.07535750588092927,0
2020-06-15,-0.08136881479334745,0
2020-06-16,-0.08331495374356383,0
2020-06-17,-0.088178654186304,0
2020-06-18,-0.07992953015418043,0
2020-06-19,-0.06919761574296662,0
2020-06-20,-0.07388849048721569,0
2020-06-21,-0.0703686280069034,0
2020-06-22,-0.07469867626574263,0
2020-06-23,-0.07423590244048073,0
2020-06-24,-0.039898247854585685,0
2020-06-25,-0.08049970015340054,0
2020-06-26,-0.0835351746678798,0
2020-06-27,-0.08773892225272843,0
2020-06-28,-0.07602414902258026,0
2020-06-29,-0.07242993510928689,0
2020-06-30,-0.08828627341488007,0
2020-07-01,-0.0870888699903291,0
2020-07-02,-0.0809165228007878,0
2020-07-03,-0.08533853148731238,0
2020-07-04,-0.0706297709807409,0
2020-07-05,-0.08152777044289988,0
2020-07-06,-0.07466519208929975,0
2020-07-07,-0.07970835220611436,0
2020-07-08,-0.07994141319776008,0
2020-07-09,-0.08214498285300888,0
2020-07-10,-0.08467993472071682,0
2020-07-11,-0.06066756369743068,0
2020-07-12,-0.08485678850269707,0
2020-07-13,-0.08705058433577433,0
2020-07-14,-0.0826930035309086,0
2020-07-15,-0.08502260296358231,0
2020-07-16,-0.08438066755718757,0
2020-07-17,-0.034149655103804556,0
2020-07-18,-0.0742093317830331,0
2020-07-19,-0.07385272285160119,0
2020-07-20,-0.04370247770626724,0
2020-07-21,-0.0788215058413848,0
2020-07-22,-0.07274339131431819,0
2020-07-23,-0.07896567715093479,0
2020-07-24,-0.08047734078968001,0
2020-07-25,-0.0831957827327232,0
2020-07-26,-0.08607412461336819,0
2020-07-27,-0.07305314584635983,0
2020-07-28,-0.0896353982428743,0
2020-07-29,-0.08350655061040123,0
2020-07-30,-0.07771386954903244,0
2020-07-31,-0.08311013014790848,0
2020-08-01,-0.079505728785782,0
2020-08-02,-0.06387192178564016,0
2020-08-03,-0.06315866329545647,0
2020-08-04,-0.07032148242292661,0
2020-08-05,-0.06878822186533244,0
2020-08-06,-0.07263378903648984,0
2020-08-07,-0.05276527550436965,0
2020-08-08,-0.0855187540927042,0
2020-08-09,-0.08536026211196461,0
2020-08-10,-0.08168222944454023,0
2020-08-11,-0.08567377631534025,0
2020-08-12,-0.08315502259645546,0
2020-08-13,-0.0787586282749239,0
2020-08-14,-0.07902614764663063,0
2020-08-15,-0.08533060226563663,0
2020-08-16,-0.08278327770507703,0
2020-08-17,-0.08366988279624864,0
2020-08-18,-0.08702303829635434,0
2020-08-19,-0.07714035742564157,0
2020-08-20,-0.0872598758422059,0
2020-08-21,-0.08277665199055347,0
2020-08-22,-0.08763726677967466,0
2020-08-23,-0.07482637159001586,0
2020-08-24,-0.0739978894977938,0
2020-08-25,-0.07974024293311138,0
2020-08-26,-0.07942559873078325,0
2020-08-27,-0.0683005892689765,0
2020-08-28,-0.07737042041547836,0
2020-08-29,-0.06973515885443907,0
2020-08-30,-0.07373665254631546,0
2020-08-31,-0.0853325233770179,0
2020-09-01,-0.08440092560912468,0
2020-09-02,-0.08263537849130471,0
2020-09-03,-0.08236107687440053,0
2020-09-04,-0.08215402674099613,0
2020-09-05,-0.08058358017987023,0
2020-09-06,-0.08548338865377465,0
2020-09-07,-0.08606035277861078,0
2020-09-08,-0.07720642491218119,0
2020-09-09,-0.08182718289481498,0
2020-09-10,-0.06370482456449725,0
2020-09-11,-0.08447858912824248,0
2020-09-12,-0.08459703405931701,0
2020-09-13,-0.08575444849615786,0
2020-09-14,-0.08516326845730725,0
2020-09-15,-0.08462519932272322,0
2020-09-16,-0.037701892978672345,0
2020-09-17,-0.04306876273229333,0
2020-09-18,-0.05874351280703558,0
2020-09-19,-0.07662161973636368,0
2020-09-20,-0.08492949350449507,0
2020-09-21,-0.0842799767462701,0
2020-09-22,-0.08519906331174648,0
2020-09-23,-0.0858718935928363,0
2020-09-24,-0.032206778738930526,0
2020-09-25,-0.07081068836762436,0
2020-09-26,-0.04085688750480723,0
2020-09-27,-0.0773951253720308,0
2020-09-28,-0.08310127951959506,0
2020-09-29,-0.08704187099469586,0
2020-09-30,-0.0894254508383615,0
2020-10-01,-0.07321031127330162,0
2020-10-02,-0.08395410926442973,0
2020-10-03,-0.08423300159215828,0
2020-10-04,-0.08292278094534168,0
2020-10-05,-0.07044065914612309,0
2020-10-06,-0.0762128030226477,0
2020-10-07,-0.08752344313257635,0
2020-10-08,-0.0874158514661773,0
2020-10-09,-0.08372788509903256,0
2020-10-10,-0.06751054304194101,0
2020-10-11,-0.06802444697391266,0
2020-10-12,-0.07171305271430439,0
2020-10-13,-0.0637286519861906,0
2020-10-14,-0.06707634208472649,0
2020-10-15,-0.08410669582900074,0
2020-10-16,-0.08536577826173064,0
2020-10-17,-0.08318127442443506,0
2020-10-18,-0.08283304894469046,0
2020-10-19,-0.08349222113463771,0
2020-10-20,-0.0862983233154999,0
2020-10-21,-0.07140706750034158,0
2020-10-22,-0.06150038909128378,0
2020-10-23,-0.07862413904409557,0
2020-10-24,-0.0751640457620116,0
2020-10-25,-0.0697661260037011,0
2020-10-26,-0.07029866804506879,0
2020-10-27,-0.02827830492867396,0
2020-10-28,-0.08441664642947952,0
2020-10-29,-0.08012800271594657,0
2020-10-30,-0.08118204771521642,0
2020-10-31,-0.07207965844984705,0
2020-11-01,-0.08444953951518253,0
2020-11-02,-0.08560577616014996,0
2020-11-03,-0.083373850632605,0
2020-11-04,-0.08339174271252738,0
2020-11-05,-0.07425871587014012,0
2020-11-06,-0.06994914152811324,0
2020-11-07,-0.04887521851270153,0
2020-11-08,-0.06039404117875023,0
2020-11-09,-0.04308303720482497,0
2020-11-10,-0.007592096594836186,0
2020-11-11,-0.05407307009627746,0
2020-11-12,-0.026719446663292453,0
2020-11-13,-0.06896698929814735,0
2020-11-14,-0.04174454347374991,0
2020-11-15,-0.08129554448994411,0
2020-11-16,-0.07022467356732172,0
2020-11-17,-0.07401867662904911,0
2020-11-18,-0.06717780907588107,0
2020-11-19,-0.07080133051202346,0
2020-11-20,-0.07243629645976896,0
2020-11-21,-0.02999130432906611,0
2020-11-22,-0.07571156413268047,0
2020-11-23,-0.08888817690723765,0
2020-11-24,-0.07503577205951088,0
2020-11-25,-0.08326296482655071,0
2020-11-26,-0.07326025300622992,0
2020-11-27,-0.08665834475101843,0
2020-11-28,-0.08494553676773592,0
2020-11-29,-0.08730689791338027,0
2020-11-30,-0.08159563292292546,0
2020-12-01,-0.08584735358360837,0
2020-12-02,-0.0843018698317065,0
2020-12-03,-0.08079552691372566,0
2020-12-04,-0.08530725410761171,0
2020-12-05,-0.08452173048681716,0
2020-12-06,-0.08526435706866418,0
2020-12-07,-0.08444046389663606,0
2020-12-08,-0.07192176776673873,0
2020-12-09,-0.015792292296273436,0
2020-12-10,-0.08539863909305916,0
2020-12-11,-0.07857264642895136,0
2020-12-12,-0.08617140228222138,0
2020-12-13,-0.08812891828335563,0
2020-12-14,-0.08850460121469166,0
2020-12-15,-0.0848386213970726,0
2020-12-16,-0.08910328446683549,0
2020-12-17,-0.08345943254234309,0
2020-12-18,-0.08590737474314167,0
2020-12-19,0.11425428184258297,0
2020-12-20,-0.03030828906767173,0
2020-12-21,-0.025404289350146998,0
2020-12-22,-0.0250385278421207,0
2020-12-23,-0.035609866566107436,0
2020-12-24,-0.034370426574183204,0
2020-12-25,0.08008338652051442,0
2020-12-26,-0.05983989293079173,0
2020-12-27,-0.06484609654953453,0
2020-12-28,-0.029521483100664773,0
2020-12-29,-0.011069064565030467,0
2020-12-30,-0.06794212797023376,0
2020-12-31,-0.06476398893246156,0
2021-01-01,-0.031426837345429115,0
2021-01-02,-0.05471998865157368,0
2021-01-03,-0.05915803293681194,0
2021-01-04,-0.08624238040602686,0
2021-01-05,-0.08612595562409639,0
2021-01-06,-0.06684691970257176,0
2021-01-07,-0.025553204333279674,0
2021-01-08,-0.03544951595239205,0
2021-01-09,-0.07408363618228482,0
2021-01-10,-0.07248176778036357,0
2021-01-11,-0.059555644828931484,0
2021-01-12,-0.028717476962377888,0
2021-01-13,-0.06474330229776033,0
2021-01-14,-0.06695332996612036,0
2021-01-15,-0.06922107475872542,0
2021-01-16,-0.059106304537970646,0
2021-01-17,-0.06458242184861407,0
2021-01-18,-0.012230170497937808,0
2021-01-19,-0.08576266346925818,0
2021-01-20,-0.08222409467123579,0
2021-01-21,-0.06904401131770628,0
2021-01-22,-0.07107012525024888,0
2021-01-23,-0.07513439886510304,0
2021-01-24,-0.06395891788405857,0
2021-01-25,-0.0727885874376456,0
2021-01-26,-0.04350372533910577,0
2021-01-27,-0.08379934520805486,0
2021-01-28,-0.08581080643367718,0
2021-01-29,-0.08864165248036388,0
2021-01-30,-0.08672729146396811,0
2021-01-31,-0.08556432794711204,0
2021-02-01,-0.07875514511835191,0
2021-02-02,-0.08748148350167562,0
2021-02-03,-0.08700483290752584,0
2021-02-04,-0.08597893726996854,0
2021-02-05,-0.08197141419510913,0
2021-02-06,-0.08439354750557491,0
2021-02-07,-0.07966652062681406,0
2021-02-08,-0.0708839176459878,0
2021-02-09,-0.07314097863915271,0
2021-02-10,-0.0700160361763635,0
2021-02-11,-0.07304603751459565,0
2021-02-12,-0.07470157056557762,0
2021-02-13,-0.03188582663871499,0
2021-02-14,-0.08141116550754093,0
2021-02-15,-0.08434144483904144,0
2021-02-16,-0.08251371272861828,0
2021-02-17,-0.0830850635314698,0
2021-02-18,-0.07637203362616587,0
2021-02-19,-0.0881314877199221,0
2021-02-20,-0.08213368901779752,0
2021-02-21,-0.07080496541928054,0
2021-02-22,-0.06466993655063712,0
2021-02-23,-0.06410378731708198,0
2021-02-24,-0.0630539074180702,0
2021-02-25,-0.0720722980422603,0
2021-02-26,-0.021908226902064846,0
2021-02-27,-0.07074612264231417,0
2021-02-28,-0.06701426546794817,0
2021-03-01,-0.06923816556141058,0
2021-03-02,-0.07271590574738167,0
2021-03-03,-0.037034469994249565,0
2021-03-04,-0.0858236608485973,0
2021-03-05,-0.07665041636516148,0
2021-03-06,-0.08121190589950274,0
2021-03-07,-0.08024031684908313,0
2021-03-08,-0.08164696751748876,0
2021-03-09,-0.08400384226634228,0
2021-03-10,-0.08767358987530331,0
2021-03-11,-0.08281792921414892,0
2021-03-12,-0.07497946289695302,0
2021-03-13,-0.08759471750112863,0
2021-03-14,-0.0829751223927866,0
2021-03-15,-0.07134250906001185,0
2021-03-16,-0.044113203102531244,0
2021-03-17,-0.055315687481751995,0
2021-03-18,-0.0531414429377521,0
2021-03-19,-0.04730538654005959,0
2021-03-20,-0.018700543202278593,0
2021-03-21,-0.03637587424509164,0
2021-03-22,-0.08778868693203601,0
2021-03-23,-0.084159734755371,0
2021-03-24,-0.07627973393544886,0
2021-03-25,-0.0806469157372179,0
2021-03-26,-0.08866377397869038,0
2021-03-27,-0.07514342568786903,0
2021-03-28,-0.08617506904558803,0
2021-03-29,-0.07605746565710572,0
2021-03-30,-0.07181789767367003,0
2021-03-31,-0.06836637682478519,0
2021-04-01,-0.08642158776571675,0
2021-04-02,-0.0833479758369522,0
2021-04-03,-0.0848694212235604,0
2021-04-04,-0.08677900357538758,0
2021-04-05,-0.08207455432032569,0
2021-04-06,-0.02049572572917981,0
2021-04-07,-0.06437497269247026,0
2021-04-08,-0.08296149083281246,0
2021-04-09,-0.0856686481236868,0
2021-04-10,-0.08393624457959332,0
2021-04-11,-0.08533067030141615,0
2021-04-12,-0.08483545904385836,0
2021-04-13,-0.030157928246182027,0
2021-04-14,-0.035976695368995545,0
2021-04-15,-0.07579210034806712,0
2021-04-16,-0.08445227907913373,0
2021-04-17,-0.08712778377092444,0
2021-04-18,-0.08671865233601103,0
2021-04-19,-0.08887219952191426,0
2021-04-20,-0.07947368651693187,0
2021-04-21,-0.08734670062650449,0
2021-04-22,-0.07568767677506884,0
2021-04-23,-0.087493084935772,0
2021-04-24,-0.08616993728939215,0
2021-04-25,-0.08377048259709803,0
2021-04-26,-0.08609536657160467,0
2021-04-27,-0.08629217823057311,0
2021-04-28,-0.08150271622651482,0
2021-04-29,-0.050528081413795174,0
2021-04-30,-0.06845899992926874,0
2021-05-01,-0.07239762618509304,0
2021-05-02,-0.0723029694890792,0
2021-05-03,-0.07504825149901549,0
2021-05-04,-0.06326096872549296,0
2021-05-05,-0.04269195858723288,0
2021-05-06,-0.07063294906412419,0
2021-05-07,-0.06070213936277449,0
2021-05-08,-0.042795897432754346,0
2021-05-09,-0.04407224528627428,0
2021-05-10,-0.04279467179056305,0
2021-05-11,-0.012230948146114072,0
2021-05-12,-0.027899608620855356,0
2021-05-13,-0.0322616275798467,0
2021-05-14,-0.07056209628061486,0
2021-05-15,-0.08824150116155455,0
2021-05-16,-0.08756638351271707,0
2021-05-17,-0.08486432179629286,0
2021-05-18,-0.07767179625255817,0
2021-05-19,-0.08160216215733618,0
2021-05-20,-0.07453146600111281,0
2021-05-21,-0.07291410446769514,0
2021-05-22,-0.06708393715263916,0
2021-05-23,-0.07474720176116609,0
2021-05-24,-0.0736536032561452,0
2021-05-25,-0.04857665445075769,0
2021-05-26,-0.07436984911286042,0
2021-05-27,-0.07068968037997939,0
2021-05-28,-0.07358133286710684,0
2021-05-29,-0.07337543609234563,0
2021-05-30,-0.07047564878738978,0
2021-05-31,0.7046945989502746,1
2021-06-01,0.24953488922045744,1
2021-06-02,0.2844463978374561,1
2021-06-03,0.24166017880896332,1
2021-06-04,0.2716820256919608,1
2021-06-05,0.2622808776065995,1
2021-06-06,0.3963707491616102,1
2021-06-07,-0.04285118368071317,0
2021-06-08,-0.052793421464864876,0
2021-06-09,-0.019419721151803487,0
2021-06-10,-0.06685128617984679,0
2021-06-11,-0.07314683540703351,0
2021-06-12,-0.07116174285045149,0
2021-06-13,-0.04017804170499612,0
2021-06-14,-0.08838433477283844,0
2021-06-15,-0.08456883786633228,0
2021-06-16,-0.07281388389842397,0
2021-06-17,-0.08397472944084565,0
2021-06-18,-0.08214419965890316,0
2021-06-19,-0.07995580238976256,0
2021-06-20,-0.06860995280517881,0
2021-06-21,-0.07431978655329136,0
2021-06-22,-0.06592130870375605,0
2021-06-23,-0.06057210819083098,0
2021-06-24,-0.07108127965774491,0
2021-06-25,-0.04682345098020243,0
2021-06-26,-0.08420209834088636,0
2021-06-27,-0.08710304752186945,0
2021-06-28,-0.07743455072522681,0
2021-06-29,-0.05878399810024357,0
2021-06-30,-0.06895987460905702,0
2021-07-01,-0.07372420564023931,0
2021-07-02,-0.06789671843114499,0
2021-07-03,-0.044377618998673554,0
2021-07-04,-0.022605958032344328,0
2021-07-05,-0.07107659569465927,0
2021-07-06,-0.0720073559309024,0
2021-07-07,-0.07439706204678587,0
2021-07-08,-0.05499077409141372,0
2021-07-09,-0.07103111422819595,0
2021-07-10,-0.05176938302835472,0
2021-07-11,-0.05574008399968294,0
2021-07-12,-0.046628373820988195,0
2021-07-13,-0.05195847098874392,0
2021-07-14,-0.023191437622186832,0
2021-07-15,-0.04956963170480628,0
2021-07-16,-0.08086127304688571,0
2021-07-17,-0.0686023147908142,0
2021-07-18,-0.0723638524848028,0
2021-07-19,-0.0739528350859163,0
2021-07-20,-0.05879863077823116,0
2021-07-21,-0.07368826389846506,0
2021-07-22,-0.03447089571279056,0
2021-07-23,-0.08430567725993578,0
2021-07-24,-0.08573183177914974,0
2021-07-25,-0.08582778264827164,0
2021-07-26,-0.0750283369659717,0
2021-07-27,-0.06984532841465868,0
2021-07-28,-0.07966761542345521,0
2021-07-29,-0.0848276567302614,0
2021-07-30,-0.07736698991599132,0
2021-07-31,-0.08173979323742131,0
2021-08-01,-0.07687193183346058,0
2021-08-02,-0.08517480153743676,0
2021-08-03,-0.08052385414104586,0
2021-08-04,-0.07386394254949717,0
2021-08-05,-0.06559337746292312,0
2021-08-06,-0.06943655679364255,0
2021-08-07,-0.051547365040187886,0
2021-08-08,-0.052816433867168236,0
2021-08-09,-0.022289553944048267,0
2021-08-10,-0.06289780889015914,0
2021-08-11,-0.07402235475385531,0
2021-08-12,-0.04622835690181305,0
2021-08-13,-0.07106584091453376,0
2021-08-14,-0.06600388695637571,0
2021-08-15,-0.05879849081086601,0
2021-08-16,-0.06582208217553426,0
2021-08-17,-0.07711852328440415,0
2021-08-18,-0.04579074371589522,0
2021-08-19,-0.08407026666813666,0
2021-08-20,-0.08190202331690816,0
2021-08-21,-0.08045165926040343,0
2021-08-22,-0.08478685547543513,0
2021-08-23,-0.08162543755499724,0
2021-08-24,-0.0756239455820485,0
2021-08-25,-0.08763860513650028,0
2021-08-26,-0.08342489115971372,0
2021-08-27,-0.07829917744168577,0
2021-08-28,-0.08083199670042185,0
2021-08-29,-0.08873851725350185,0
2021-08-30,-0.08055879968559733,0
2021-08-31,-0.07934391380829732,0
2021-09-01,-0.08186193147624521,0
2021-09-02,-0.07310853274886392,0
2021-09-03,-0.05376142021581435,0
2021-09-04,-0.07194535430215061,0
2021-09-05,-0.07014079361735225,0
2021-09-06,-0.0653824241158288,0
2021-09-07,-0.04346383905954993,0
2021-09-08,-0.08598195986215895,0
2021-09-09,-0.08839898446443742,0
2021-09-10,-0.08867584191074598,0
2021-09-11,-0.0829915426995195,0
2021-09-12,-0.07919898744832717,0
2021-09-13,-0.08822381115379865,0
2021-09-14,-0.08357372289472037,0
2021-09-15,-0.07470481993704983,0
2021-09-16,-0.08464165803535874,0
2021-09-17,-0.0850674401298684,0
2021-09-18,-0.0755142060850542,0
2021-09-19,-0.08787885068689125,0
2021-09-20,-0.08309944046620887,0
2021-09-21,-0.07914634364880638,0
2021-09-22,-0.08691293400992219,0
2021-09-23,-0.08320395548196574,0
2021-09-24,-0.08803078510843795,0
2021-09-25,-0.08666062806419118,0
2021-09-26,-0.0823843024056185,0
2021-09-27,-0.0749401665441646,0
2021-09-28,-0.08586098016447948,0
2021-09-29,-0.07743151510804797,0
2021-09-30,-0.0820253958221876,0
2021-10-01,-0.0814703837534803,0
2021-10-02,-0.0852411648563034,0
2021-10-03,-0.08398407976443133,0
2021-10-04,-0.07101228466342453,0
2021-10-05,-0.08746954601610707,0
2021-10-06,-0.08709443921727092,0
2021-10-07,-0.08777219021761135,0
2021-10-08,-0.06831672863991595,0
2021-10-09,-0.08026441377347952,0
2021-10-10,-0.07412378973526522,0
2021-10-11,-0.07046342245485628,0
2021-10-12,-0.06608538008753978,0
2021-10-13,-0.06857455707002473,0
2021-10-14,-0.07219938171881919,0
2021-10-15,-0.04828365815159642,0
2021-10-16,-0.08774510226880627,0
2021-10-17,-0.08280846663810129,0
2021-10-18,-0.08649081434146559,0
2021-10-19,-0.07866915648279144,0
2021-10-20,-0.08688142694204863,0
2021-10-21,-0.08173732530679685,0
2021-10-22,-0.060432577121132786,0
2021-10-23,-0.06634482265990543,0
2021-10-24,-0.07421139036362713,0
2021-10-25,-0.06074434695558677,0
2021-10-26,-0.043376820501204935,0
2021-10-27,-0.008565932592414711,0
2021-10-28,-0.04962627899962857,0
2021-10-29,-0.05892500124396736,0
2021-10-30,-0.00848875006049017,0
2021-10-31,-0.023834883146875627,0
2021-11-01,-0.07119517752146479,0
2021-11-02,-0.06579023023155385,0
2021-11-03,-0.07677979228105597,0
2021-11-04,-0.037019194942647375,0
2021-11-05,-0.07559426283666977,0
2021-11-06,-0.006960753323786482,0
2021-11-07,-0.08045564047863235,0
2021-11-08,-0.08135010071928817,0
2021-11-09,-0.08023968206092275,0
2021-11-10,-0.08133518001159473,0
2021-11-11,-0.07999700442349698,0
2021-11-12,0.010786114517209778,0
2021-11-13,-0.08486439613866831,0
2021-11-14,-0.07869022029037694,0
2021-11-15,-0.08321520361428505,0
2021-11-16,-0.07994605708603729,0
2021-11-17,-0.08613543580116978,0
2021-11-18,-0.07547942849748017,0
2021-11-19,-0.07770990503944655,0
2021-11-20,-0.08357605922660365,0
2021-11-21,-0.08740372074427433,0
2021-11-22,-0.0848190368456126,0
2021-11-23,-0.08122567464165123,0
2021-11-24,-0.0676050237443669,0
2021-11-25,-0.023617661126449772,0
2021-11-26,-0.08076745266032452,0
2021-11-27,-0.08057139779345522,0
2021-11-28,-0.07863972105882393,0
2021-11-29,-0.08142971426742214,0
2021-11-30,-0.08039379416322354,0
2021-12-01,-0.0011721849127748196,0
2021-12-02,-0.08102331919808912,0
2021-12-03,-0.07152060824217207,0
2021-12-04,-0.052407663836749656,0
2021-12-05,-0.04533696949514582,0
2021-12-06,-0.04481003104632542,0
2021-12-07,-0.04771466531985129,0
2021-12-08,-0.021099443626394675,0
2021-12-09,-0.05260689558690722,0
2021-12-10,-0.08027474934120049,0
2021-12-11,-0.08582395761797534,0
2021-12-12,-0.08386474987750976,0
2021-12-13,-0.08775006715837927,0
2021-12-14,-0.08788410875145652,0
2021-12-15,-0.08437622614572186,0
2021-12-16,-0.07284429045709409,0
2021-12-17,-0.07789466645878955,0
2021-12-18,-0.08090958120418149,0
2021-12-19,-0.08636302057486525,0
2021-12-20,-0.0888633224068418,0
2021-12-21,-0.08956094657687581,0
2021-12-22,-0.07524726951209554,0
2021-12-23,-0.08794216071522883,0
2021-12-24,-0.0842911589972607,0
2021-12-25,-0.0824074965292074,0
2021-12-26,-0.07098114640704484,0
2021-12-27,0.018560648716962933,0
2021-12-28,-0.011055743704023617,0
2021-12-29,-0.009274511431490854,0
2021-12-30,-0.01091837334689154,0
2021-12-31,-0.002884291271323108,0
2022-01-01,-0.02175704620495367,0
2022-01-02,0.035866140813565914,0
2022-01-03,-0.07978832946482252,0
2022-01-04,-0.07237390821384224,0
2022-01-05,-0.07589030664731289,0
2022-01-06,-0.06571212040619784,0
2022-01-07,-0.07109731258232055,0
2022-01-08,-0.06919417462134711,0
2022-01-09,-0.05867516930136709,0
2022-01-10,-0.08573161085323565,0
2022-01-11,-0.04805552794228806,0
2022-01-12,-0.018059546968060766,0
2022-01-13,-0.06390461024883472,0
2022-01-14,-0.08391545600320509,0
2022-01-15,-0.08418595906675698,0
2022-01-16,-0.08478588903369708,0
2022-01-17,-0.08415858851256983,0
2022-01-18,-0.0853415686039582,0
2022-01-19,-0.03908570312009014,0
2022-01-20,-0.049580386745323446,0
2022-01-21,-0.008588645765690097,0
2022-01-22,-0.07956856621352125,0
2022-01-23,-0.08129929319073129,0
2022-01-24,-0.08102911290887158,0
2022-01-25,-0.07888830554677065,0
2022-01-26,-0.07333200350846107,0
2022-01-27,-0.008614852370503601,0
2022-01-28,-0.06410781155900282,0
2022-01-29,-0.058999598372793116,0
2022-01-30,-0.06749666770906133,0
2022-01-31,-0.06676057115476264,0
2022-02-01,-0.04197864892172779,0
2022-02-02,-0.05219241735716258,0
2022-02-03,-0.05083960663917619,0
2022-02-04,-0.06141118767099553,0
2022-02-05,-0.04239998370453799,0
2022-02-06,-0.02966799188601907,0
2022-02-07,-0.02032855347315999,0
2022-02-08,-0.06872969705449973,0
2022-02-09,0.03439195796896458,0
2022-02-10,-0.001691800098899485,0
2022-02-11,-0.028726552703388714,0
2022-02-12,-0.013453711879512656,0
2022-02-13,-0.02902271329015602,0
2022-02-14,-0.027342078350778783,0
2022-02-15,0.01240442898107382,0
2022-02-16,-0.07399422893140013,0
2022-02-17,-0.086600106999024,0
2022-02-18,-0.08351464412577553,0
2022-02-19,-0.07008886098739182,0
2022-02-20,-0.07288550390213995,0
2022-02-21,-0.07213356195987068,0
2022-02-22,-0.06826505733960703,0
2022-02-23,-0.06805629690813152,0
2022-02-24,-0.042833535534755815,0
2022-02-25,-0.08838339314102389,0
2022-02-26,-0.088195312206977,0
2022-02-27,-0.08387138254532639,0
2022-02-28,-0.07584125081861899,0
2022-03-01,-0.0847923450493236,0
2022-03-02,-0.08050511381900233,0
2022-03-03,-0.06972981010420053,0
2022-03-04,-0.07415075043346221,0
2022-03-05,-0.08736468852774755,0
2022-03-06,-0.08482870704923848,0
2022-03-07,-0.07163696104903604,0
2022-03-08,-0.06893857550967104,0
2022-03-09,-0.06862072679757084,0
2022-03-10,-0.0713314474516246,0
2022-03-11,-0.06952703250645381,0
2022-03-12,-0.03041777611279034,0
2022-03-13,0.0332136318856924,0
2022-03-14,-0.012237150617722166,0
2022-03-15,-0.011179875120355141,0
2022-03-16,0.04453931825970392,0
2022-03-17,0.00781516027921378,0
2022-03-18,-0.02329066630033529,0
2022-03-19,0.05885158968078746,0
2022-03-20,-0.02223691659904464,0
2022-03-21,-0.03837301973993591,0
2022-03-22,0.04224789625307424,0
2022-03-23,-0.08466995183738489,0
2022-03-24,-0.0827746899404622,0
2022-03-25,-0.08289727549621587,0
2022-03-26,-0.0858200477332696,0
2022-03-27,-0.08047440684434255,0
2022-03-28,-0.06454733159905252,0
2022-03-29,-0.051241624884610926,0
2022-03-30,-0.053598301221649026,0
2022-03-31,-0.046284409796403546,0
2022-04-01,-0.01751046251602677,0
2022-04-02,-0.006375199067887462,0
2022-04-03,-0.051764332483209795,0
2022-04-04,0.0009293713836736197,0
2022-04-05,-0.051038781576457685,0
2022-04-06,-0.055464716818538956,0
2022-04-07,0.08039177317800618,0
2022-04-08,0.04096274087242614,0
2022-04-09,0.04562436740700023,0
2022-04-10,0.04613791264455331,0
2022-04-11,0.10582860769164912,0
2022-04-12,-0.008009003749798703,0
2022-04-13,0.14498877556036444,0
2022-04-14,-0.04875508545618318,0
2022-04-15,-0.080105865513228,0
2022-04-16,-0.06942468308411717,0
2022-04-17,-0.06731375207524212,0
2022-04-18,-0.07217471399572156,0
2022-04-19,-0.07380602288489446,0
2022-04-20,-0.04908014832132496,0
2022-04-21,-0.019772376403863392,0
2022-04-22,-0.07238664340228385,0
2022-04-23,-0.07135875099710472,0
2022-04-24,-0.07161752938335916,0
2022-04-25,-0.04530266651565491,0
2022-04-26,-0.07947585358969957,0
2022-04-27,-0.08480040912995104,0
2022-04-28,-0.07752774998191576,0
2022-04-29,-0.08267622349713115,0
2022-04-30,-0.07530975532161113,0
2022-05-01,-0.0656430858094657,0
2022-05-02,-0.051929794104883756,0
2022-05-03,-0.052806863410794554,0
2022-05-04,-0.055804559752810276,0
2022-05-05,-0.010881406502687577,0
2022-05-06,-0.05898526873672604,0
2022-05-07,-0.008159302506912233,0
2022-05-08,-0.05317371826972643,0
2022-05-09,-0.06583503368065409,0
2022-05-10,-0.05753691886113837,0
2022-05-11,-0.08476623570424169,0
2022-05-12,-0.0711607305609336,0
2022-05-13,-0.08273499189413361,0
2022-05-14,-0.0806950305018662,0
2022-05-15,-0.03919352565388823,0
2022-05-16,-0.08332340804326936,0
2022-05-17,-0.08529790922127162,0
2022-05-18,-0.08702903784809451,0
2022-05-19,-0.08277139170769487,0
2022-05-20,-0.07444864870833001,0
2022-05-21,-0.0751562634702601,0
2022-05-22,-0.06659799510047673,0
2022-05-23,-0.06979260411242963,0
2022-05-24,-0.08050188647979346,0
2022-05-25,-0.08290790609685307,0
2022-05-26,-0.069691540220928,0
2022-05-27,-0.08526068755815863,0
2022-05-28,-0.08501827942109082,0
2022-05-29,-0.0869276281910615,0
2022-05-30,0.001976441830255852,0
2022-05-31,-0.0841358373392982,0
2022-06-01,-0.08339055146113256,0
2022-06-02,-0.07464075591595645,0
2022-06-03,-0.08332540113064289,0
2022-06-04,-0.08573867993943321,0
2022-06-05,-0.08417435984178626,0
2022-06-06,-0.08390765305160977,0
2022-06-07,-0.08550499699326328,0
2022-06-08,-0.0339026663492396,0
2022-06-09,-0.04200202863809851,0
2022-06-10,-0.07423555677330329,0
2022-06-11,-0.07978897436894719,0
2022-06-12,-0.07983419318326393,0
2022-06-13,-0.06538681648351137,0
2022-06-14,-0.06290168581680361,0
2022-06-15,-0.06728349629297808,0
2022-06-16,-0.06728739547412493,0
2022-06-17,-0.07315362735316071,0
2022-06-18,-0.031110190775821302,0
2022-06-19,-0.082354096833402,0
2022-06-20,-0.08907129840264455,0
2022-06-21,-0.07802140938844351,0
2022-06-22,-0.08515239840918137,0
2022-06-23,-0.07409498386499395,0
2022-06-24,-0.06796818936073057,0
2022-06-25,-0.08051959771603087,0
2022-06-26,-0.07072991556306042,0
2022-06-27,-0.07528479492663566,0
2022-06-28,-0.08029701743993319,0
2022-06-29,-0.08464188639584527,0
2022-06-30,-0.08188902120033295,0
2022-07-01,-0.06808137235445512,0
2022-07-02,-0.08073336741626845,0
2022-07-03,-0.05772431916259125,0
2022-07-04,-0.08270383427897438,0
2022-07-05,-0.08352987207487175,0
2022-07-06,-0.08236467413782776,0
2022-07-07,-0.08341337710614731,0
2022-07-08,-0.08745701560313793,0
2022-07-09,-0.0045161435112170845,0
2022-07-10,-0.07922106716471321,0
2022-07-11,-0.07162852646473912,0
2022-07-12,-0.08309706929225302,0
2022-07-13,-0.0800810259971901,0
2022-07-14,-0.08538538553861508,0
2022-07-15,-0.07540170061294482,0
2022-07-16,-0.08275140926418433,0
2022-07-17,-0.0873885969489027,0
2022-07-18,-0.07278633216110933,0
2022-07-19,-0.08775049955334834,0
2022-07-20,-0.0863152070124306,0
2022-07-21,-0.08464319018782249,0
2022-07-22,-0.08761622262863855,0
2022-07-23,-0.08530557358190442,0
2022-07-24,-0.07464299353156983,0
2022-07-25,-0.08336458737689392,0
2022-07-26,-0.08608882419057941,0
2022-07-27,-0.08338106130134541,0
2022-07-28,-0.08385389329184378,0
2022-07-29,-0.07694975303246397,0
2022-07-30,-0.008493067139403716,0
2022-07-31,-0.08179447222737611,0
2022-08-01,-0.07319994095610556,0
2022-08-02,-0.07015072895422379,0
2022-08-03,-0.05066670596697117,0
2022-08-04,-0.04801664242408054,0
2022-08-05,0.002229492031595692,0
2022-08-06,-0.06995521311404274,0
2022-08-07,-0.06036401842474662,0
2022-08-08,-0.08421087615659029,0
2022-08-09,-0.03827676780198283,0
2022-08-10,-0.06683755287296132,0
2022-08-11,-0.06346655704484759,0
2022-08-12,-0.0421806762101245,0
2022-08-13,-0.0589849531945398,0
2022-08-14,-0.08339061673359266,0
2022-08-15,-0.08251545627076241,0
2022-08-16,-0.08556915565961624,0
2022-08-17,-0.08580649956167345,0
2022-08-18,-0.08518854112982967,0
2022-08-19,-0.03833904722669397,0
2022-08-20,-0.03834693398092872,0
2022-08-21,-0.08024406046942503,0
2022-08-22,-0.08371173269358133,0
2022-08-23,-0.08338912803639327,0
2022-08-24,-0.08507204926069946,0
2022-08-25,-0.08357942669208056,0
2022-08-26,-0.07738197113827185,0
2022-08-27,-0.08422431431788444,0
2022-08-28,-0.06395326662951742,0
2022-08-29,-0.06814250426571984,0
2022-08-30,-0.07372006152089651,0
2022-08-31,-0.07150766318871594,0
2022-09-01,-0.0732265961067007,0
2022-09-02,-0.04603078281248104,0
2022-09-03,-0.0787166430574419,0
2022-09-04,-0.08804366852253222,0
2022-09-05,-0.08787853279941087,0
2022-09-06,-0.06835081469539424,0
2022-09-07,-0.08135722408487475,0
2022-09-08,-0.07403075097027575,0
2022-09-09,-0.07157713141028689,0
2022-09-10,-0.06859640507246333,0
2022-09-11,-0.06901242946285491,0
2022-09-12,-0.05069673749034803,0
2022-09-13,-0.01383308408777345,0
2022-09-14,-0.07165495911133837,0
2022-09-15,-0.052243664229883455,0
2022-09-16,-0.05151714403254897,0
2022-09-17,-0.022689828007933267,0
2022-09-18,-0.061759397706947744,0
2022-09-19,-0.0675478893692852,0
2022-09-20,-0.04913610143609893,0
2022-09-21,-0.07040114393390433,0
2022-09-22,-0.07321817828959007,0
2022-09-23,-0.07287417291870772,0
2022-09-24,-0.07632722924233376,0
2022-09-25,-0.08567533810470027,0
2022-09-26,-0.07998867015443806,0
2022-09-27,-0.07152646590012852,0
2022-09-28,-0.08798422574218963,0
2022-09-29,-0.08554137455678172,0
2022-09-30,-0.08143443682836217,0
2022-10-01,-0.08354055698437737,0
2022-10-02,-0.07957693055241113,0
2022-10-03,-0.07789045695775376,0
2022-10-04,-0.08542321631120169,0
2022-10-05,-0.07461618722818569,0
2022-10-06,-0.08429483438480706,0
2022-10-07,-0.08431511498952791,0
2022-10-08,-0.08415102000889949,0
2022-10-09,-0.0834766338355429,0
2022-10-10,-0.07848412292689488,0
2022-10-11,-0.07576264195172479,0
2022-10-12,-0.06926196370383746,0
2022-10-13,-0.08486495326208104,0
2022-10-14,-0.08082289260502823,0
2022-10-15,-0.08585516970160294,0
2022-10-16,-0.08839330628892499,0
2022-10-17,-0.08714392131892483,0
2022-10-18,-0.08797285610626364,0
2022-10-19,-0.07979817038642237,0
2022-10-20,-0.08460611309613461,0
2022-10-21,-0.08736189016740774,0
2022-10-22,-0.08255226241332157,0
2022-10-23,-0.07684405713999724,0
2022-10-24,-0.06965427252944614,0
2022-10-25,-0.08497800852256322,0
2022-10-26,-0.07440812011484199,0
2022-10-27,-0.08209619533996475,0
2022-10-28,-0.08082977871449465,0
2022-10-29,-0.08534069747708115,0
2022-10-30,-0.0662532560935894,0
2022-10-31,0.03405361032501077,0
2022-11-01,-0.003713166090385941,0
2022-11-02,0.0006984868788643231,0
2022-11-03,0.08161434983626348,0
2022-11-04,-0.004301405889625393,0
2022-11-05,0.009110939176943732,0
2022-11-06,0.04281789929322604,0
2022-11-07,-0.023607484740425254,0
2022-11-08,-0.02185819970054569,0
2022-11-09,0.010419284886582385,0
2022-11-10,-0.009561746615646956,0
2022-11-11,-0.02293532034227417,0
2022-11-12,-0.04512536076061919,0
2022-11-13,-0.07179332104679376,0
2022-11-14,-0.04938297856149133,0
2022-11-15,-0.04985494185902952,0
2022-11-16,-0.04603542616382797,0
2022-11-17,-0.050085158468029044,0
2022-11-18,-0.026717119148494506,0
2022-11-19,-0.05219111913020836,0
2022-11-20,-0.06414308897644462,0
2022-11-21,-0.07564252555482001,0
2022-11-22,-0.06827037970199047,0
2022-11-23,-0.06885797626785327,0
2022-11-24,-0.052757150580243974,0
2022-11-25,-0.01986103471622799,0
2022-11-26,-0.06900811805594989,0
2022-11-27,-0.07428243383932763,0
2022-11-28,-0.06923166761911916,0
2022-11-29,-0.040180580867635464,0
2022-11-30,0.10375356869742486,0
2022-12-01,-0.03721118907616819,0
2022-12-02,-0.0277460335902984,0
2022-12-03,-0.02839154196542948,0
2022-12-04,0.002211167840642107,0
2022-12-05,-0.001248343624440133,0
2022-12-06,0.07789832879478632,0
2022-12-07,-0.07353379905729433,0
2022-12-08,-0.06932597568894833,0
2022-12-09,-0.048860862889574634,0
2022-12-10,0.0028037798209012135,0
2022-12-11,-0.08202208488894099,0
2022-12-12,-0.07121490666731106,0
2022-12-13,-0.06861821293310219,0
2022-12-14,-0.07120874828660881,0
2022-12-15,-0.07915591147400368,0
2022-12-16,-0.07413958235632007,0
2022-12-17,-0.045790921028159834,0
2022-12-18,-0.05800225388518499,0
2022-12-19,-0.06134176046815001,0
2022-12-20,-0.05538902749159946,0
2022-12-21,-0.05203026956587547,0
2022-12-22,-0.05323910375323621,0
2022-12-23,-0.012307191518539649,0
2022-12-24,-0.052090394983492855,0
2022-12-25,-0.0003695507522686628,0
2022-12-26,-0.026257518597543914,0
2022-12-27,-0.08054545936681685,0
2022-12-28,0.5799417805260518,1
2022-12-29,0.3660851577926111,1
2022-12-30,0.38989994847054465,1
2022-12-31,0.4068903825210807,1
2023-01-01,0.38885116750937776,1
2023-01-02,0.4501856519451267,1
2023-01-03,0.3013109663261925,1
2023-01-04,-0.029769739185184857,0
2023-01-05,-0.04632832208063578,0
2023-01-06,-0.0480519826446968,0
2023-01-07,-0.02205597608397093,0
2023-01-08,-0.07887426613701876,0
2023-01-09,-0.07205636998571582,0
2023-01-10,0.02137078820248866,0
2023-01-11,-0.008849064964734992,0
2023-01-12,-0.007560863078367108,0
2023-01-13,-0.001636823675741328,0
2023-01-14,0.00139797094906749,0
2023-01-15,-0.031623800870037494,0
2023-01-16,0.05386704582430081,0
2023-01-17,-0.03540918991008597,0
2023-01-18,-0.07312019132120441,0
2023-01-19,-0.07402698839981536,0
2023-01-20,-0.022643898276166308,0
2023-01-21,-0.07350821742929464,0
2023-01-22,-0.07113292198804684,0
2023-01-23,-0.08043116720661755,0
2023-01-24,-0.06607911512439182,0
2023-01-25,-0.03910280602668252,0
2023-01-26,-0.08268081734199507,0
2023-01-27,-0.08636862136485647,0
2023-01-28,-0.0856594241304907,0
2023-01-29,-0.08559785339829555,0
2023-01-30,-0.07037440838363553,0
2023-01-31,-0.07230927223599745,0
2023-02-01,-0.0744730730789012,0
2023-02-02,-0.06750641784143842,0
2023-02-03,-0.07307162051100494,0
2023-02-04,-0.01704710555372671,0
2023-02-05,-0.07830240648712217,0
2023-02-06,-0.08533667468322274,0
2023-02-07,-0.08515667653890009,0
2023-02-08,-0.08502254008750826,0
2023-02-09,-0.0699753944826857,0
2023-02-10,-0.045512435817606105,0
2023-02-11,-0.03324668842793979,0
2023-02-12,-0.05343106724053079,0
2023-02-13,-0.049734958574480695,0
2023-02-14,-0.04565041144411204,0
2023-02-15,-0.03157925678905255,0
2023-02-16,4.4144061342478395e-05,0
2023-02-17,-0.06590181476186187,0
2023-02-18,-0.05941694014951999,0
2023-02-19,-0.08488998609899506,0
2023-02-20,-0.03510810760620791,0
2023-02-21,-0.04817051336433735,0
2023-02-22,-0.06834258050762271,0
2023-02-23,-0.04932485662919221,0
2023-02-24,-0.04752055728445199,0
2023-02-25,-0.05300948242487981,0
2023-02-26,-0.04160998957907479,0
2023-02-27,-0.02217915351387643,0
2023-02-28,-0.050900375622199484,0
2023-03-01,-0.07523659375516134,0
2023-03-02,0.01710050630973183,0
2023-03-03,-0.024109063108007506,0
2023-03-04,0.015344031614772595,0
2023-03-05,-0.004672663119252363,0
2023-03-06,-0.012500315371748167,0
2023-03-07,-0.009232415955911214,0
2023-03-08,0.10370749120542574,0
2023-03-09,0.005523508221256014,0
2023-03-10,0.09624475084564321,0
2023-03-11,-0.0016290085954786303,0
2023-03-12,-0.010254401455101479,0
2023-03-13,-0.06180816683571782,0
2023-03-14,-0.06260569415651525,0
2023-03-15,-0.03705680367069411,0
2023-03-16,-0.021043124693993526,0
2023-03-17,0.023770405634253953,0
2023-03-18,-0.05202291407274807,0
2023-03-19,-0.0440488828259536,0
2023-03-20,0.051553219541283606,0
2023-03-21,-0.011662899647823513,0
2023-03-22,-0.06687595698234153,0
2023-03-23,-0.0202455411899837,0
2023-03-24,0.3555373956306855,1
2023-03-25,0.0216859010441973,0
2023-03-26,0.1437621530058283,0
2023-03-27,-0.005915225129942478,0
2023-03-28,0.21896547542070674,1
2023-03-29,0.3001733301718028,1
2023-03-30,0.3389026183202554,1
2023-03-31,-0.0238753435968126,0
2023-04-01,-0.039013069097763586,0
2023-04-02,-0.01918256317531152,0
2023-04-03,0.08005119226563108,0
2023-04-04,-0.08395976460215138,0
2023-04-05,-0.08487566871501546,0
2023-04-06,-0.03182686123690455,0
2023-04-07,-0.06936850446362035,0
2023-04-08,-0.06864734303046763,0
2023-04-09,-0.06754047508115256,0
2023-04-10,-0.04917717164690233,0
2023-04-11,-0.07980609494167153,0
2023-04-12,-0.0853346932247262,0
2023-04-13,-0.06540809396863734,0
2023-04-14,-0.029855501946279627,0
2023-04-15,0.3238096270430921,1
2023-04-16,0.13858889290727086,0
2023-04-17,0.16183711232090556,0
2023-04-18,0.15639500147135818,0
2023-04-19,0.25510279320726476,1
2023-04-20,0.2581240481239479,1
2023-04-21,0.3545009255751638,1
2023-04-22,0.1011036557200189,0
2023-04-23,0.062035608986097064,0
2023-04-24,0.1394731753675541,0
2023-04-25,0.10214147667287797,0
2023-04-26,0.09870275348624458,0
2023-04-27,0.10965172916596376,0
2023-04-28,0.018850897396289687,0
2023-04-29,-0.00767054404121296,0
2023-04-30,-0.009832015866299774,0
2023-05-01,-0.03807901667568224,0
2023-05-02,0.07689199328803253,0
2023-05-03,-0.06770007063596323,0
2023-05-04,-0.0667542996874908,0
2023-05-05,-0.028986583950884527,0
2023-05-06,0.034868711772634065,0
2023-05-07,0.05389937854024235,0
2023-05-08,0.4574904013939508,1
2023-05-09,0.010614210575999938,0
2023-05-10,0.028143519016434883,0
2023-05-11,-0.013071327989273325,0
2023-05-12,0.028997756217774482,0
2023-05-13,0.0052091686565420466,0
2023-05-14,0.16985336486081717,0
2023-05-15,-0.058416427659847454,0
2023-05-16,-0.025657293903563437,0
2023-05-17,-0.02583117462521497,0
2023-05-18,-0.05069092784298084,0
2023-05-19,-0.04545863046809157,0
2023-05-20,-0.030877416198579626,0
2023-05-21,-0.060425308373176057,0
2023-05-22,-0.06865902978398904,0
2023-05-23,-0.03114165132219039,0
2023-05-24,0.011934391644832275,0
2023-05-25,0.12047545693010442,0
2023-05-26,0.012256703183636797,0
2023-05-27,-0.022898706152078965,0
2023-05-28,-0.007093569862963634,0
2023-05-29,0.011997640286021844,0
2023-05-30,0.00553489128232467,0
2023-05-31,0.0760740085987967,0
2023-06-01,0.009275606025779787,0
2023-06-02,-0.05703403734777015,0
2023-06-03,-0.04800247536465401,0
2023-06-04,-0.051858033103631594,0
2023-06-05,-0.0748564036247024,0
2023-06-06,-0.054752725571101814,0
2023-06-07,-0.05857766862307968,0
2023-06-08,-0.0017040349036865844,0
2023-06-09,-0.03489622544713351,0
2023-06-10,0.011161103809826383,0
2023-06-11,0.027599158794349644,0
2023-06-12,-0.0018884921497224585,0
2023-06-13,0.004054333642552683,0
2023-06-14,0.257550229793586,1
2023-06-15,0.17238336005733412,0
2023-06-16,0.16953726178756154,0
2023-06-17,0.26457478982313964,1
2023-06-18,0.1532815041890415,0
2023-06-19,0.06789745633321614,0
2023-06-20,0.20634842039499282,1
2023-06-21,0.025622768384412437,0
2023-06-22,-0.05071540534852938,0
2023-06-23,-0.05050512087948219,0
2023-06-24,-0.01697981415064969,0
2023-06-25,-0.01873575191664878,0
2023-06-26,-0.03129661737778426,0
2023-06-27,0.007304444558466878,0
2023-06-28,-0.026260688011618964,0
2023-06-29,-0.024130202706443254,0
2023-06-30,-0.0579634045162892,0
2023-07-01,-0.06792226205123224,0
2023-07-02,-0.07120657090940127,0
2023-07-03,-0.0791037419256816,0
2023-07-04,-0.07824959680227865,0
2023-07-05,-0.07923344581563654,0
2023-07-06,-0.0052507606351951735,0
2023-07-07,-0.0887288796873471,0
2023-07-08,-0.0885032115381639,0
2023-07-09,-0.07750364083960544,0
2023-07-10,-0.0821687105092019,0
2023-07-11,-0.08490295232128985,0
2023-07-12,-0.08849302414447144,0
2023-07-13,-0.08715591452495024,0
2023-07-14,-0.08254723532410081,0
2023-07-15,-0.08505702877543993,0
2023-07-16,-0.07847628564766737,0
2023-07-17,-0.06622685143956018,0
2023-07-18,-0.07101567112478366,0
2023-07-19,-0.05184754489994398,0
2023-07-20,-0.061714107269156576,0
2023-07-21,-0.04437761531459024,0
2023-07-22,-0.009026706000226602,0
2023-07-23,-0.05359249243424001,0
2023-07-24,-0.023116786095991822,0
2023-07-25,-0.08098541143611154,0
2023-07-26,-0.0684120302381666,0
2023-07-27,-0.06687161343262236,0
2023-07-28,-0.06602970952774914,0
2023-07-29,-0.06654423084944838,0
2023-07-30,-0.03380138475193872,0
2023-07-31,0.01008340582076012,0
2023-08-01,-0.007422064150441807,0
2023-08-02,-0.04396283216463623,0
2023-08-03,-0.055211588024553254,0
2023-08-04,-0.03103615740509807,0
2023-08-05,0.034576471071263326,0
2023-08-06,-0.056444280124527506,0
2023-08-07,-0.05250747375324003,0
2023-08-08,-0.04868770552196178,0
2023-08-09,-0.05316642925533009,0
2023-08-10,-0.04403347728887437,0
2023-08-11,0.04975191287974836,0
2023-08-12,0.0563667531253913,0
2023-08-13,0.028993527571391373,0
2023-08-14,0.0956440479934049,0
2023-08-15,0.5403346444022316,1
2023-08-16,0.9105636020849506,1
2023-08-17,1.355219367207018,1
2023-08-18,4.672287656990137,1
2023-08-19,2.018044893955958,1
2023-08-20,1.7628887589771163,1
2023-08-21,1.9805388349905635,1
2023-08-22,1.4011635807437073,1
2023-08-23,1.0729970892235745,1
2023-08-24,3.796771821520482,1
2023-08-25,0.384571845988328,1
2023-08-26,0.010283434221537565,0
2023-08-27,0.1126852272890149,0
2023-08-28,-0.032835051397874154,0
2023-08-29,-0.055928217476405015,0
2023-08-30,-0.042311482723823256,0
2023-08-31,-0.026453171698451662,0
2023-09-01,-0.049749075626861344,0
2023-09-02,-0.0406100803247254,0
2023-09-03,-0.06357247206001401,0
2023-09-04,-0.07043388826887031,0
2023-09-05,-0.01791172537778262,0
2023-09-06,-0.08254954367283447,0
2023-09-07,-0.07283086810955577,0
2023-09-08,-0.015038152682040389,0
2023-09-09,-0.06371253313544327,0
2023-09-10,-0.07621104253845208,0
2023-09-11,-0.06707754162179641,0
2023-09-12,-0.05552758794066262,0
2023-09-13,-0.06992269248149116,0
2023-09-14,-0.07491319011212687,0
2023-09-15,-0.0531114041212112,0
2023-09-16,-0.052702208869498016,0
2023-09-17,-0.05137049386806256,0
2023-09-18,3.131794471241944e-05,0
2023-09-19,-0.05037115794387081,0
2023-09-20,0.4701177228604266,1
2023-09-21,0.23991865917109256,1
2023-09-22,0.32831306351499195,1
2023-09-23,1.470425803287149,1
2023-09-24,1.1471754654946749,1
2023-09-25,1.6607897928187862,1
2023-09-26,2.1768326865772987,1
2023-09-27,1.7659904662625312,1
2023-09-28,2.5585502924164008,1
2023-09-29,4.235128633199135,1
2023-09-30,2.0376163846720687,1
2023-10-01,2.3871956051324785,1
2023-10-02,1.2409234016234785,1
2023-10-03,1.0224221115375485,1
2023-10-04,1.7999817857888616,1
2023-10-05,0.8531121138213373,1
2023-10-06,0.40384326069377563,1
2023-10-07,0.6738997884748313,1
2023-10-08,0.4369577916635889,1
2023-10-09,-0.03716408905854642,0
2023-10-10,-0.03355787619678564,0
2023-10-11,-0.05324144719295492,0
2023-10-12,-0.05794631469304378,0
2023-10-13,-0.058561609202533255,0
2023-10-14,-0.05434909704595182,0
2023-10-15,-0.02808006845900444,0
2023-10-16,-0.06018324916855589,0
2023-10-17,-0.044715952068896524,0
2023-10-18,0.05043946792379757,0
2023-10-19,0.7157392042406557,1
2023-10-20,0.13682856484114977,0
2023-10-21,0.16053293225899798,0
2023-10-22,0.14805351922132853,0
2023-10-23,0.13378272596505342,0
2023-10-24,0.6955496308773923,1
2023-10-25,0.1261503752980889,0
2023-10-26,0.06485492385196942,0
2023-10-27,-0.017165986274339132,0
2023-10-28,-0.07695741280635804,0
2023-10-29,-0.011050166363367819,0
2023-10-30,-0.009172390226953991,0
2023-10-31,-0.0628895189593154,0
2023-11-01,-0.04022914160274116,0
2023-11-02,-0.030218869288368793,0
2023-11-03,-0.028456939881755558,0
2023-11-04,-0.05925420713668961,0
2023-11-05,-0.05941264291825568,0
2023-11-06,-0.05487679224481466,0
2023-11-07,-0.04853508982620195,0
2023-11-08,0.00679716388618305,0
2023-11-09,-0.05836600719010474,0
2023-11-10,-0.059935402812557464,0
2023-11-11,-0.06167240801649471,0
2023-11-12,-0.012128903910666863,0
2023-11-13,-0.049773552164509904,0
2023-11-14,-0.043718775690549855,0
2023-11-15,-0.04383428001823302,0
2023-11-16,-0.01877841419453702,0
2023-11-17,-0.049354322128454316,0
2023-11-18,-0.08206623711256215,0
2023-11-19,-0.08727562772988555,0
2023-11-20,-0.08586651104676087,0
2023-11-21,-0.071827760251636,0
2023-11-22,-0.07676623742092087,0
2023-11-23,0.09166617307943352,0
2023-11-24,0.662569946678588,1
2023-11-25,0.48653729904810933,1
2023-11-26,0.5398606767754487,1
2023-11-27,0.5721322137919228,1
2023-11-28,0.584722656827241,1
2023-11-29,0.4515731849236774,1
2023-11-30,0.2828199175932108,1
2023-12-01,-0.0441877326222281,0
2023-12-02,-0.08755773938149952,0
2023-12-03,-0.07472456666947375,0
2023-12-04,-0.08003251076473943,0
2023-12-05,-0.08194038582652155,0
2023-12-06,-0.08879654289725664,0
2023-12-07,-0.08945832539309324,0
2023-12-08,-0.07982650310448618,0
2023-12-09,-0.07298986267938896,0
2023-12-10,-0.06645649779026214,0
2023-12-11,-0.06438711386104616,0
2023-12-12,-0.0709800228352563,0
2023-12-13,-0.06438796199397305,0
2023-12-14,-0.044935457073403684,0
2023-12-15,-0.0822857282603028,0
2023-12-16,-0.06535786344430183,0
2023-12-17,-0.07378853217577873,0
2023-12-18,-0.0706941788227112,0
2023-12-19,-0.06910686177696874,0
2023-12-20,-0.07110280920892591,0
2023-12-21,-0.052408088509683703,0
2023-12-22,-0.07410174430716292,0
2023-12-23,-0.06648574741216134,0
2023-12-24,-0.07510226537538106,0
2023-12-25,-0.07156690046674515,0
2023-12-26,-0.0738290181362473,0
2023-12-27,-0.030434163516018096,0
2023-12-28,-0.0745362427741301,0
2023-12-29,-0.07864218173199923,0
2023-12-30,-0.08808962280081689,0
2023-12-31,-0.08312159379493655,0
2024-01-01,-0.07589055088838441,0
2024-01-02,-0.08398283848255181,0
2024-01-03,-0.06662784150565843,0
2024-01-04,-0.08064362659065549,0
2024-01-05,-0.07847769677485268,0
2024-01-06,-0.08131176264945184,0
2024-01-07,-0.08574184279285703,0
2024-01-08,-0.08816459205660043,0
2024-01-09,-0.08043930115231246,0
2024-01-10,-0.0808537451781768,0
2024-01-11,-0.070766869767183,0
2024-01-12,-0.07212337062486747,0
2024-01-13,-0.07352957227101761,0
2024-01-14,-0.07063004188183927,0
2024-01-15,-0.07114695669530076,0
2024-01-16,-0.04854422115210697,0
2024-01-17,-0.07906340284504511,0
2024-01-18,-0.06506709432801941,0
2024-01-19,-0.08592435932672639,0
2024-01-20,-0.08292211225898141,0
2024-01-21,-0.08426295693757639,0
2024-01-22,-0.08467298482276311,0
2024-01-23,-0.08503878231083775,0
2024-01-24,-0.059852809841510174,0
2024-01-25,-0.06086664019401413,0
2024-01-26,-0.020732185001568787,0
2024-01-27,-0.005222842856408622,0
2024-01-28,-0.04973248420605699,0
2024-01-29,-0.0500986784894182,0
2024-01-30,-0.011701088073161205,0
2024-01-31,-0.04164187668099471,0
2024-02-01,-0.013192287744570746,0
2024-02-02,-0.08105209513188963,0
2024-02-03,-0.06616161567589406,0
2024-02-04,-0.03737229312005258,0
2024-02-05,-0.0405937624908797,0
2024-02-06,0.047429292565074055,0
2024-02-07,0.0562789326476242,0
2024-02-08,0.07082824728318964,0
2024-02-09,-0.03630039180626716,0
2024-02-10,-0.014692544944548636,0
2024-02-11,-0.06467016462517171,0
2024-02-12,-0.003161959868696933,0
2024-02-13,-0.07843984366829393,0
2024-02-14,-0.0865088213299403,0
2024-02-15,-0.0854115044061161,0
2024-02-16,-0.08408724639342931,0
2024-02-17,-0.06907383023812318,0
2024-02-18,-0.08532720596631625,0
2024-02-19,-0.06603639446944375,0
2024-02-20,-0.06434314582213732,0
2024-02-21,-0.032937351675268574,0
2024-02-22,-0.016657930611125155,0
2024-02-23,-0.0291273579314065,0
2024-02-24,-0.08447632310228921,0
2024-02-25,-0.05723884447102811,0
2024-02-26,-0.06069840660202384,0
2024-02-27,-0.009554998790017925,0
2024-02-28,-0.06255706433354791,0
2024-02-29,0.04047035701101865,0
2024-03-01,0.039256339571656834,0
2024-03-02,0.02347520087375476,0
2024-03-03,-0.058438265629798564,0
2024-03-04,-0.05667702960444499,0
2024-03-05,-0.052865112722209666,0
2024-03-06,-0.0517766012226842,0
2024-03-07,0.03249309970884938,0
2024-03-08,0.36408271884534044,1
2024-03-09,0.24855513875892438,1
2024-03-10,0.11101162945107834,0
2024-03-11,0.821572100116065,1
2024-03-12,0.14862257325750355,0
2024-03-13,0.14511927962330823,0
2024-03-14,0.269548725492079,1
2024-03-15,-0.03282221150182118,0
2024-03-16,-0.03764783834226294,0
2024-03-17,-0.03206999667984329,0
2024-03-18,0.05005142848493422,0
2024-03-19,0.07446801609799591,0
2024-03-20,-0.042184716702691125,0
2024-03-21,0.035330298122217996,0
2024-03-22,0.04930492743628884,0
2024-03-23,-0.05891431347986726,0
2024-03-24,-0.05956068698504479,0
2024-03-25,-0.013567014159560617,0
2024-03-26,-0.03248569446082854,0
2024-03-27,-0.06631971830385548,0
2024-03-28,-0.0673208791392088,0
2024-03-29,-0.030206138450879938,0
2024-03-30,-0.024639271449547504,0
2024-03-31,-0.07140842816402965,0
2024-04-01,-0.07000186889805092,0
2024-04-02,-0.03393031904313264,0
2024-04-03,-0.07842994985921285,0
2024-04-04,0.8976897646920622,1
2024-04-05,0.17778901022869395,0
2024-04-06,0.4867811821444943,1
2024-04-07,0.4679136173208686,1
2024-04-08,0.10212956239836576,0
2024-04-09,0.38752176214284434,1
2024-04-10,0.9238579476554688,1
2024-04-11,0.8317260524961145,1
2024-04-12,0.7210034869816451,1
2024-04-13,1.1561554665758664,1
2024-04-14,3.0182195693048652,1
2024-04-15,1.1078255930590661,1
2024-04-16,1.1092486163056223,1
2024-04-17,0.8255562664323121,1
2024-04-18,0.5871367772273456,1
2024-04-19,0.5043456800401063,1
2024-04-20,0.12017829788659856,0
2024-04-21,0.44675345228477326,1
2024-04-22,0.12163371085534126,0
2024-04-23,0.08935809065500999,0
2024-04-24,0.26118324840913343,1
2024-04-25,0.11541665832187362,0
2024-04-26,0.4288835295210962,1
2024-04-27,2.5036848317222296,1
2024-04-28,0.9184817180454056,1
2024-04-29,2.8000695639598527,1
2024-04-30,2.169285042947488,1
2024-05-01,2.4983461856488125,1
2024-05-02,1.0013098422660638,1
2024-05-03,1.0179860931733873,1
2024-05-04,0.36278705023601404,1
2024-05-05,0.38549734920912804,1
2024-05-06,0.38387966080063907,1
2024-05-07,0.37922451248960287,1
2024-05-08,0.07656026632563191,0
2024-05-09,0.1847824824043907,1
2024-05-10,-0.014398657289096131,0
2024-05-11,0.4184013209960423,1
2024-05-12,0.5456278023976705,1
2024-05-13,3.207208584220601,1
2024-05-14,0.793405206476635,1
2024-05-15,0.6931341954071784,1
2024-05-16,1.3039413239281468,1
2024-05-17,0.45620559880414707,1
2024-05-18,1.0701064673244505,1
2024-05-19,0.590867438672212,1
2024-05-20,26.503494547669703,1
2024-05-21,4.251918772047668,1
2024-05-22,1.786586168896325,1
2024-05-23,2.4771477464800276,1
2024-05-24,2.052193784610113,1
2024-05-25,3.072748701854717,1
2024-05-26,13.097533892516815,1
2024-05-27,0.22211074979388334,1
2024-05-28,0.2367730928382209,1
2024-05-29,0.20891889215556875,1
2024-05-30,0.16066897294490445,0
2024-05-31,0.1908186931177822,1
2024-06-01,-0.02193543729784631,0
2024-06-02,-0.020989686036682983,0
2024-06-03,-0.051641284788796094,0
2024-06-04,0.03182590018632939,0
2024-06-05,0.001028338097776981,0
2024-06-06,0.03125196789604225,0
2024-06-07,-0.04576663529040065,0
2024-06-08,0.37981804267863833,1
2024-06-09,0.5606990825466118,1
2024-06-10,0.8057874454133334,1
2024-06-11,0.8018012521110842,1
2024-06-12,0.5358972328649572,1
2024-06-13,0.5981179100788211,1
2024-06-14,0.6716859811385216,1
2024-06-15,-0.027004755334947447,0
2024-06-16,0.33044251794141194,1
2024-06-17,0.16765409083693442,0
2024-06-18,0.16400335556018877,0
2024-06-19,0.16836586182192695,0
2024-06-20,0.20699086862978558,1
2024-06-21,0.14754561363308824,0
2024-06-22,0.1805800213167474,0
2024-06-23,-0.0011530120765139206,0
2024-06-24,0.3251940993768873,1
2024-06-25,0.2652456931123174,1
2024-06-26,0.3079917223139456,1
2024-06-27,0.24788737790834148,1
2024-06-28,0.029878120633054627,0
2024-06-29,0.017748865230977125,0
2024-06-30,0.16276853974319502,0
2024-07-01,0.11245833298282236,0
2024-07-02,0.4544193441979427,1
2024-07-03,0.2864747164128941,1
2024-07-04,0.34435411951458383,1
2024-07-05,0.36533282643091386,1
2024-07-06,0.3431970964383495,1
2024-07-07,0.4570773209046844,1
2024-07-08,0.4955041438222141,1
2024-07-09,0.0733219949135728,0
2024-07-10,0.06115808342489279,0
2024-07-11,0.050148975239957386,0
2024-07-12,0.18217004747794285,0
2024-07-13,0.12155165753772432,0
2024-07-14,0.10153441922379058,0
2024-07-15,0.11183073606788706,0
2024-07-16,0.10714524895155239,0
2024-07-17,0.010889847660094949,0
2024-07-18,0.08078423011331708,0
2024-07-19,0.03564029652807867,0
2024-07-20,0.04557284109080394,0
2024-07-21,0.11496937934042288,0
2024-07-22,0.034825286502049094,0
2024-07-23,0.04425953180242335,0
2024-07-24,0.15082283714260647,0
2024-07-25,-0.06055635308674708,0
2024-07-26,0.11750120547262904,0
2024-07-27,0.04067597466604333,0
2024-07-28,0.05836404928805913,0
2024-07-29,0.13821853318460056,0
2024-07-30,0.06474566854308085,0
2024-07-31,0.06641053961943938,0
2024-08-01,0.22535219582194824,1
2024-08-02,-0.06050379005685676,0
2024-08-03,-0.0428020835429374,0
2024-08-04,0.012502416003683393,0
2024-08-05,-0.00878338405183792,0
2024-08-06,-0.043717813799356964,0
2024-08-07,-0.044839978795024805,0
2024-08-08,-0.04804338540958812,0
2024-08-09,-0.044501941515559404,0
2024-08-10,-0.041119441064753716,0
2024-08-11,-0.018100469479116782,0
2024-08-12,-0.0036289741196846095,0
2024-08-13,-0.015492708165232499,0
2024-08-14,0.17824212644479687,0
2024-08-15,0.06305677514823707,0
2024-08-16,0.14507975317280303,0
2024-08-17,1.153986306042048,1
2024-08-18,0.854374949158214,1
2024-08-19,0.27031748759011703,1
2024-08-20,0.4036185440300444,1
2024-08-21,0.31171260325518807,1
2024-08-22,0.3123263564801651,1
2024-08-23,0.7414571505353046,1
2024-08-24,0.3024127942060512,1
2024-08-25,-0.05923335582403379,0
2024-08-26,-0.04159850084276536,0
2024-08-27,-0.07459721221586334,0
2024-08-28,-0.0740210319454122,0
2024-08-29,-0.06965238929308412,0
2024-08-30,-0.0687661631631024,0
2024-08-31,-0.06715848488989974,0
2024-09-01,-0.07812673051243178,0
2024-09-02,-0.0766765268552897,0
2024-09-03,-0.07301857476369679,0
2024-09-04,-0.07334789165530617,0
2024-09-05,-0.037476115325181455,0
2024-09-06,-0.058203028810638,0
2024-09-07,0.04102452596253915,0
2024-09-08,0.03923874288278112,0
2024-09-09,0.05782413674876016,0
2024-09-10,-0.04337715132138569,0
2024-09-11,-0.008430743593591363,0
2024-09-12,-0.06673667054276132,0
2024-09-13,-0.0708777865848059,0
2024-09-14,-0.08221674281202745,0
2024-09-15,-0.08534312365033268,0
2024-09-16,-0.08487268619924614,0
2024-09-17,-0.08311225961071513,0
2024-09-18,-0.04441738637552327,0
2024-09-19,-0.060487588778843186,0
2024-09-20,-0.07101509872186071,0
2024-09-21,-0.043549152003257284,0
2024-09-22,-0.04808447678845626,0
2024-09-23,-0.052394697327475453,0
2024-09-24,-0.055202456198111684,0
2024-09-25,-0.06544197035159202,0
2024-09-26,-0.062046843022688335,0
2024-09-27,-0.07414587681415374,0
2024-09-28,-0.08092150285274237,0
2024-09-29,-0.0875838064314886,0
2024-09-30,-0.08616670725471583,0
2024-10-01,-0.017216263913519214,0
2024-10-02,-0.08066721731944179,0
2024-10-03,-0.07012828918688846,0
2024-10-04,-0.07258233649804433,0
2024-10-05,0.4634407103236892,1
2024-10-06,0.0863602140080558,0
2024-10-07,0.09380095170516442,0
2024-10-08,0.06834932932949288,0
2024-10-09,0.06768326196431472,0
2024-10-10,0.08719910670570379,0
2024-10-11,0.08930271284171687,0
2024-10-12,-0.04259097284082473,0
2024-10-13,-0.06544522006377967,0
2024-10-14,-0.06545317904308497,0
2024-10-15,-0.06815505112438223,0
2024-10-16,-0.06522423637715546,0
2024-10-17,-0.0574391283417639,0
2024-10-18,-0.06835360385386849,0
2024-10-19,-0.02902043550546274,0
2024-10-20,-0.058495481643624045,0
2024-10-21,-0.08073260248809058,0
2024-10-22,-0.08830272800235794,0
2024-10-23,-0.08371216954198261,0
2024-10-24,-0.08513995821529516,0
2024-10-25,-0.08384200342102506,0
2024-10-26,-0.08620495668984358,0
2024-10-27,0.11276212715135027,0
2024-10-28,0.06209860087530637,0
2024-10-29,0.06357503849547849,0
2024-10-30,0.05590409532178724,0
2024-10-31,0.06038190756143995,0
2024-11-01,0.09124807263255841,0
2024-11-02,0.18356097838793806,0
2024-11-03,-0.04013791456724652,0
2024-11-04,-0.07920848368662246,0
2024-11-05,-0.07234877422423588,0
2024-11-06,-0.061118305263440684,0
2024-11-07,-0.08458076179599563,0
2024-11-08,-0.06797199252336636,0
2024-11-09,-0.034056079422252056,0
2024-11-10,-0.05586564054474483,0
2024-11-11,-0.05507981744393131,0
2024-11-12,-0.03477683448539698,0
2024-11-13,-0.047786392030589105,0
2024-11-14,-0.049583324776832895,0
2024-11-15,-0.020801834083937643,0
2024-11-16,-0.051480746378632244,0
2024-11-17,-0.04260395468006204,0
2024-11-18,-0.07147919241183759,0
2024-11-19,-0.011096895966256083,0
2024-11-20,-0.08588905315864397,0
2024-11-21,-0.0871298568637531,0
2024-11-22,-0.07056183510776055,0
2024-11-23,-0.06589576985050723,0
2024-11-24,-0.045455127560401834,0
2024-11-25,0.012851569292704585,0
2024-11-26,-0.01840107526958792,0
2024-11-27,-0.02292096184391133,0
2024-11-28,-0.005652428850150843,0
2024-11-29,-0.023706681715244555,0
2024-11-30,-0.03564034617733813,0
2024-12-01,0.07504632149337442,0
2024-12-02,-0.02245571756836968,0
2024-12-03,-0.0861304966760668,0
2024-12-04,-0.08099180129727067,0
2024-12-05,0.10079625359360937,0
2024-12-06,0.7277393238189142,1
2024-12-07,0.6052185914320957,1
2024-12-08,0.6259358299717162,1
2024-12-09,0.6264928461253366,1
2024-12-10,0.6106868612306177,1
2024-12-11,0.5126411542364292,1
2024-12-12,0.36082808976547653,1
2024-12-13,-0.07799644312934784,0
2024-12-14,-0.07235516528981513,0
2024-12-15,-0.0685143365029838,0
2024-12-16,-0.06551644383326138,0
2024-12-17,-0.06413735749625536,0
2024-12-18,-0.04784731813802389,0
2024-12-19,-0.06337508508717048,0
2024-12-20,-0.05190103429573417,0
2024-12-21,-0.05483724230528717,0
2024-12-22,-0.043768165753862935,0
2024-12-23,-0.052670770969520886,0
2024-12-24,-0.05680770819708311,0
2024-12-25,-0.056552742466453546,0
2024-12-26,-0.04965731608588671,0
2024-12-27,-0.052501845208916126,0
2024-12-28,0.004931428780672743,0
2024-12-29,-0.04351628187588471,0
2024-12-30,-0.07028720343885861,0
2024-12-31,-0.02607135312336038,0
2025-01-01,-0.078673543803537,0
2025-01-02,-0.07681777087415524,0
2025-01-03,-0.06573026240556334,0
2025-01-04,-0.062475210849714725,0
2025-01-05,-0.0436452200046631,0
2025-01-06,-0.043212538547295384,0
2025-01-07,0.04102068180751335,0
2025-01-08,0.05338732211508413,0
2025-01-09,-0.01128675169785489,0
2025-01-10,-0.018120627836780586,0
2025-01-11,-0.07288032545057598,0
2025-01-12,-0.06843137033605866,0
2025-01-13,-0.05027557422777746,0
2025-01-14,-0.05296646431845737,0
2025-01-15,-0.017863213327691068,0
2025-01-16,-0.010685586546800248,0
2025-01-17,-0.03125986935160291,0
2025-01-18,-0.022750681329555277,0
2025-01-19,0.006889759029373342,0
2025-01-20,-0.03186185969760289,0
2025-01-21,0.222291306862823,1
2025-01-22,0.22485211401801092,1
2025-01-23,0.267698023201284,1
2025-01-24,0.2352974143718458,1
2025-01-25,0.08750846783952779,0
2025-01-26,0.12138072531584655,0
2025-01-27,0.061882038498228265,0
2025-01-28,-0.01279605200609441,0
2025-01-29,-0.03165278961941208,0
2025-01-30,0.021594481226490565,0
2025-01-31,-0.078297303047943,0
2025-02-01,0.296414498976212,1
2025-02-02,0.13575502359946734,0
2025-02-03,0.132593459401148,0
2025-02-04,0.1308460023009299,0
2025-02-05,2.2178421832597546,1
2025-02-06,0.3433394533387181,1
2025-02-07,0.47919741620889666,1
2025-02-08,0.5591628966439667,1
2025-02-09,0.5375864392664904,1
2025-02-10,0.551424882160828,1
2025-02-11,0.1703839773936794,0
2025-02-12,0.2869071567582425,1
2025-02-13,0.6070072019472419,1
2025-02-14,0.31884925574837103,1
2025-02-15,1.2188109355912382,1
2025-02-16,10.717219395805929,1
2025-02-17,38.218094711261216,1
2025-02-18,18.483935244045043,1
2025-02-19,9.105183184133049,1
2025-02-20,6.676024133411004,1
2025-02-21,7.399607073964161,1
2025-02-22,2.8851400798005935,1
2025-02-23,56.16789166709798,1
2025-02-24,9.038552149400623,1
2025-02-25,0.991975264437676,1
2025-02-26,0.10655489182492868,0
2025-02-27,0.32880959799625675,1
2025-02-28,-0.023202067009540462,0
2025-03-01,-0.07840520827787562,0
2025-03-02,-0.06845172997733776,0
2025-03-03,-0.06370665132712124,0
2025-03-04,-0.06514033669558723,0
2025-03-05,-0.06434337727427925,0
2025-03-06,0.1865625520214805,1
2025-03-07,0.17780173878145353,0
2025-03-08,0.30809873382669123,1
2025-03-09,0.8432488551280165,1
2025-03-10,0.8218182312198312,1
2025-03-11,1.1892616481399885,1
2025-03-12,1.326166638782058,1
2025-03-13,1.4817640734898743,1
2025-03-14,1.570362567524053,1
2025-03-15,1.2508553607006236,1
2025-03-16,0.5371267191465257,1
2025-03-17,0.3494713576526198,1
2025-03-18,0.28135228831598935,1
2025-03-19,0.15494780025262206,0
2025-03-20,0.1393697121225202,0
2025-03-21,0.09191127435496572,0
2025-03-22,-0.019436054072126892,0
2025-03-23,-0.06243375851111758,0
2025-03-24,-0.03222966780568509,0
2025-03-25,-0.03463271384954013,0
2025-03-26,-0.044299505319900255,0
2025-03-27,-0.06536094307413824,0
2025-03-28,-0.02888887949090527,0
2025-03-29,-0.022046612591376632,0
2025-03-30,-0.05441308319480007,0
2025-03-31,-0.055340550089998206,0
2025-04-01,-0.04883000582952348,0
2025-04-02,-0.04784531906010021,0
2025-04-03,-0.06140261003471209,0
2025-04-04,-0.023568274600292455,0
2025-04-05,-0.05299822167286115,0
2025-04-06,-0.013287101664637254,0
2025-04-07,0.16411893952860548,0
2025-04-08,0.06457007351339072,0
2025-04-09,0.06200553495237814,0
2025-04-10,0.07223565543028831,0
2025-04-11,0.30703284325154284,1
2025-04-12,0.3060553923346543,1
2025-04-13,0.4153268691952495,1
2025-04-14,0.33288988074554654,1
2025-04-15,0.1606868461388696,0
2025-04-16,0.27852152661394847,1
2025-04-17,0.15255075102958018,0
2025-04-18,0.15103844887181664,0
2025-04-19,-0.0231144084109893,0
2025-04-20,-0.009110457067463574,0
2025-04-21,-0.007590199204915402,0
2025-04-22,0.00043110548429328135,0
2025-04-23,-0.039111797935734584,0
2025-04-24,0.1396949729294497,0
2025-04-25,0.18875683192887233,1
2025-04-26,0.25310163807879227,1
2025-04-27,0.15947184266762163,0
2025-04-28,0.09978012722994907,0
2025-04-29,0.09181660833943334,0
2025-04-30,0.16934715694475239,0
2025-05-01,0.023022670531599742,0
2025-05-02,-0.009813764805906533,0
2025-05-03,0.020797171824121573,0
2025-05-04,-0.010934029154696509,0
2025-05-05,-0.0034997486520963487,0
2025-05-06,-0.014081320579133501,0
2025-05-07,0.009142063459283496,0
2025-05-08,0.0436697587041709,0
2025-05-09,0.05493154162086227,0
2025-05-10,-0.04458610022179337,0
2025-05-11,-0.04355178255964553,0
2025-05-12,-0.03138007802698989,0
2025-05-13,1.9107998690203867,1
2025-05-14,0.1136574444756307,0
2025-05-15,0.40808833367724195,1
2025-05-16,0.41464818878798704,1
2025-05-17,0.1065326033685988,0
2025-05-18,0.14561794790538604,0
2025-05-19,0.9623435186521894,1
2025-05-20,0.2932310069825699,1
2025-05-21,-0.05343795810778121,0
2025-05-22,-0.05995520902011639,0
2025-05-23,-0.05375325720569185,0
2025-05-24,0.0332030006474254,0
2025-05-25,0.033823575339684255,0
2025-05-26,0.07616746052450897,0
2025-05-27,0.012771831939090117,0
2025-05-28,-0.05665889690544256,0
2025-05-29,0.050416432329098024,0
2025-05-30,-0.019558942351494118,0
2025-05-31,0.032770491273123474,0
2025-06-01,-0.010468767950871826,0
2025-06-02,-0.012098903236667242,0
2025-06-03,0.027885273568844376,0
2025-06-04,0.04523996533663884,0
2025-06-05,0.6850561694748281,1
2025-06-06,0.3146196674957843,1
2025-06-07,0.6034102062617035,1
2025-06-08,0.13743444934036692,0
2025-06-09,0.3180567018532341,1
2025-06-10,0.24452388372315728,1
2025-06-11,0.4657254241558547,1
2025-06-12,0.251010006645037,1
2025-06-13,0.2630514540843836,1
2025-06-14,0.04003541695900993,0
2025-06-15,-0.04438782626303064,0
2025-06-16,-0.025518188547118254,0
2025-06-17,-0.0480719078392136,0
2025-06-18,-0.004642282358212297,0
2025-06-19,0.13051327753977401,0
2025-06-20,0.055060269380105824,0
2025-06-21,0.16176235793418103,0
2025-06-22,0.1523552777155459,0
2025-06-23,0.15503995890445105,0
2025-06-24,0.29550856108056,1
2025-06-25,0.42684027633302074,1
2025-06-26,0.1524409088672906,0
2025-06-27,0.1491122808395953,0
2025-06-28,-0.03285941907690224,0
2025-06-29,-0.017215260903665597,0
2025-06-30,0.14985230196256608,0
2025-07-01,0.01961628697591244,0
2025-07-02,0.022613984388274742,0
2025-07-03,0.009604770665483113,0
2025-07-04,0.009869556567573209,0
2025-07-05,0.13848413836375667,0
2025-07-06,0.2240993229020557,1
2025-07-07,-0.051037442177860944,0
2025-07-08,-0.0521387113108341,0
2025-07-09,0.008685014430922405,0
2025-07-10,-0.0002393730795507679,0
2025-07-11,0.024073705931877954,0
2025-07-12,0.005737367118267575,0
2025-07-13,-0.03729077760577521,0
2025-07-14,-0.02650524374481522,0
2025-07-15,0.02393848467590131,0
2025-07-16,-0.05978797748416536,0
2025-07-17,-0.06608592903329229,0
2025-07-18,0.720152528738289,1
2025-07-19,0.10877016258416704,0
2025-07-20,0.07444605747163993,0
2025-07-21,0.08667301731886465,0
2025-07-22,0.1301161878537108,0
2025-07-23,0.11629321856940238,0
2025-07-24,0.15474916076582482,0
2025-07-25,-0.04568824942649387,0
2025-07-26,-0.05026867156137529,0
2025-07-27,-0.051306338116461084,0
2025-07-28,-0.008539728973914635,0
2025-07-29,-0.05215379859554673,0
2025-07-30,0.102566028689481,0
2025-07-31,0.11158899743507349,0
2025-08-01,0.0204301981787035,0
2025-08-02,-0.0025504270216327837,0
2025-08-03,0.09278933675066722,0
2025-08-04,0.12553861972155453,0
2025-08-05,0.05646503179462382,0
2025-08-06,-0.056103864914608684,0
2025-08-07,-0.058073697948345736,0
2025-08-08,-0.05695594122665702,0
2025-08-09,-0.009219098611162874,0
2025-08-10,0.04556823887895562,0
2025-08-11,0.018818091318479148,0
2025-08-12,0.08597759069382682,0
2025-08-13,0.09271519826249572,0
2025-08-14,0.25245309815235084,1
2025-08-15,0.29669815380218867,1
2025-08-16,0.13723612232206606,0
2025-08-17,0.3902270916639632,1
2025-08-18,0.29221633502505545,1
2025-08-19,0.352271051313212,1
2025-08-20,0.47441786636293504,1
2025-08-21,0.2315508828163576,1
2025-08-22,0.28614142935347886,1
2025-08-23,0.4365183541764341,1
2025-08-24,0.08009404393131951,0
2025-08-25,0.25117999798229995,1
2025-08-26,0.10358891389905667,0
2025-08-27,0.10066239317135443,0
2025-08-28,0.1720492287186606,0
2025-08-29,0.35915326011715304,1
2025-08-30,0.2668018089390549,1
2025-08-31,4.839260018526779,1
2025-09-01,1.2712833391595868,1
2025-09-02,0.5217335372653404,1
2025-09-03,0.7094376330472589,1
2025-09-04,0.6389236553360246,1
2025-09-05,0.7905037553310821,1
2025-09-06,0.9007335300898244,1
2025-09-07,1.0199025636660215,1
2025-09-08,-0.06623327321910241,0
2025-09-09,-0.013316916132542551,0
2025-09-10,-0.0011757757626528786,0
2025-09-11,-0.05418121794642487,0
2025-09-12,-0.05802884166192533,0
2025-09-13,-0.04581734723613411,0
2025-09-14,-0.06473537234986079,0
2025-09-15,-0.07304596178608597,0
2025-09-16,-0.0749558657330487,0
2025-09-17,-0.055525209406416594,0
2025-09-18,0.00029887717389695377,0
2025-09-19,-0.050193479060711886,0
2025-09-20,-0.06398270773472779,0
2025-09-21,-0.06182176526742872,0
2025-09-22,-0.06887542514177253,0
2025-09-23,-0.060804856494100064,0
2025-09-24,0.42258337864719897,1
2025-09-25,0.2946396249714801,1
2025-09-26,0.267596344792413,1
2025-09-27,0.2629090335659125,1
2025-09-28,0.29317006687765923,1
2025-09-29,0.3981888822807214,1
2025-09-30,0.4973506349580656,1
2025-10-01,0.20326742944648737,1
2025-10-02,0.5039253404775904,1
2025-10-03,0.11717160148129556,0
2025-10-04,0.5648623597889554,1
2025-10-05,0.7559697137657229,1
2025-10-06,0.6638159049940026,1
2025-10-07,0.7504330147454656,1
2025-10-08,0.7273573784206719,1
2025-10-09,0.28236225646737473,1
2025-10-10,0.41240551374515305,1
2025-10-11,0.9990991492509054,1
2025-10-12,0.2834679435863417,1
2025-10-13,0.1623758836608957,0
2025-10-14,0.3117321338628739,1
2025-10-15,0.6782026896435345,1
2025-10-16,0.7711419094102173,1
2025-10-17,0.39271421260892625,1
2025-10-18,1.1325643496682447,1
2025-10-19,1.019699242158163,1
2025-10-20,1.3398017391788075,1
2025-10-21,1.4023921220499644,1
2025-10-22,1.2528997031451428,1
2025-10-23,1.3204060891526117,1
2025-10-24,1.5133342598440873,1
2025-10-25,1.3135603085698622,1
2025-10-26,1.1713503852690295,1
2025-10-27,0.8690082660715231,1
2025-10-28,0.979904321076057,1
2025-10-29,0.4439297285226623,1
2025-10-30,0.34401252763966267,1
2025-10-31,0.46242920903604384,1
2025-11-01,0.4118489148887826,1
2025-11-02,0.36522924422898834,1
2025-11-03,0.26175415616337405,1
2025-11-04,0.4615002380251526,1
2025-11-05,0.6067065843544335,1
2025-11-06,0.3942302576081653,1
2025-11-07,0.39848040289920966,1
2025-11-08,0.6967826605001429,1
2025-11-09,0.9092502988338089,1
2025-11-10,0.9170600023982458,1
2025-11-11,0.46628361682231795,1
2025-11-12,0.6496217233004105,1
2025-11-13,0.6842752532543143,1
2025-11-14,0.503892463519275,1
2025-11-15,0.5012269483641698,1
2025-11-16,0.05384422256460029,0
2025-11-17,0.30606164697137545,1
2025-11-18,0.40934820817422385,1
2025-11-19,1.1866538116456846,1
2025-11-20,1.31549373815793,1
2025-11-21,0.8324993758492187,1
2025-11-22,0.29302044651060666,1
2025-11-23,0.4168977502398321,1
2025-11-24,0.21675370219176368,1
2025-11-25,0.2988560493930465,1
2025-11-26,0.2780798266063419,1
2025-11-27,0.04195581381440232,0
2025-11-28,0.5935125414326221,1
2025-11-29,0.18038002947691498,0
2025-11-30,0.1390928670140719,0
2025-12-01,0.5912095512068317,1
2025-12-02,0.23475875348778708,1
2025-12-03,0.4153935388410735,1
2025-12-04,0.806429695913141,1
2025-12-05,0.030875805990999237,0
2025-12-06,0.011963599515612728,0
2025-12-07,0.08813650392166329,0
2025-12-08,-0.06836231960393455,0
2025-12-09,-0.05987728544551901,0
2025-12-10,-0.08414381026606439,0
2025-12-11,-0.07025819770892956,0
2025-12-12,-0.08527424660221887,0
2025-12-13,-0.036804591721313736,0
2025-12-14,-0.07860168534552048,0
2025-12-15,-0.0668576376807682,0
2025-12-16,-0.065008691789825,0
2025-12-17,-0.06327937921465243,0
2025-12-18,-0.06735183926296352,0
2025-12-19,-0.03667723666854137,0
2025-12-20,-0.02991976141062825,0
2025-12-21,-0.05277437219874212,0
2025-12-22,-0.011640646968105654,0
2025-12-23,-0.03600769652967962,0
2025-12-24,-0.02840286532007617,0
2025-12-25,0.008399059916889537,0
2025-12-26,-0.052940051676529605,0
2025-12-27,-0.039370858530252906,0
2025-12-28,-0.03905678500391413,0
2025-12-29,0.08412899623482163,0
2025-12-30,0.06473894392409144,0
2025-12-31,-0.02942608961583119,0
2026-01-01,0.024261818396241794,0
2026-01-02,-0.00727698220768001,0
2026-01-03,-0.053914624581350296,0
2026-01-04,-0.03896097595399431,0
2026-01-05,-0.05528260572482208,0
2026-01-06,0.006206269088433946,0
2026-01-07,-0.009722538029053302,0
2026-01-08,0.2987074551028513,1
2026-01-09,0.18123713000459246,0
2026-01-10,0.15157545281818782,0
2026-01-11,0.20517441940334408,1
2026-01-12,0.14862470658026064,0
2026-01-13,0.1403131864920281,0
2026-01-14,0.16705720347645792,0
2026-01-15,-0.07558978119445174,0
2026-01-16,-0.05453723622022565,0
2026-01-17,-0.048992643061000096,0
2026-01-18,-0.017630789425572037,0
2026-01-19,-0.0063077770510055675,0
2026-01-20,0.003359855630142656,0
2026-01-21,-0.05764737347307374,0
2026-01-22,-0.010896047162104393,0
2026-01-23,-0.05355613434285598,0
2026-01-24,-0.021914988978586115,0
2026-01-25,-0.06802075060276065,0
2026-01-26,-0.06269061746153769,0
2026-01-27,-0.08556855209251696,0
2026-01-28,-0.0867192469736751,0
2026-01-29,-0.08740665438121024,0
2026-01-30,-0.08543954179382288,0
2026-01-31,-0.08552434821656267,0
2026-02-01,-0.08287525882882793,0
2026-02-02,-0.03458652524547649,0
2026-02-03,-0.0655383342787687,0
2026-02-04,-0.0808779652897188,0
2026-02-05,-0.0662679672840553,0
2026-02-06,-0.06829341359820208,0
2026-02-07,-0.06040984932355632,0
2026-02-08,-0.08576075647432822,0
2026-02-09,-0.06508442030439317,0
2026-02-10,-0.03559590817780942,0
2026-02-11,-0.060580421674679905,0
2026-02-12,-0.06729041925979813,0
2026-02-13,-0.06808005773567462,0
2026-02-14,0.5226409819821819,1
2026-02-15,0.26523435945842744,1
2026-02-16,0.2483319799998956,1
2026-02-17,0.23190092866162573,1
2026-02-18,0.2854996766121035,1
2026-02-19,0.2529701552648014,1
2026-02-20,0.4549007830084592,1
2026-02-21,-0.04086304448754437,0
2026-02-22,-0.01212803705458759,0
2026-02-23,0.0331100482529762,0
2026-02-24,-0.0656912216239251,0
2026-02-25,-0.030203944919368807,0
2026-02-26,-0.0217964900642534,0
2026-02-27,-0.024358492325315603,0
2026-02-28,0.09463714772189125,0
2026-03-01,0.07133525310187085,0
2026-03-02,0.060543400290540145,0
2026-03-03,-0.007937175093961902,0
2026-03-04,0.037579691477431974,0
2026-03-05,0.057459948164003356,0
2026-03-06,0.16316823698795194,0
2026-03-07,-0.01687808767810482,0
2026-03-08,-0.07374505677159178,0
2026-03-09,-0.013257180171510157,0
2026-03-10,0.0013448816817068752,0
2026-03-11,0.0020424688271359756,0
2026-03-12,-0.045207778262477676,0
2026-03-13,-0.025010654125016553,0
2026-03-14,-0.048640290446903024,0
2026-03-15,-0.08026573360914742,0
2026-03-16,-0.07319487049465224,0
2026-03-17,-0.08528532878762726,0
2026-03-18,-0.07621005437037892,0
2026-03-19,-0.07958448797555108,0
2026-03-20,-0.06380171223825938,0
2026-03-21,-0.04689241490512088,0
2026-03-22,-0.0545254193086039,0
2026-03-23,-0.045856768618276575,0
2026-03-24,-0.04986932017204782,0
2026-03-25,-0.05007576451943137,0
2026-03-26,-0.04127609299390359,0
2026-03-27,-0.002063992075235965,0
2026-03-28,-0.044376099747416485,0
2026-03-29,-0.08254059687031787,0
2026-03-30,-0.08373886784882249,0
2026-03-31,-0.07353235238097286,0
2026-04-01,-0.07985906816718744,0
2026-04-02,-0.08174222355486442,0
2026-04-03,-0.06557258933076615,0
2026-04-04,-0.06860471125126362,0
2026-04-05,-0.0407523576603009,0
2026-04-06,0.049609173937015104,0
2026-04-07,0.09567375518706081,0
2026-04-08,0.17995786585312387,0
2026-04-09,0.16642834583651298,0
2026-04-10,0.1567308335491835,0
2026-04-11,0.21451470223455354,1
2026-04-12,0.15272954713172823,0
2026-04-13,0.09537703947174757,0
2026-04-14,0.1088620633559247,0
2026-04-15,-0.026502149115112464,0
2026-04-16,-0.045210724539235865,0
2026-04-17,-0.05868650331114867,0
2026-04-18,-0.04508809659662553,0
2026-04-19,-0.008646954262183842,0
2026-04-20,-0.042223105711478984,0
2026-04-21,-0.04363549202170897,0
2026-04-22,-0.049566184335701834,0
2026-04-23,-0.019989541779924118,0
2026-04-24,-0.06569685952019266,0
2026-04-25,-0.06762567611160239,0
2026-04-26,-0.022790895359006257,0
2026-04-27,-0.06511095310261283,0
2026-04-28,-0.05057691926065704,0
2026-04-29,-0.04587887069461461,0
2026-04-30,-0.051488480702091784,0
2026-05-01,-0.01530781178766349,0
2026-05-02,-0.07008241543866861,0
2026-05-03,-0.041531523657755136,0
2026-05-04,-0.08743113812068619,0
2026-05-05,-0.08308437255527762,0
2026-05-06,-0.07412899136601588,0
2026-05-07,-0.08513476352889292,0
2026-05-08,-0.0837526459831041,0
2026-05-09,-0.06568878591996537,0
2026-05-10,-0.06994484868633928,0
2026-05-11,-0.02608865876508408,0
2026-05-12,-0.052182847772271265,0
2026-05-13,-0.06774269017722502,0
2026-05-14,-0.03425793730900941,0
2026-05-15,-0.05287640559405983,0
2026-05-16,0.021235914621638673,0
2026-05-17,-0.05247071226702632,0
2026-05-18,-0.021984655445718947,0
2026-05-19,0.023642479965382972,0
2026-05-20,0.056029381357448324,0
2026-05-21,-0.004709037161691605,0
