date,observed,fitted,forecast,lower,upper
2008-05-30,1.0,0.0,,,
2008-05-31,0.0,1.2493584156554607,,,
2008-06-01,0.0,-0.08551828371823608,,,
2008-06-02,0.0,0.06379575461734857,,,
2008-06-03,0.0,0.09293170045640416,,,
2008-06-04,0.0,0.09862000550728021,,,
2008-06-05,0.0,0.09973057367593192,,,
2008-06-06,0.0,0.7617776189324542,,,
2008-06-07,0.0,-1.0679728518101603,,,
2008-06-08,0.0,0.507341324212135,,,
2008-06-09,0.0,0.303522622450363,,,
2008-06-10,0.0,0.2355222129388792,,,
2008-06-11,0.0,0.2014741573101483,,,
2008-06-12,0.0,0.18100364699044333,,,
2008-06-13,0.0,0.16731306566433135,,,
2008-06-14,0.0,-0.016412590490238396,,,
2008-06-15,0.0,0.2222842970119911,,,
2008-06-16,0.0,0.1938119998635467,,,
2008-06-17,0.0,0.17600983369148787,,,
2008-06-18,0.0,0.16381119239308578,,,
2008-06-19,0.0,0.15491972805390342,,,
2008-06-20,0.0,0.1481464144445133,,,
2008-06-21,0.0,0.022200062208981117,,,
2008-06-22,0.0,0.17184205309689632,,,
2008-06-23,0.0,0.16082233524340886,,,
2008-06-24,0.0,0.1526737334314,,,
2008-06-25,0.0,0.1463952085955022,,,
2008-06-26,0.0,0.14140440015995062,,,
2008-06-27,0.0,0.13734330930455532,,,
2008-06-28,0.0,0.04146092100755908,,,
2008-06-29,0.0,0.15076589831018924,,,
2008-06-30,0.0,0.14489277232383174,,,
2008-07-01,0.0,0.14019201560846092,,,
2008-07-02,0.0,0.13633911920909197,,,
2008-07-03,0.0,0.13312121234972676,,,
2008-07-04,0.0,0.13039665547989443,,,
2008-07-05,0.0,0.05298299397179408,,,
2008-07-06,0.0,0.1391676452657661,,,
2008-07-07,0.0,0.13548839868047668,,,
2008-07-08,0.0,0.1324044279878211,,,
2008-07-09,0.0,0.12977830722716846,,,
2008-07-10,0.0,0.1275138737923116,,,
2008-07-11,0.0,0.125545346766493,,,
2008-07-12,0.0,0.06063801261682684,,,
2008-07-13,0.0,0.13181222468787124,,,
2008-07-14,0.0,0.12926907189603348,,,
2008-07-15,0.0,0.1270720451342183,,,
2008-07-16,0.0,0.1251521435089288,,,
2008-07-17,0.0,0.12345946486293191,,,
2008-07-18,0.0,0.12196025924280002,,,
2008-07-19,0.0,0.06608576885143014,,,
2008-07-20,0.0,0.12672219713607671,,,
2008-07-21,0.0,0.12484359464975406,,,
2008-07-22,0.0,0.1231858982618959,,,
2008-07-23,0.0,0.1217100698409734,,,
2008-07-24,0.0,0.12038755147826138,,,
2008-07-25,0.0,0.11919994695603274,,,
2008-07-26,0.0,0.07015643378419555,,,
2008-07-27,0.0,0.12298516827354905,,,
2008-07-28,0.0,0.12152934996557122,,,
2008-07-29,0.0,0.12022449636202329,,,
2008-07-30,0.0,0.11904646198699491,,,
2008-07-31,0.0,0.11797767270426346,,,
2008-08-01,0.0,0.11700779500521977,,,
2008-08-02,0.0,0.07331134422536215,,,
2008-08-03,0.0,0.12012189799430184,,,
2008-08-04,0.0,0.11895216589859293,,,
2008-08-05,0.0,0.1178911690332672,,,
2008-08-06,0.0,0.11692289805375944,,,
2008-08-07,0.0,0.11603591608613123,,,
2008-08-08,0.0,0.11522442061976465,,,
2008-08-09,0.0,0.07582733340881093,,,
2008-08-10,0.0,0.11785651283425984,,,
2008-08-11,0.0,0.11688975962950143,,,
2008-08-12,0.0,0.11600466826770538,,,
2008-08-13,0.0,0.11519001351609799,,,
2008-08-14,0.0,0.11443801553103267,,,
2008-08-15,0.0,0.11374555205477326,,,
2008-08-16,0.0,0.07788053120764502,,,
2008-08-17,0.0,0.11601893348726405,,,
2008-08-18,0.0,0.11520171696034637,,,
2008-08-19,0.0,0.11444795711237003,,,
2008-08-20,0.0,0.11374941285258876,,,
2008-08-21,0.0,0.11310059885796657,,,
2008-08-22,0.0,0.11250004123204686,,,
2008-08-23,0.0,0.07958827597764756,,,
2008-08-24,0.0,0.11449853879550798,,,
2008-08-25,0.0,0.11379491826829505,,,
2008-08-26,0.0,0.11314202609845578,,,
2008-08-27,0.0,0.11253357518038243,,,
2008-08-28,0.0,0.11196558200725955,,,
2008-08-29,0.0,0.11143761632302034,,,
2008-08-30,0.0,0.08103169290438864,,,
2008-08-31,0.0,0.11322020936631234,,,
2008-09-01,0.0,0.11260511092573011,,,
2008-09-02,0.0,0.11203154770444615,,,
2008-09-03,0.0,0.1114945652120023,,,
2008-09-04,0.0,0.11099119817064113,,,
2008-09-05,0.0,0.11052169090903416,,,
2008-09-06,0.0,0.08226860509441858,,,
2008-09-07,0.0,0.11213108453490817,,,
2008-09-08,0.0,0.11158647061100042,,,
2008-09-09,0.0,0.11107656634447767,,,
2008-09-10,0.0,0.11059735816905991,,,
2008-09-11,0.0,0.11014659204216921,,,
2008-09-12,0.0,0.10972495401705051,,,
2008-09-13,0.0,0.08334128807691293,,,
2008-09-14,0.0,0.11119283442655448,,,
2008-09-15,0.0,0.11070538643779071,,,
2008-09-16,0.0,0.11024745850408256,,,
2008-09-17,0.0,0.10981572162051907,,,
2008-09-18,0.0,0.10940843137490495,,,
2008-09-19,0.0,0.1090265645294341,,,
2008-09-20,0.0,0.08428132283026027,,,
2008-09-21,0.0,0.1103769440010111,,,
2008-09-22,0.0,0.1099366042396087,,,
2008-09-23,0.0,0.10952175615238645,,,
2008-09-24,0.0,0.10912958197431799,,,
2008-09-25,0.0,0.10875871061002587,,,
2008-09-26,0.0,0.10841030935590759,,,
2008-09-27,0.0,0.08511274107820077,,,
2008-09-28,0.0,0.10966172472261615,,,
2008-09-29,0.0,0.10926074768724156,,,
2008-09-30,0.0,0.10888207770258301,,,
2008-10-01,0.0,0.10852328770058742,,,
2008-10-02,0.0,0.10818328536880721,,,
2008-10-03,0.0,0.10786336085271633,,,
2008-10-04,0.0,0.08585412599249476,,,
2008-10-05,0.0,0.10903035898338531,,,
2008-10-06,0.0,0.10866267609707936,,,
2008-10-07,0.0,0.1083147414694802,,,
2008-10-08,0.0,0.10798443277691441,,,
2008-10-09,0.0,0.10767086945686505,,,
2008-10-10,0.0,0.10737541809287296,,,
2008-10-11,0.0,0.0865200522395322,,,
2008-10-12,0.0,0.10846958407188982,,,
2008-10-13,0.0,0.10813036741017348,,,
2008-10-14,0.0,0.10780881296666607,,,
2008-10-15,0.0,0.10750304050151267,,,
2008-10-16,0.0,0.10721233272713954,,,
2008-10-17,0.0,0.10693810047975927,,,
2008-10-18,0.0,0.08712209579862004,,,
2008-10-19,0.0,0.10796878445408245,,,
2008-10-20,0.0,0.10765414040946733,,,
2008-10-21,0.0,0.10735543554824764,,,
2008-10-22,0.0,0.10707098511975213,,,
2008-10-23,0.0,0.10680019943882489,,,
2008-10-24,0.0,0.10654451109502279,,,
2008-10-25,0.0,0.08766955629159259,,,
2008-10-26,0.0,0.10751935177837488,,,
2008-10-27,0.0,0.10722610166254529,,,
2008-10-28,0.0,0.10694735057466019,,,
2008-10-29,0.0,0.10668157398128413,,,
2008-10-30,0.0,0.10642828313455927,,,
2008-10-31,0.0,0.10618891657667737,,,
2008-11-01,0.0,0.08816998276356959,,,
2008-11-02,0.0,0.1071142246079412,,,
2008-11-03,0.0,0.1068397446998981,,,
2008-11-04,0.0,0.10657854707496471,,,
2008-11-05,0.0,0.10632924028090737,,,
2008-11-06,0.0,0.10609141629223258,,,
2008-11-07,0.0,0.10586650849778666,,,
2008-11-08,0.0,0.08862956232816177,,,
2008-11-09,0.0,0.10674755137460708,,,
2008-11-10,0.0,0.1064896544156185,,,
2008-11-11,0.0,0.10624400160747768,,,
2008-11-12,0.0,0.10600931339261402,,,
2008-11-13,0.0,0.10578524694606595,,,
2008-11-14,0.0,0.1055732227250265,,,
2008-11-15,0.0,0.08905341138193831,,,
2008-11-16,0.0,0.10641443943861707,,,
2008-11-17,0.0,0.10617128553706472,,,
2008-11-18,0.0,0.10593948205974778,,,
2008-11-19,0.0,0.10571784457786933,,,
2008-11-20,0.0,0.10550608340947328,,,
2008-11-21,0.0,0.10530560068277232,,,
2008-11-22,0.0,0.08944579647026421,,,
2008-11-23,0.0,0.10611076537585773,,,
2008-11-24,0.0,0.10588079411715905,,,
2008-11-25,0.0,0.10566139751568043,,,
2008-11-26,0.0,0.10545147283847973,,,
2008-11-27,0.0,0.1052507740801639,,,
2008-11-28,0.0,0.10506068135925882,,,
2008-11-29,0.0,0.08981030362175488,,,
2008-11-30,0.0,0.10583302950894796,,,
2008-12-01,0.0,0.10561490758026107,,,
2008-12-02,0.0,0.10540668182038976,,,
2008-12-03,0.0,0.10520732030615888,,,
2008-12-04,0.0,0.1050166132037085,,,
2008-12-05,0.0,0.10483591618604227,,,
2008-12-06,0.0,0.09014996944667863,,,
2008-12-07,0.0,0.10557824289316824,,,
2008-12-08,0.0,0.10537082321374885,,,
2008-12-09,0.0,0.1051727021489246,,,
2008-12-10,0.0,0.10498290966953329,,,
2008-12-11,0.0,0.104801266109468,,,
2008-12-12,0.0,0.10462910116676584,,,
2008-12-13,0.0,0.09046738353633083,,,
2008-12-14,0.0,0.10534383844720117,,,
2008-12-15,0.0,0.1051461279385613,,,
2008-12-16,0.0,0.1049571863800703,,,
2008-12-17,0.0,0.10477609826271035,,,
2008-12-18,0.0,0.10460270924515365,,,
2008-12-19,0.0,0.10443832218233191,,,
2008-12-20,0.0,0.09076476909852979,,,
2008-12-21,0.0,0.10512760028647827,,,
2008-12-22,0.0,0.10493873420616864,,,
2008-12-23,0.0,0.10475816479527214,,,
2008-12-24,0.0,0.10458502491055222,,,
2008-12-25,0.0,0.10441918159855126,,,
2008-12-26,0.0,0.10426191048538569,,,
2008-12-27,0.0,0.09104404693476652,,,
2008-12-28,0.0,0.10492760695240907,,,
2008-12-29,0.0,0.10474682826852662,,,
2008-12-30,0.0,0.10457392282305186,,,
2008-12-31,0.0,0.10440806665830309,,,
2009-01-01,0.0,0.10424914498522705,,,
2009-01-02,0.0,0.10409840616639689,,,
2009-01-03,0.0,0.09130688655944681,,,
2009-01-04,0.0,0.10474218537592601,,,
2009-01-05,0.0,0.10456882805224897,,,
2009-01-06,0.0,0.10440296239822773,,,
2009-01-07,0.0,0.1042438032468862,,,
2009-01-08,0.0,0.10409125131647796,,,
2009-01-09,0.0,0.10394652792513799,,,
2009-01-10,0.0,0.09155474731850051,,,
2009-01-11,0.0,0.10456987322590969,,,
2009-01-12,0.0,0.1044033485698742,,,
2009-01-13,0.0,0.10424397011292022,,,
2009-01-14,0.0,0.1040909877226391,,,
2009-01-15,0.0,0.10394431542054247,,,
2009-01-16,0.0,0.10380514788113099,,,
2009-01-17,0.0,0.09178891167489354,,,
2009-01-18,0.0,0.10440938787600325,,,
2009-01-19,0.0,0.10424917330697511,,,
2009-01-20,0.0,0.10409579077632126,,,
2009-01-21,0.0,0.10394852195374354,,,
2009-01-22,0.0,0.10380729232495868,,,
2009-01-23,0.0,0.10367327044958438,,,
2009-01-24,0.0,0.0920105123187141,,,
2009-01-25,0.0,0.10425960064660837,,,
2009-01-26,0.0,0.10410523039272951,,,
2009-01-27,0.0,0.10395740532234861,,,
2009-01-28,0.0,0.10381543610749072,,,
2009-01-29,0.0,0.10367925815505648,,,
2009-01-30,0.0,0.10355001452633128,,,
2009-01-31,0.0,0.09222055437891817,,,
2009-02-01,0.0,0.10411951528963778,,,
2009-02-02,0.0,0.10397057263349531,,,
2009-02-03,0.0,0.10382791224272504,,,
2009-02-04,0.0,0.10369087135195193,,,
2009-02-05,0.0,0.10355939398785419,,,
2009-02-06,0.0,0.10343459838771422,,,
2009-02-07,0.0,0.09241993372722632,,,
2009-02-08,0.0,0.10398824991424867,,,
2009-02-09,0.0,0.10384436069154324,,,
2009-02-10,0.0,0.10370651190135392,,,
2009-02-11,0.0,0.10357406520287106,,,
2009-02-12,0.0,0.1034469721395205,,,
2009-02-13,0.0,0.10332632683424826,,,
2009-02-14,0.0,0.0926094521471245,,,
2009-02-15,0.0,0.10386502172475834,,,
2009-02-16,0.0,0.10372584884363575,,,
2009-02-17,0.0,0.10359249322063593,,,
2009-02-18,0.0,0.10346433905588892,,,
2009-02-19,0.0,0.10334134447032958,,,
2009-02-20,0.0,0.10322458020083024,,,
2009-02-21,0.0,0.09278982997461156,,,
2009-02-22,0.0,0.10374913407299893,,,
2009-02-23,0.0,0.1036143728701551,,,
2009-02-24,0.0,0.10348522233326916,,,
2009-02-25,0.0,0.10336108753563233,,,
2009-02-26,0.0,0.10324193237240609,,,
2009-02-27,0.0,0.1031288049288088,,,
2009-02-28,0.0,0.09296171668935414,,,
2009-03-01,0.0,0.10363996542764799,,,
2009-03-02,0.0,0.1035093397145932,,,
2009-03-03,0.0,0.10338413287241233,,,
2009-03-04,0.0,0.10326376936396672,,,
2009-03-05,0.0,0.10314821816878256,,,
2009-03-06,0.0,0.10303850545182076,,,
2009-03-07,0.0,0.09312569983583881,,,
2009-03-08,0.0,0.10353695994054646,,,
2009-03-09,0.0,0.10341021862232587,,,
2009-03-10,0.0,0.10328871763485736,,,
2009-03-11,0.0,0.10317189950501293,,,
2009-03-12,0.0,0.1030597377018945,,,
2009-03-13,0.0,0.10295323719187185,,,
2009-03-14,0.0,0.09328231257699782,,,
2009-03-15,0.0,0.10343961935042699,,,
2009-03-16,0.0,0.10331653352168531,,,
2009-03-17,0.0,0.10319852140038745,,,
2009-03-18,0.0,0.10308504238814897,,,
2009-03-19,0.0,0.1029760739289149,,,
2009-03-20,0.0,0.10287260049757356,,,
2009-03-21,0.0,0.0934320401224588,,,
2009-03-22,0.0,0.10334749601200219,,,
2009-03-23,0.0,0.10322785645306364,,,
2009-03-24,0.0,0.10311313472896808,,,
2009-03-25,0.0,0.10300280604492966,,,
2009-03-26,0.0,0.10289685137270665,,,
2009-03-27,0.0,0.10279623538486399,,,
2009-03-28,0.0,0.09357532522615328,,,
2009-03-29,0.0,0.10326018687607175,,,
2009-03-30,0.0,0.1031438018857987,,,
2009-03-31,0.0,0.1030321885881707,,,
2009-04-01,0.0,0.10292483702370757,,,
2009-04-02,0.0,0.1028217313024426,,,
2009-04-03,0.0,0.10272381696351718,,,
2009-04-04,0.0,0.09371257291058377,,,
2009-04-05,0.0,0.10317732827646507,,,
2009-04-06,0.0,0.10306402178990125,,,
2009-04-07,0.0,0.10295534968800528,,,
2009-04-08,0.0,0.1028508159682626,,,
2009-04-09,0.0,0.10275040753845575,,,
2009-04-10,0.0,0.1026550514514645,,,
2009-04-11,0.0,0.09384415454536835,,,
2009-04-12,0.0,0.10309859140393918,,,
2009-04-13,0.0,0.10298820135176662,,,
2009-04-14,0.0,0.10288231642044642,,,
2009-04-15,0.0,0.10278045376509218,,,
2009-04-16,0.0,0.10268260279265051,,,
2009-04-17,0.0,0.10258967269430985,,,
2009-04-18,0.0,0.09397041138405289,,,
2009-04-19,0.0,0.10302367836687072,,,
2009-04-20,0.0,0.10291605524099628,,,
2009-04-21,0.0,0.102812815317369,,,
2009-04-22,0.0,0.10271348817905679,,,
2009-04-23,0.0,0.10261806546960253,,,
2009-04-24,0.0,0.10252743912010072,,,
2009-04-25,0.0,0.09409165764429601,,,
2009-04-26,0.0,0.10295231875468779,,,
2009-04-27,0.0,0.1028473243501894,,,
2009-04-28,0.0,0.10274659795411763,,,
2009-04-29,0.0,0.10264968090948294,,,
2009-04-30,0.0,0.10255656686489331,,,
2009-05-01,0.0,0.1024681310699462,,,
2009-05-02,0.0,0.09420818320137779,,,
2009-05-03,0.0,0.10288426663321963,,,
2009-05-04,0.0,0.10278177294171162,,,
2009-05-05,0.0,0.10268343823710524,,,
2009-05-06,0.0,0.10258881500911904,,,
2009-05-07,0.0,0.10249789870672762,,,
2009-05-08,0.0,0.10241154845386163,,,
2009-05-09,0.0,0.09432025595277876,,,
2009-05-10,0.0,0.10281929791207521,,,
2009-05-11,0.0,0.10271918614551166,,,
2009-05-12,0.0,0.10262313002311914,,,
2009-05-13,0.0,0.1025306926169189,,,
2009-05-14,0.0,0.10244187099482413,,,
2009-05-15,0.0,0.10235750868858859,,,
2009-05-16,0.0,0.09442812390170677,,,
2009-05-17,0.0,0.10275720803323621,,,
2009-05-18,0.0,0.10265936776043587,,,
2009-05-19,0.0,0.10256548502576451,,,
2009-05-20,0.0,0.10247513296281067,,,
2009-05-21,0.0,0.10238831009723989,,,
2009-05-22,0.0,0.10230584488034196,,,
2009-05-23,0.0,0.09453201699943918,,,
2009-05-24,0.0,0.10269780993762125,,,
2009-05-25,0.0,0.10260213831849882,,,
2009-05-26,0.0,0.10251033097097562,,,
2009-05-27,0.0,0.10242197060864958,,,
2009-05-28,0.0,0.1023370570714106,,,
2009-05-29,0.0,0.10225640422067937,,,
2009-05-30,0.0,0.09463214877982276,,,
2009-05-31,0.0,0.10264093227271612,,,
2009-06-01,0.0,0.10254733337745137,,,
2009-06-02,0.0,0.1024575099689942,,,
2009-06-03,0.0,0.10237105389464661,,,
2009-06-04,0.0,0.1022879661804417,,,
2009-06-05,0.0,0.10220904656813022,,,
2009-06-06,0.0,0.0947287178139348,,,
2009-06-07,0.0,0.10258641780969423,,,
2009-06-08,0.0,0.10249480201194439,,,
2009-06-09,0.0,0.1024068770748358,,,
2009-06-10,0.0,0.10232224356487969,,,
2009-06-11,0.0,0.10224090357971942,,,
2009-06-12,0.0,0.10216364319200047,,,
2009-06-13,0.0,0.09482190900852694,,,
2009-06-14,0.0,0.10253412204294558,,,
2009-06-15,0.0,0.10244440547777746,,,
2009-06-16,0.0,0.10235829901317738,,,
2009-06-17,0.0,0.10227541154915372,,,
2009-06-18,0.0,0.1021957461523402,,,
2009-06-19,0.0,0.1021200756579886,,,
2009-06-20,0.0,0.09491189476826013,,,
2009-06-21,0.0,0.1024839119487363,,,
2009-06-22,0.0,0.10239601602727422,,,
2009-06-23,0.0,0.10231165304692526,,,
2009-06-24,0.0,0.1022304398815932,,,
2009-06-25,0.0,0.10215238047478324,,,
2009-06-26,0.0,0.10207823483799895,,,
2009-06-27,0.0,0.09499883603874872,,,
2009-06-28,0.0,0.10243566488294613,,,
2009-06-29,0.0,0.10234951585684592,,,
2009-06-30,0.0,0.10226682597155293,,,
2009-07-01,0.0,0.10218721973900897,,,
2009-07-02,0.0,0.10211070189674992,,,
2009-07-03,0.0,0.10203802002889298,,,
2009-07-04,0.0,0.09508288324494824,,,
2009-07-05,0.0,0.10238926760057772,,,
2009-07-06,0.0,0.10230479617037957,,,
2009-07-07,0.0,0.1022237132197163,,,
2009-07-08,0.0,0.10214565058435464,,,
2009-07-09,0.0,0.10207061372123613,,,
2009-07-10,0.0,0.10199933816693947,,,
2009-07-11,0.0,0.09516417713734848,,,
2009-07-12,0.0,0.10234461538207147,,,
2009-07-13,0.0,0.10226175634428425,,,
2009-07-14,0.0,0.10218221806272132,,,
2009-07-15,0.0,0.10210563940253532,,,
2009-07-16,0.0,0.10203202647273961,,,
2009-07-17,0.0,0.10196210312645954,,,
2009-07-18,0.0,0.09524284955669816,,,
2009-07-19,0.0,0.10230161125346085,,,
2009-07-20,0.0,0.10222030318191187,,,
2009-07-21,0.0,0.1021422508971916,,,
2009-07-22,0.0,0.1020671000175039,,,
2009-07-23,0.0,0.10199485724308412,,,
2009-07-24,0.0,0.10192623509265554,,,
2009-07-25,0.0,0.09531902412652794,,,
2009-07-26,0.0,0.10226016528911601,,,
2009-07-27,0.0,0.10218035024668184,,,
2009-07-28,0.0,0.10210372860680522,,,
2009-07-29,0.0,0.10202995248101654,,,
2009-07-30,0.0,0.10195902910570125,,,
2009-07-31,0.0,0.1018916599999013,,,
2009-08-01,0.0,0.09539281688150698,,,
2009-08-02,0.0,0.10222019398729447,,,
2009-08-03,0.0,0.10214181726462605,,,
2009-08-04,0.0,0.10206657399028037,,,
2009-08-05,0.0,0.10199412252465875,,,
2009-08-06,0.0,0.10192447059038313,,,
2009-08-07,0.0,0.10185830902788115,,,
2009-08-08,0.0,0.09546433683862439,,,
2009-08-09,0.0,0.10218161970998148,,,
2009-08-10,0.0,0.10210462958826416,,,
2009-08-11,0.0,0.10203071524791713,,,
2009-08-12,0.0,0.10195954106781989,,,
2009-08-13,0.0,0.10189111521153145,,,
2009-08-14,0.0,0.1018261181489266,,,
2009-08-15,0.0,0.09553368651729804,,,
2009-08-16,0.0,0.10214437017959113,,,
2009-08-17,0.0,0.10206871771474776,,,
2009-08-18,0.0,0.1019960855199766,,,
2009-08-19,0.0,0.10192614377521811,,,
2009-08-20,0.0,0.1018589010438034,,,
2009-08-21,0.0,0.10179502772073051,,,
2009-08-22,0.0,0.09560096241375653,,,
2009-08-23,0.0,0.1021083780260388,,,
2009-08-24,0.0,0.10203401685210114,,,
2009-08-25,0.0,0.10196262247102096,,,
2009-08-26,0.0,0.10189387065837517,,,
2009-08-27,0.0,0.10182777033981338,,,
2009-08-28,0.0,0.10176498211933932,,,
2009-08-29,0.0,0.09566625543438839,,,
2009-08-30,0.0,0.10207358037850703,,,
2009-08-31,0.0,0.10200046652815475,,,
2009-09-01,0.0,0.10193026791506589,,,
2009-09-02,0.0,0.10186266571613276,,,
2009-09-03,0.0,0.10179766918520652,,,
2009-09-04,0.0,0.1017359294079489,,,
2009-09-05,0.0,0.09572965129219548,,,
2009-09-06,0.0,0.10203991849692914,,,
2009-09-07,0.0,0.10196801023743299,,,
2009-09-08,0.0,0.10189896747702973,,,
2009-09-09,0.0,0.10183247660990195,,,
2009-09-10,0.0,0.1017685471869905,,,
2009-09-11,0.0,0.1017078210375735,,,
2009-09-12,0.0,0.09579123087000369,,,
2009-09-13,0.0,0.10200733743882369,,,
2009-09-14,0.0,0.10193659512183566,,,
2009-09-15,0.0,0.1018686702865107,,,
2009-09-16,0.0,0.10180325436985876,,,
2009-09-17,0.0,0.10174035719150867,,,
2009-09-18,0.0,0.10168061157612912,,,
2009-09-19,0.0,0.09585107055366732,,,
2009-09-20,0.0,0.10197578575764148,,,
2009-09-21,0.0,0.1019061716814544,,,
2009-09-22,0.0,0.10183932870040202,,,
2009-09-23,0.0,0.10177495312875252,,,
2009-09-24,0.0,0.10171305502886924,,,
2009-09-25,0.0,0.10165425846288505,,,
2009-09-26,0.0,0.09590924253814032,,,
2009-09-27,0.0,0.10194521522924653,,,
2009-09-28,0.0,0.1018766935123012,,,
2009-09-29,0.0,0.10181089805126829,,,
2009-09-30,0.0,0.10174752988038872,,,
2009-10-01,0.0,0.10168659928102144,,,
2009-10-02,0.0,0.1016287217855959,,,
2009-10-03,0.0,0.09596581510897116,,,
2009-10-04,0.0,0.10191558060355181,,,
2009-10-05,0.0,0.10184811706810734,,,
2009-10-06,0.0,0.10178333641876956,,,
2009-10-07,0.0,0.10172094426019286,,,
2009-10-08,0.0,0.10166095107099886,,,
2009-10-09,0.0,0.10160396407794019,,,
2009-10-10,0.0,0.09602085290150199,,,
2009-10-11,0.0,0.10188683937867997,,,
2009-10-12,0.0,0.10182040144368185,,,
2009-10-13,0.0,0.10175660442173463,,,
2009-10-14,0.0,0.1016951583455625,,,
2009-10-15,0.0,0.10163607387113638,,,
2009-10-16,0.0,0.1015799501351657,,,
2009-10-17,0.0,0.09607441713981038,,,
2009-10-18,0.0,0.10185895159532349,,,
2009-10-19,0.0,0.10179350817760899,,,
2009-10-20,0.0,0.10173066502876146,,,
2009-10-21,0.0,0.10167013647397827,,,
2009-10-22,0.0,0.10161193332831882,,,
2009-10-23,0.0,0.10155664684608134,,,
2009-10-24,0.0,0.09612656585721904,,,
2009-10-25,0.0,0.10183187964924505,,,
2009-10-26,0.0,0.10176740107231819,,,
2009-10-27,0.0,0.10170548338546458,,,
2009-10-28,0.0,0.10164584507707512,,,
2009-10-29,0.0,0.10158849710453964,,,
2009-10-30,0.0,0.10153402303974639,,,
2009-10-31,0.0,0.09617735410001155,,,
2009-11-01,0.0,0.10180558812009213,,,
2009-11-02,0.0,0.10174204602978078,,,
2009-11-03,0.0,0.10168102665670037,,,
2009-11-04,0.0,0.10162225252907685,,,
2009-11-05,0.0,0.10156573473124049,,,
2009-11-06,0.0,0.10151204934539138,,,
2009-11-07,0.0,0.0962268341158256,,,
2009-11-08,0.0,0.10178004361490424,,,
2009-11-09,0.0,0.10171741090128397,,,
2009-11-10,0.0,0.10165726388228792,,,
2009-11-11,0.0,0.1015993290081748,,,
2009-11-12,0.0,0.10154361747607238,,,
2009-11-13,0.0,0.10149069806426814,,,
2009-11-14,0.0,0.09627505552805005,,,
2009-11-15,0.0,0.10175521462487039,,,
2009-11-16,0.0,0.10169346534990305,,,
2009-11-17,0.0,0.10163416584490573,,,
2009-11-18,0.0,0.1015770463695875,,,
2009-11-19,0.0,0.10152211822086861,,,
2009-11-20,0.0,0.1014699430522685,,,
2009-11-21,0.0,0.09632206549742034,,,
2009-11-22,0.0,0.10173107139405316,,,
2009-11-23,0.0,0.1016701807244434,,,
2009-11-24,0.0,0.10161170494898891,,,
2009-11-25,0.0,0.10155537802917536,,,
2009-11-26,0.0,0.10150121134974997,,,
2009-11-27,0.0,0.1014497596122769,,,
2009-11-28,0.0,0.09636790887189235,,,
2009-11-29,0.0,0.10170758579893323,,,
2009-11-30,0.0,0.10164752994375657,,,
2009-12-01,0.0,0.10158985510957746,,,
2009-12-02,0.0,0.10153429885660539,,,
2009-12-03,0.0,0.10148087264639957,,,
2009-12-04,0.0,0.10143012439533318,,,
2009-12-05,0.0,0.09641262832577073,,,
2009-12-06,0.0,0.10168473123775236,,,
2009-12-07,0.0,0.10162548739045185,,,
2009-12-08,0.0,0.10156859165017881,,,
2009-12-09,0.0,0.10151378507716814,,,
2009-12-10,0.0,0.10146107919964613,,,
2009-12-11,0.0,0.10141101530977956,,,
2009-12-12,0.0,0.09645626448897647,,,
2009-12-13,0.0,0.10166248252873968,,,
2009-12-14,0.0,0.10160402881312756,,,
2009-12-15,0.0,0.10154789120880571,,,
2009-12-16,0.0,0.10149381418144304,,,
2009-12-17,0.0,0.10144180931658522,,,
2009-12-18,0.0,0.10139241143765221,,,
2009-12-19,0.0,0.09649885606725578,,,
2009-12-20,0.0,0.10164081581640237,,,
2009-12-21,0.0,0.10158313123633808,,,
2009-12-22,0.0,0.10152773165143834,,,
2009-12-23,0.0,0.10147436484209212,,,
2009-12-24,0.0,0.10142304244254786,,,
2009-12-25,0.0,0.10137429295765484,,,
2009-12-26,0.0,0.09654043995405871,,,
2009-12-27,0.0,0.10161970848514651,,,
2009-12-28,0.0,0.10156277287759329,,,
2009-12-29,0.0,0.1015080919922369,,,
2009-12-30,0.0,0.10145541683713606,,,
2009-12-31,0.0,0.10140475908729665,,,
2010-01-01,0.0,0.10135664107411894,,,
2010-01-02,0.0,0.09658105133474996,,,
2010-01-03,0.0,0.10159913907956872,,,
2010-01-04,0.0,0.10154293307075904,,,
2010-01-05,0.0,0.10148895231989911,,,
2010-01-06,0.0,0.10143695097913218,,,
2010-01-07,0.0,0.1013869407568926,,,
2010-01-08,0.0,0.10133943795141677,,,
2010-01-09,0.0,0.09662072378375477,,,
2010-01-10,0.0,0.10157908723082575,,,
2010-01-11,0.0,0.10152359219529063,,,
2010-01-12,0.0,0.10147029372961867,,,
2010-01-13,0.0,0.10141894904973209,,,
2010-01-14,0.0,0.10136956989073184,,,
2010-01-15,0.0,0.10132266665334501,,,
2010-01-16,0.0,0.09665948935518948,,,
2010-01-17,0.0,0.10155953358854862,,,
2010-01-18,0.0,0.101504731610788,,,
2010-01-19,0.0,0.10145209826015399,,,
2010-01-20,0.0,0.10140139373914908,,,
2010-01-21,0.0,0.10135262980330062,,,
2010-01-22,0.0,0.10130631108704656,,,
2010-01-23,0.0,0.096697378667478,,,
2010-01-24,0.0,0.10154045975782047,,,
2010-01-25,0.0,0.10148633359641208,,,
2010-01-26,0.0,0.10143434883556574,,,
2010-01-27,0.0,0.10138426859011106,,,
2010-01-28,0.0,0.10133610463024198,,,
2010-01-29,0.0,0.1012903559510791,,,
2010-01-30,0.0,0.09673442098241235,,,
2010-01-31,0.0,0.10152184824078404,,,
2010-02-01,0.0,0.101468381294746,,,
2010-02-02,0.0,0.10141702921122402,,,
2010-02-03,0.0,0.10136755794591615,,,
2010-02-04,0.0,0.10131997927836608,,,
2010-02-05,0.0,0.10127478668727727,,,
2010-02-06,0.0,0.09677064427907547,,,
2010-02-07,0.0,0.10150368238248679,,,
2010-02-08,0.0,0.1014508586597254,,,
2010-02-09,0.0,0.10140012392372444,,,
2010-02-10,0.0,0.10135124690224513,,,
2010-02-11,0.0,0.1013042393792725,,,
2010-02-12,0.0,0.10125958943608947,,,
2010-02-13,0.0,0.09680607532300985,,,
2010-02-14,0.0,0.10148594632060924,,,
2010-02-15,0.0,0.10143375040829801,,,
2010-02-16,0.0,0.10138361824438727,,,
2010-02-17,0.0,0.10133532126241744,,,
2010-02-18,0.0,0.10128887124628326,,,
2010-02-19,0.0,0.10124475099510012,,,
2010-02-20,0.0,0.09684073973098263,,,
2010-02-21,0.0,0.10146862493875508,,,
2010-02-22,0.0,0.10141704197550395,,,
2010-02-23,0.0,0.10136749813604366,,,
2010-02-24,0.0,0.10131976749580675,,,
2010-02-25,0.0,0.10127386183441443,,,
2010-02-26,0.0,0.10123025878047553,,,
2010-02-27,0.0,0.09687466203166918,,,
2010-02-28,0.0,0.10145170382301179,,,
2010-03-01,0.0,0.10140071947269814,,,
2010-03-02,0.0,0.10135175021284112,,,
2010-03-03,0.0,0.10130457269915931,,,
2010-03-04,0.0,0.10125919870313889,,,
2010-03-05,0.0,0.10121610079109576,,,
2010-03-06,0.0,0.09690786572255036,,,
2010-03-07,0.0,0.10143516922151792,,,
2010-03-08,0.0,0.10138476964866046,,,
2010-03-09,0.0,0.10133636170282465,,,
2010-03-10,0.0,0.10128972456058072,,,
2010-03-11,0.0,0.10124486998171568,,,
2010-03-12,0.0,0.10120226557515645,,,
2010-03-13,0.0,0.09694037332329475,,,
2010-03-14,0.0,0.10141900800679622,,,
2010-03-15,0.0,0.10136917985336381,,,
2010-03-16,0.0,0.10132132041307262,,,
2010-03-17,0.0,0.10127521132597898,,,
2010-03-18,0.0,0.10123086433688205,,,
2010-03-19,0.0,0.1011887421990447,,,
2010-03-20,0.0,0.09697220642587527,,,
2010-03-21,0.0,0.10140320764063443,,,
2010-03-22,0.0,0.10135393800419003,,,
2010-03-23,0.0,0.10130661469718559,,,
2010-03-24,0.0,0.1012610217677704,,,
2010-03-25,0.0,0.10121717094272194,,,
2010-03-26,0.0,0.10117552021830988,,,
2010-03-27,0.0,0.09700338574164968,,,
2010-03-28,0.0,0.10138775614131469,,,
2010-03-29,0.0,0.10133903255440267,,,
2010-03-30,0.0,0.101292233424945,,,
2010-03-31,0.0,0.10124714515567211,,,
2010-04-01,0.0,0.10120377945254218,,,
2010-04-02,0.0,0.10116258965056699,,,
2010-04-03,0.0,0.09703393114561636,,,
2010-04-04,0.0,0.10137264205300994,,,
2010-04-05,0.0,0.10132445246370267,,,
2010-04-06,0.0,0.10127816595397429,,,
2010-04-07,0.0,0.10123357122942048,,,
2010-04-08,0.0,0.1011906799726012,,,
2010-04-09,0.0,0.10114994095018362,,,
2010-04-10,0.0,0.09706386171803981,,,
2010-04-11,0.0,0.1013578544171819,,,
2010-04-12,0.0,0.10131018717070761,,,
2010-04-13,0.0,0.10126440210325001,,,
2010-04-14,0.0,0.1012202901732689,,,
2010-04-15,0.0,0.10117786303755018,,,
2010-04-16,0.0,0.10113756498461536,,,
2010-04-17,0.0,0.0970931957836261,,,
2010-04-18,0.0,0.10134338274582926,,,
2010-04-19,0.0,0.10129622656720974,,,
2010-04-20,0.0,0.10125093212832291,,,
2010-04-21,0.0,0.10120729259213057,,,
2010-04-22,0.0,0.10116531958745677,,,
2010-04-23,0.0,0.10112545301226515,,,
2010-04-24,0.0,0.09712195094841343,,,
2010-04-25,0.0,0.10132921699644767,,,
2010-04-26,0.0,0.10128256097407941,,,
2010-04-27,0.0,0.10123774669812206,,,
2010-04-28,0.0,0.10119456948924395,,,
2010-04-29,0.0,0.10115304094629435,,,
2010-04-30,0.0,0.10111359666175368,,,
2010-05-01,0.0,0.09715014413453162,,,
2010-05-02,0.0,0.10131534754857509,,,
2010-05-03,0.0,0.1012691811186928,,,
2010-05-04,0.0,0.10122483687322455,,,
2010-05-05,0.0,0.10118211224524844,,,
2010-05-06,0.0,0.10114101880178825,,,
2010-05-07,0.0,0.10110198791249655,,,
2010-05-08,0.0,0.0971777916129716,,,
2010-05-09,0.0,0.10130176518180613,,,
2010-05-10,0.0,0.10125607811377221,,,
2010-05-11,0.0,0.10121219408548401,,,
2010-05-12,0.0,0.10116991259856731,,,
2010-05-13,0.0,0.1011292451865203,,,
2010-05-14,0.0,0.10109061907649323,,,
2010-05-15,0.0,0.09720490903449644,,,
2010-05-16,0.0,0.10128846105516932,,,
2010-05-17,0.0,0.10124324343753666,,,
2010-05-18,0.0,0.1011998101189198,,,
2010-05-19,0.0,0.10115796262700362,,,
2010-05-20,0.0,0.10111771246020079,,,
2010-05-21,0.0,0.1010794827812404,,,
2010-05-22,0.0,0.09723151145881469,,,
2010-05-23,0.0,0.10127542668776938,,,
2010-05-24,0.0,0.10123066891506907,,,
2010-05-25,0.0,0.10118767709177622,,,
2010-05-26,0.0,0.10114625473046215,,,
2010-05-27,0.0,0.10110641329302432,,,
2010-05-28,0.0,0.10106857195368903,,,
2010-05-29,0.0,0.09725761338212888,,,
2010-05-30,0.0,0.10126265394060474,,,
2010-05-31,0.0,0.10121834670081388,,,
2010-06-01,0.0,0.10117578743966944,,,
2010-06-02,0.0,0.10113478161471806,,,
2010-06-03,0.0,0.1010953406500332,,,
2010-06-04,0.0,0.1010578798051723,,,
2010-06-05,0.0,0.09728322876316312,,,
2010-06-06,0.0,0.10125013499947781,,,
2010-06-07,0.0,0.10120626926212548,,,
2010-06-08,0.0,0.10116413389974548,,,
2010-06-09,0.0,0.10112353627615842,,,
2010-06-10,0.0,0.10108448777641761,,,
2010-06-11,0.0,0.1010473998172355,,,
2010-06-12,0.0,0.09730837104776632,,,
2010-06-13,0.0,0.1012378623589221,,,
2010-06-14,0.0,0.10119442936379466,,,
2010-06-15,0.0,0.10115270949577934,,,
2010-06-16,0.0,0.10111251198742978,,,
2010-06-17,0.0,0.10107384818368789,,,
2010-06-18,0.0,0.10103712572830625,,,
2010-06-19,0.0,0.09733305319218133,,,
2010-06-20,0.0,0.10122582880707612,,,
2010-06-21,0.0,0.10118282005348606,,,
2010-06-22,0.0,0.10114150752415037,,,
2010-06-23,0.0,0.10110170228392902,,,
2010-06-24,0.0,0.10106341563665872,,,
2010-06-25,0.0,0.10102705152114697,,,
2010-06-26,0.0,0.09735728768506258,,,
2010-06-27,0.0,0.10121402741143937,,,
2010-06-28,0.0,0.10117143464802386,,,
2010-06-29,0.0,0.10113052154063451,,,
2010-06-30,0.0,0.10109110095108052,,,
2010-07-01,0.0,0.10105318414119042,,,
2010-07-02,0.0,0.1010171714110365,,,
2010-07-03,0.0,0.09738108656832037,,,
2010-07-04,0.0,0.1012024515054512,,,
2010-07-05,0.0,0.10116026672046939,,,
2010-07-06,0.0,0.10111974534795808,,,
2010-07-07,0.0,0.10108070201234637,,,
2010-07-08,0.0,0.10104314793263629,,,
2010-07-09,0.0,0.10100747983463215,,,
2010-07-10,0.0,0.09740446145686336,,,
2010-07-11,0.0,0.10119109467583717,,,
2010-07-12,0.0,0.101149310087937,,,
2010-07-13,0.0,0.10110917298406248,,,
2010-07-14,0.0,0.10107049971792115,,,
2010-07-15,0.0,0.10103330146494881,,,
2010-07-16,0.0,0.10099797143946666,,,
2010-07-17,0.0,0.09742742355730685,,,
2010-07-18,0.0,0.10117995075067254,,,
2010-07-19,0.0,0.1011385588000999,,,
2010-07-20,0.0,0.1010987987110329,,,
2010-07-21,0.0,0.10106048853406564,,,
2010-07-22,0.0,0.10102363940040147,,,
2010-07-23,0.0,0.1009886410740381,,,
2010-07-24,0.0,0.0974499836857088,,,
2010-07-25,0.0,0.10116901378811528,,,
2010-07-26,0.0,0.1011280071283405,,,
2010-07-27,0.0,0.10108861700464727,,,
2010-07-28,0.0,0.10105066313303804,,,
2010-07-29,0.0,0.10101415659988579,,,
2010-07-30,0.0,0.10097948377845423,,,
2010-07-31,0.0,0.09747215228439227,,,
2010-08-01,0.0,0.10115827806576577,,,
2010-08-02,0.0,0.10111764955550338,,,
2010-08-03,0.0,0.10107862254450548,,,
2010-08-04,0.0,0.10104101838358363,,,
2010-08-05,0.0,0.1010048481137463,,,
2010-08-06,0.0,0.10097049477559525,,,
2010-08-07,0.0,0.09749393943790817,,,
2010-08-08,0.0,0.10114773807061228,,,
2010-08-09,0.0,0.10110748076621241,,,
2010-08-10,0.0,0.10106881020470147,,,
2010-08-11,0.0,0.10103154934194736,,,
2010-08-12,0.0,0.10099570917311906,,,
2010-08-13,0.0,0.10096166946276171,,,
2010-08-14,0.0,0.09751535488818919,,,
2010-08-15,0.0,0.10113738848952519,,,
2010-08-16,0.0,0.10109749563771567,,,
2010-08-17,0.0,0.10105917504500378,,,
2010-08-18,0.0,0.10102225124337573,,,
2010-08-19,0.0,0.10098673518174166,,,
2010-08-20,0.0,0.10095300340377683,,,
2010-08-21,0.0,0.09753640804894213,,,
2010-08-22,0.0,0.10112722420026529,,,
2010-08-23,0.0,0.10108768923122517,,,
2010-08-24,0.0,0.10104971230251196,,,
2010-08-25,0.0,0.10101311949407739,,,
2010-08-26,0.0,0.10097792170820476,,,
2010-08-27,0.0,0.10094449232151459,,,
2010-08-28,0.0,0.09755710801932274,,,
2010-08-29,0.0,0.10111724026297367,,,
2010-08-30,0.0,0.10107805678372035,,,
2010-08-31,0.0,0.10104041738376006,,,
2010-09-01,0.0,0.10100414966361376,,,
2010-09-02,0.0,0.10096926447861818,,,
2010-09-03,0.0,0.10093613209082686,,,
2010-09-04,0.0,0.09757746359693424,,,
2010-09-05,0.0,0.10110743191211376,,,
2010-09-06,0.0,0.1010685937001865,,,
2010-09-07,0.0,0.10103128585723838,,,
2010-09-08,0.0,0.10099533747769289,,,
2010-09-09,0.0,0.10096075936966507,,,
2010-09-10,0.0,0.10092791873184524,,,
2010-09-11,0.0,0.0975974832901884,,,
2010-09-12,0.0,0.10109779454883733,,,
2010-09-13,0.0,0.10105929554626139,,,
2010-09-14,0.0,0.10102231344630865,,,
2010-09-15,0.0,0.10098667881134189,,,
2010-09-16,0.0,0.10095240240202126,,,
2010-09-17,0.0,0.10091984840363433,,,
2010-09-18,0.0,0.0976171753300649,,,
2010-09-19,0.0,0.10108832373374893,,,
2010-09-20,0.0,0.10105015804126544,,,
2010-09-21,0.0,0.10101349602248835,,,
2010-09-22,0.0,0.10097816968243518,,,
2010-09-23,0.0,0.10094418973411684,,,
2010-09-24,0.0,0.10091191739817512,,,
2010-09-25,0.0,0.09763654768130313,,,
2010-09-26,0.0,0.10107901518004425,,,
2010-09-27,0.0,0.1010411770515919,,,
2010-09-28,0.0,0.10100482959908176,,,
2010-09-29,0.0,0.10096980624555646,,,
2010-09-30,0.0,0.10093611765621965,,,
2010-10-01,0.0,0.10090412213465891,,,
2010-10-02,0.0,0.09765560805305752,,,
2010-10-03,0.0,0.10106986474700062,,,
2010-10-04,0.0,0.10103234858443594,,,
2010-10-05,0.0,0.10099631032513733,,,
2010-10-06,0.0,0.10096158478617516,,,
2010-10-07,0.0,0.10092818258482167,,,
2010-10-08,0.0,0.10089645915407267,,,
2010-10-09,0.0,0.09767436390904678,,,
2010-10-10,0.0,0.10106086843379808,,,
2010-10-11,0.0,0.10102366878184219,,,
2010-10-12,0.0,0.10098793447971173,,,
2010-10-13,0.0,0.10095350171511826,,,
2010-10-14,0.0,0.1009203810573098,,,
2010-10-15,0.0,0.10088892511405913,,,
2010-10-16,0.0,0.09769282247722418,,,
2010-10-17,0.0,0.10105202237365209,,,
2010-10-18,0.0,0.10101513391505201,,,
2010-10-19,0.0,0.10097969846642282,,,
2010-10-20,0.0,0.10094555356332027,,,
2010-10-21,0.0,0.10091270972690494,,,
2010-10-22,0.0,0.10088151678403524,,,
2010-10-23,0.0,0.09771099075899534,,,
2010-10-24,0.0,0.10104332282823933,,,
2010-10-25,0.0,0.10100674037913335,,,
2010-10-26,0.0,0.10097159880827426,,,
2010-10-27,0.0,0.10093773697683527,,,
2010-10-28,0.0,0.10090516535785338,,,
2010-10-29,0.0,0.10087423104055385,,,
2010-10-30,0.0,0.09772887553800787,,,
2010-10-31,0.0,0.10103476618239987,,,
2010-11-01,0.0,0.10099848468787635,,,
2010-11-02,0.0,0.10096363214273665,,,
2010-11-03,0.0,0.10093004871209552,,,
2010-11-04,0.0,0.10089774482085588,,,
2010-11-05,0.0,0.1008670648628947,,,
2010-11-06,0.0,0.09774648338853566,,,
2010-11-07,0.0,0.10102634893909965,,,
2010-11-08,0.0,0.10099036346893982,,,
2010-11-09,0.0,0.10095579521706993,,,
2010-11-10,0.0,0.10092248563140302,,,
2010-11-11,0.0,0.10089044508872107,,,
2010-11-12,0.0,0.10086001532887162,,,
2010-11-13,0.0,0.09776382068347969,,,
2010-11-14,0.0,0.10101806771463838,,,
2010-11-15,0.0,0.10098237345923404,,,
2010-11-16,0.0,0.10094808488387355,,,
2010-11-17,0.0,0.10091504469864025,,,
2010-11-18,0.0,0.10088326323223035,,,
2010-11-19,0.0,0.10085307961084361,,,
2010-11-20,0.0,0.09778089360200563,,,
2010-11-21,0.0,0.10100991923408952,,,
2010-11-22,0.0,0.10097451150052697,,,
2010-11-23,0.0,0.10094049809685181,,,
2010-11-24,0.0,0.10090772297518817,,,
2010-11-25,0.0,0.10087619641620217,,,
2010-11-26,0.0,0.10084625497191832,,,
2010-11-27,0.0,0.0977977081368368,,,
2010-11-28,0.0,0.10100190032695854,,,
2010-11-29,0.0,0.10096677453526065,,,
2010-11-30,0.0,0.10093303190678175,,,
2010-12-01,0.0,0.10090051761603958,,,
2010-12-02,0.0,0.10086924189574485,,,
2010-12-03,0.0,0.1008395387623371,,,
2010-12-04,0.0,0.09781427010122108,,,
2010-12-05,0.0,0.10099400792304798,,,
2010-12-06,0.0,0.10095915960256695,,,
2010-12-07,0.0,0.10092568345767297,,,
2010-12-08,0.0,0.10089342586609715,,,
2010-12-09,0.0,0.10086239701268733,,,
2010-12-10,0.0,0.10083292841603181,,,
2010-12-11,0.0,0.09783058513558829,,,
2010-12-12,0.0,0.10098623904851772,,,
2010-12-13,0.0,0.100951663834471,,,
2010-12-14,0.0,0.10091844998310832,,,
2010-12-15,0.0,0.100886445056646,,,
2010-12-16,0.0,0.1008556591921779,,,
2010-12-17,0.0,0.10082642144734356,,,
2010-12-18,0.0,0.09784665871391389,,,
2010-12-19,0.0,0.10097859082212944,,,
2010-12-20,0.0,0.10094428445227241,,,
2010-12-21,1.0,0.10091132880275581,,,
2010-12-22,0.0,0.5415197704435337,,,
2010-12-23,0.0,0.11947718139923949,,,
2010-12-24,0.0,0.11882804031047253,,,
2010-12-25,0.0,0.11527982951930621,,,
2010-12-26,0.0,0.11780816809979813,,,
2010-12-27,0.0,0.11721333049171351,,,
2010-12-28,0.0,0.12417303187440665,,,
2010-12-29,0.0,0.11276318524775608,,,
2010-12-30,0.0,0.11540608754471737,,,
2010-12-31,0.0,0.11489249296562563,,,
2011-01-01,0.0,0.11149606408832512,,,
2011-01-02,0.0,0.11412796786573823,,,
2011-01-03,0.0,0.11365573820751795,,,
2011-01-04,0.0,0.12060639167257317,,,
2011-01-05,0.0,0.10949484411631917,,,
2011-01-06,0.0,0.11219462131934038,,,
2011-01-07,0.0,0.11178794995154735,,,
2011-01-08,0.0,0.10851551157897611,,,
2011-01-09,0.0,0.11122454591823966,,,
2011-01-10,0.0,0.11084904416952626,,,
2011-01-11,0.0,0.11783872418593204,,,
2011-01-12,0.0,0.1068960060324044,,,
2011-01-13,0.0,0.1096601347482161,,,
2011-01-14,0.0,0.1093378456970039,,,
2011-01-15,0.0,0.10616744881802691,,,
2011-01-16,0.0,0.10893286181626474,,,
2011-01-17,0.0,0.10863370742303893,,,
2011-01-18,0.0,0.11564351093752236,,,
2011-01-19,0.0,0.10484943758327035,,,
2011-01-20,0.0,0.10765985138399083,,,
2011-01-21,0.0,0.10740415823220778,,,
2011-01-22,0.0,0.10431842281501288,,,
2011-01-23,0.0,0.10712390314588155,,,
2011-01-24,0.0,0.10688501433447434,,,
2011-01-25,0.0,0.11390017578793588,,,
2011-01-26,0.0,0.10323860321876226,,,
2011-01-27,0.0,0.10608110968668888,,,
2011-01-28,0.0,0.10587797753292504,,,
2011-01-29,0.0,0.10286313035702532,,,
2011-01-30,0.0,0.1056958691514738,,,
2011-01-31,0.0,0.10550455606697627,,,
2011-02-01,0.0,0.11251357142340354,,,
2011-02-02,0.0,0.10197154838603104,,,
2011-02-03,0.0,0.10483501056959031,,,
2011-02-04,0.0,0.10467336466181394,,,
2011-02-05,0.0,0.10171848000533476,,,
2011-02-06,0.0,0.1045684306964083,,,
2011-02-07,0.0,0.10441467986972451,,,
2011-02-08,0.0,0.1114086155402646,,,
2011-02-09,0.0,0.1009757144558331,,,
2011-02-10,0.0,0.10385140504895123,,,
2011-02-11,0.0,0.10372250636879399,,,
2011-02-12,0.0,0.10081890677451123,,,
2011-02-13,0.0,0.10367820113352336,,,
2011-02-14,0.0,0.10355411090663247,,,
2011-02-15,0.0,0.11052605855365231,,,
2011-02-16,0.0,0.1001938474642211,,,
2011-02-17,0.0,0.10307493926518174,,,
2011-02-18,0.0,0.10297189183874193,,,
2011-02-19,0.0,0.10011267520342794,,,
2011-02-20,0.0,0.10297516261012371,,,
2011-02-21,0.0,0.10287449766824713,,,
2011-02-22,0.0,0.10981914410728913,,,
2011-02-23,0.0,0.09958076990346941,,,
2011-02-24,0.0,0.10246193379944758,,,
2011-02-25,0.0,0.10237929594303187,,,
2011-02-26,0.0,0.0995589622931847,,,
2011-02-27,0.0,0.1024198462372973,,,
2011-02-28,0.0,0.10233768611783685,,,
2011-03-01,0.0,0.109250974030901,,,
2011-03-02,0.0,0.09910083348646888,,,
2011-03-03,0.0,0.10197792127715928,,,
2011-03-04,0.0,0.10191139885043077,,,
2011-03-05,0.0,0.09912555578469516,,,
2011-03-06,0.0,0.10198110708328612,,,
2011-03-07,0.0,0.10191356883411715,,,
2011-03-08,0.0,0.10879242913242201,,,
2011-03-09,0.0,0.09872590922469027,,,
2011-03-10,0.0,0.10159570338531859,,,
2011-03-11,0.0,0.10154190775090954,,,
2011-03-12,0.0,0.09878703796208378,,,
2011-03-13,0.0,0.1016343685060684,,,
2011-03-14,0.0,0.10157838784943247,,,
2011-03-15,0.0,0.10842052856705334,,,
2011-03-16,0.0,0.09843380146952163,,,
2011-03-17,0.0,0.10129381773026391,,,
2011-03-18,0.0,0.10125007476920962,,,
2011-03-19,0.0,0.09852335255652454,,,
2011-03-20,0.0,0.1013602368152309,,,
2011-03-21,0.0,0.10131339547426484,,,
2011-03-22,0.0,0.10811713526407107,,,
2011-03-23,0.0,0.09820699648101722,,,
2011-03-24,0.0,0.1010553280796408,,,
2011-03-25,0.0,0.10101952749203767,,,
2011-03-26,0.0,0.098318673934544,,,
2011-03-27,0.0,0.10114340814185149,,,
2011-03-28,0.0,0.10110379759104687,,,
2011-03-29,0.0,0.10786793441123331,,,
2011-03-30,0.0,0.09803167495647847,,,
2011-03-31,0.0,0.10086686977204608,,,
2011-04-01,0.0,0.1008373461646813,,,
2011-04-02,0.0,0.09816051480465897,,,
2011-04-03,0.0,0.1009718058763279,,,
2011-04-04,0.0,0.10093791983193821,,,
2011-04-05,0.0,0.10766162739723062,,,
2011-04-06,0.0,0.09789693283860304,,,
2011-04-07,0.0,0.10071789646903813,,,
2011-04-08,0.0,0.10069333552462291,,,
2011-04-09,0.0,0.09803902212868966,,,
2011-04-10,0.0,0.10083590003793055,,,
2011-04-11,0.0,0.10080654962550475,,,
2011-04-12,0.0,0.10748929576389388,,,
2011-04-13,0.0,0.09779416646924563,,,
2011-04-14,0.0,0.10060008577912463,,,
2011-04-15,0.0,0.10057945021636434,,,
2011-04-16,0.0,0.09794642153827438,,,
2011-04-17,0.0,0.10072817020009488,,,
2011-04-18,0.0,0.10070241701541176,,,
2011-04-19,0.0,0.10734389930745708,,,
2011-04-20,0.0,0.09771658742291112,,,
2011-04-21,0.0,0.10050687024261869,,,
2011-04-22,0.0,0.1004893413924937,,,
2011-04-23,0.0,0.09787657893192102,,,
2011-04-24,0.0,0.10064268169101978,,,
2011-04-25,0.0,0.1006197849799108,,,
2011-04-26,0.0,0.10721988003301476,,,
2011-04-27,0.0,0.0976588396668573,,,
2011-04-28,0.0,0.10043306723537168,,,
2011-04-29,0.0,0.10041799893966077,,,
2011-04-30,0.0,0.09782465453586882,,,
2011-05-01,0.0,0.10057475117675073,,,
2011-05-02,0.0,0.10055412615558022,,,
2011-05-03,0.0,0.10711284963520419,,,
2011-05-04,0.0,0.0976166974646796,,,
2011-05-05,0.0,0.1003745869271579,,,
2011-05-06,0.0,0.1003614691600975,,,
2011-05-07,0.0,0.09778682992590414,,,
2011-05-08,0.0,0.10052068277396264,,,
2011-05-09,0.0,0.100501867740814,,,
2011-05-10,0.0,0.10701934288781123,,,
2011-05-11,0.0,0.09758682699299326,,,
2011-05-12,0.0,0.10032820183155902,,,
2011-05-13,0.0,0.10031663199380006,,,
2011-05-14,0.0,0.0977600926212118,,,
2011-05-15,0.0,0.10047755981644056,,,
2011-05-16,0.0,0.10046019019878448,,,
2011-05-17,0.0,0.10693662304112306,,,
2011-05-18,0.0,0.09756659823313489,,,
2011-05-19,0.0,0.1002913649568355,,,
2011-05-20,0.0,0.10028102522346302,,,
2011-05-21,0.0,0.09774206610741176,,,
2011-05-22,0.0,0.10044308053711112,,,
2011-05-23,0.0,0.10042686841287538,,,
2011-05-24,0.0,0.10686252825804439,,,
2011-05-25,0.0,0.0975539365343069,,,
2011-05-26,0.0,0.10026206630735286,,,
2011-05-27,0.0,0.10025270575307675,,,
2011-05-28,0.0,0.09773087570723359,,,
2011-05-29,0.0,0.10041542840339894,,,
2011-05-30,0.0,0.10040014634098472,,,
2011-05-31,0.0,0.10679535043364684,,,
2011-06-01,0.0,0.0975472054811591,,,
2011-06-02,0.0,0.10023871964720371,,,
2011-06-03,0.0,0.10023014014116373,,,
2011-06-04,0.0,0.09772504273828204,,,
2011-06-05,0.0,0.10039316979731694,,,
2011-06-06,0.0,0.10037863810362449,,,
2011-06-07,0.0,0.1067337395684229,,,
2011-06-08,0.0,0.09754511446358541,,,
2011-06-09,0.0,0.10022007314366735,,,
2011-06-10,0.0,0.10021211821881665,,,
2011-06-11,0.0,0.09772340099203423,,,
2011-06-12,0.0,0.10037517327323221,,,
2011-06-13,0.0,0.1003612499309053,,,
2011-06-14,0.0,0.10667662830602906,,,
2011-06-15,0.0,0.0975466457390376,,,
2011-06-16,0.0,0.10020513885429289,,,
2011-06-17,0.0,0.1001976849240136,,,
2011-06-18,0.0,0.09772503082651311,,,
2011-06-19,0.0,0.10036054584261606,,,
2011-06-20,0.0,0.1003471185693279,,,
2011-06-21,0.0,0.10662317238296126,,,
2011-06-22,0.0,0.09755099687645251,,,
2011-06-23,0.0,0.1001931370835906,,,
2011-06-24,0.0,0.10018608651051401,,,
2011-06-25,0.0,0.09772920715797116,,,
2011-06-26,0.0,0.10034858269488323,,,
2011-06-27,0.0,0.10033556267711778,,,
2011-06-28,0.0,0.10657270363451067,,,
2011-06-29,0.0,0.09755753533791763,,,
2011-06-30,0.0,0.10018345247346845,,,
2011-07-01,0.0,0.10017672809987997,,,
2011-07-02,0.0,0.09773535842037584,,,
2011-07-03,0.0,0.1003387275207745,,,
2011-07-04,0.0,0.10032604446895312,,,
2011-07-05,0.0,0.1065246929090729,,,
2011-07-06,0.0,0.09756576263834998,,,
2011-07-07,0.0,0.10017559935291792,,,
2011-07-08,0.0,0.10016914018451199,,,
2011-07-09,0.0,0.09774303417969764,,,
2011-07-10,0.0,0.10033054120234366,,,
2011-07-11,0.0,0.1003181394486318,,,
2011-07-12,0.0,0.10647872080133475,,,
2011-07-13,0.0,0.097575286063314,,,
2011-07-14,0.0,0.10016919439432394,,,
2011-07-15,0.0,0.10016295219408303,,,
2011-07-16,0.0,0.09775187957781635,,,
2011-07-17,0.0,0.10032367710516937,,,
2011-07-18,0.0,0.10031151252407199,,,
2011-07-19,0.0,0.1064344545555274,,,
2011-07-20,0.0,0.09758579635109026,,,
2011-07-21,0.0,0.10016393503557763,,,
2011-07-22,0.0,0.1001578716358453,,,
2011-07-23,0.0,0.09776161516579045,,,
2011-07-24,0.0,0.10031786158051544,,,
2011-07-25,0.0,0.10030589915874555,,,
2011-07-26,0.0,0.10639162983765889,,,
2011-07-27,0.0,0.09759705008124964,,,
2011-07-28,0.0,0.10015958245211645,,,
2011-07-29,0.0,0.10015366763341264,,,
2011-07-30,0.0,0.09777202098997462,,,
2011-07-31,0.0,0.10031287857878245,,,
2011-08-01,0.0,0.10030109049748309,,,
2011-08-02,0.0,0.1063500363500233,,,
2011-08-03,0.0,0.09760885577723365,,,
2011-08-04,0.0,0.10015594811943357,,,
2011-08-05,0.0,0.10015015793650013,,,
2011-08-06,0.0,0.09778292403415287,,,
2011-08-07,0.0,0.10030855750729008,,,
2011-08-08,0.0,0.10029692162856554,,,
2011-08-09,0.0,0.10630950647780185,,,
2011-08-10,0.0,0.09762106293974739,,,
2011-08-11,0.0,0.10015288320893265,,,
2011-08-12,0.0,0.10014719866970112,,,
2011-08-13,0.0,0.09779418830998428,,,
2011-08-14,0.0,0.10030476364825817,,,
2011-08-15,0.0,0.10029326232075654,,,
2011-08-16,0.0,0.1062699063284239,,,
2011-08-17,0.0,0.09763355339293452,,,
2011-08-18,0.0,0.10015027021966923,,,
2011-08-19,0.0,0.10014467624273109,,,
2011-08-20,0.0,0.09780570703730204,,,
2011-08-21,0.0,0.10030139059712599,,,
2011-08-22,0.0,0.10029000971339533,,,
2011-08-23,0.0,0.10623112865917611,,,
2011-08-24,0.0,0.09764623445563411,,,
2011-08-25,0.0,0.10014801637451073,,,
2011-08-26,0.0,0.10014250096636419,,,
2011-08-27,0.0,0.0978173964735754,,,
2011-08-28,0.0,0.10029835429519479,,,
2011-08-29,0.0,0.10028708254772303,,,
2011-08-30,0.0,0.10619308729493837,,,
2011-08-31,0.0,0.0976590335528651,,,
2011-09-01,0.0,0.10014604840866882,,,
2011-09-02,0.0,0.10014060201440024,,,
2011-09-03,0.0,0.09782919104477533,,,
2011-09-04,0.0,0.10029558832041424,,,
2011-09-05,0.0,0.10028441661445876,,,
2011-09-06,0.0,0.10615571272187431,,,
2011-09-07,0.0,0.09767189396383871,,,
2011-09-08,0.0,0.10014430845701118,,,
2011-09-09,0.0,0.10013892344784184,,,
2011-09-10,0.0,0.09784103950321882,,,
2011-09-11,0.0,0.10029304017102458,,,
2011-09-12,0.0,0.10028196116117219,,,
2011-09-13,0.0,0.10611894860915515,,,
2011-09-14,0.0,0.09768477146684268,,,
2011-09-15,0.0,0.10014275080847056,,,
2011-09-16,0.0,0.10013742107731052,,,
2011-09-17,0.0,0.09785290189583494,,,
2011-09-18,0.0,0.10029066833270726,,,
2011-09-19,0.0,0.10027967605707638,,,
2011-09-20,0.0,0.10608274906307073,,,
2011-09-21,0.0,0.0976976316918754,,,
2011-09-22,0.0,0.10014133934472212,,,
2011-09-23,0.0,0.10013605998695854,,,
2011-09-24,0.0,0.09786474717196153,,,
2011-09-25,0.0,0.10028843996404115,,,
2011-09-26,0.0,0.10027752955553967,,,
2011-09-27,0.0,0.10604707645913632,,,
2011-09-28,0.0,0.09771044803178894,,,
2011-09-29,0.0,0.10014004551885203,,,
2011-09-30,0.0,0.10013481258040113,,,
2011-10-01,0.0,0.09787655129581595,,,
2011-10-02,0.0,0.1002863290698964,,,
2011-10-03,0.0,0.10027549652828935,,,
2011-10-04,0.0,0.10601189973035705,,,
2011-10-05,0.0,0.09772319999416876,,,
2011-10-06,0.0,0.10013884676016276,,,
2011-10-07,0.0,0.10013365703860407,,,
2011-10-08,0.0,0.0978882957572201,,,
2011-10-09,0.0,0.10028431505988737,,,
2011-10-10,0.0,0.10027355707185452,,,
2011-10-11,0.0,0.10597719301550179,,,
2011-10-12,0.0,0.09773587190101184,,,
2011-10-13,0.0,0.10013772521526747,,,
2011-10-14,0.0,0.10013257610286912,,,
2011-10-15,0.0,0.09789996639660023,,,
2011-10-16,0.0,0.10028238161069902,,,
2011-10-17,0.0,0.10027169540776544,,,
2011-10-18,0.0,0.10594293459150994,,,
2011-10-19,0.0,0.0977484518628618,,,
2011-10-20,0.0,0.1001366667545706,,,
2011-10-21,0.0,0.10013155611437426,,,
2011-10-22,0.0,0.09791155247798884,,,
2011-10-23,0.0,0.10028051576821874,,,
2011-10-24,0.0,0.1002698990145749,,,
2011-10-25,0.0,0.1059091060301526,,,
2011-10-26,0.0,0.09776093096952425,,,
2011-10-27,0.0,0.10013566018818157,,,
2011-10-28,0.0,0.10013058625617768,,,
2011-10-29,0.0,0.09792304595773137,,,
2011-10-30,0.0,0.10027870723891524,,,
2011-10-31,0.0,0.10026815794282636,,,
2011-11-01,0.0,0.10587569153169406,,,
2011-11-02,0.0,0.09777330265168944,,,
2011-11-03,0.0,0.1001346966471065,,,
2011-11-04,0.0,0.10012965795499998,,,
2011-11-05,0.0,0.09793444090762665,,,
2011-11-06,0.0,0.10027694783056572,,,
2011-11-07,0.0,0.10026646427439825,,,
2011-11-08,0.0,0.10584267739826143,,,
2011-11-09,0.0,0.09778556217741938,,,
2011-11-10,0.0,0.10013376909487241,,,
2011-11-11,0.0,0.10012876440909847,,,
2011-11-12,0.0,0.09794573305993295,,,
2011-11-13,0.0,0.1002752310108448,,,
2011-11-14,0.0,0.10026481169578691,,,
2011-11-15,0.0,0.10581005161749267,,,
2011-11-16,0.0,0.09779770625505646,,,
2011-11-17,0.0,0.10013287194208541,,,
2011-11-18,0.0,0.1001279002156505,,,
2011-11-19,0.0,0.09795691944853807,,,
2011-11-20,0.0,0.10027355155892823,,,
2011-11-21,0.0,0.10026319516130748,,,
2011-11-22,0.0,0.10577780353323685,,,
2011-11-23,0.0,0.09780973272010826,,,
2011-11-24,0.0,0.10013200074222225,,,
2011-11-25,0.0,0.10012706107666698,,,
2011-11-26,0.0,0.09796799812601151,,,
2011-11-27,0.0,0.10027190529050195,,,
2011-11-28,0.0,0.10026161062725697,,,
2011-11-29,0.0,0.10574592358497716,,,
2011-11-30,0.0,0.09782164028839527,,,
2011-12-01,0.0,0.10013115195152984,,,
2011-12-02,0.0,0.10012624356688074,,,
2011-12-03,0.0,0.09797896794053328,,,
2011-12-04,0.0,0.10027028884070255,,,
2011-12-05,0.0,0.1002600548420801,,,
2011-12-06,0.0,0.10571440310151015,,,
2011-12-07,0.0,0.09783342836148384,,,
2011-12-08,0.0,0.10013032273951795,,,
2011-12-09,0.0,0.10012544495054472,,,
2011-12-10,0.0,0.09798982836006859,,,
2011-12-11,0.0,0.10026869949277682,,,
2011-12-12,0.0,0.10025852518073247,,,
2011-12-13,0.0,0.10568323413746458,,,
2011-12-14,0.0,0.09784509687337352,,,
2011-12-15,0.0,0.10012951083937964,,,
2011-12-16,0.0,0.1001246630368294,,,
2011-12-17,0.0,0.09800057933382096,,,
2011-12-18,0.0,0.10026713504282313,,,
2011-12-19,0.0,0.10025701951392453,,,
2011-12-20,0.0,0.10565240934364899,,,
2011-12-21,0.0,0.09785664616973382,,,
2011-12-22,0.0,0.10012871442992251,,,
2011-12-23,0.0,0.10012389606568246,,,
2011-12-24,0.0,0.098011221183098,,,
2011-12-25,0.0,0.10026559369300901,,,
2011-12-26,0.0,0.10025553610489393,,,
2011-12-27,0.0,0.10562192186411631,,,
2011-12-28,0.0,0.09786807691282169,,,
2011-12-29,0.0,0.10012793204236879,,,
2011-12-30,0.0,0.10012314261772995,,,
2011-12-31,0.0,0.09802175451538288,,,
2012-01-01,0.0,0.10026407396726318,,,
2012-01-02,0.0,0.10025407352790412,,,
2012-01-03,0.0,0.10559176525433235,,,
2012-01-04,0.0,0.09787939000665813,,,
2012-01-05,0.0,0.1001271624867816,,,
2012-01-06,0.0,0.10012240154315061,,,
2012-01-07,0.0,0.09803218015671282,,,
2012-01-08,0.0,0.10026257464470476,,,
2012-01-09,0.0,0.10025263060388995,,,
2012-01-10,0.0,0.10556193341601788,,,
2012-01-11,0.0,0.09789058653818695,,,
2012-01-12,0.0,0.1001264047939812,,,
2012-01-13,0.0,0.1001216719055248,,,
2012-01-14,0.0,0.09804249909849976,,,
2012-01-15,0.0,0.10026109470707185,,,
2012-01-16,0.0,0.10025120634963643,,,
2012-01-17,0.0,0.10553242054516698,,,
2012-01-18,0.0,0.09790166773103964,,,
2012-01-19,0.0,0.10012565816968588,,,
2012-01-20,0.0,0.1001209529375014,,,
2012-01-21,0.0,0.0980527124557424,,,
2012-01-22,0.0,0.10025963329719931,,,
2012-01-23,0.0,0.10024979993763915,,,
2012-01-24,0.0,0.10550322109048156,,,
2012-01-25,0.0,0.0979126349092428,,,
2012-01-26,0.0,0.10012492195830153,,,
2012-01-27,0.0,0.10012024400579221,,,
2012-01-28,0.0,0.09806282143422307,,,
2012-01-29,0.0,0.10025818968621741,,,
2012-01-30,0.0,0.1002484106643952,,,
2012-01-31,0.0,0.10547432972004257,,,
2012-02-01,0.0,0.09792348946876615,,,
2012-02-02,0.0,0.10012419561432602,,,
2012-02-03,0.0,0.10011954458352804,,,
2012-02-04,0.0,0.09807282730478971,,,
2012-02-05,0.0,0.100256763247634,,,
2012-02-06,0.0,0.10024703792534845,,,
2012-02-07,0.0,0.10544574129449784,,,
2012-02-08,0.0,0.09793423285525234,,,
2012-02-09,0.0,0.10012347867976407,,,
2012-02-10,0.0,0.10011885422842509,,,
2012-02-11,0.0,0.09808273138322443,,,
2012-02-12,0.0,0.10025535343685002,,,
2012-02-13,0.0,0.10024568119508749,,,
2012-02-14,0.0,0.10541745084540816,,,
2012-02-15,0.0,0.09794486654662016,,,
2012-02-16,0.0,0.10012277076628595,,,
2012-02-17,0.0,0.10011817256553757,,,
2012-02-18,0.0,0.09809253501451605,,,
2012-02-19,0.0,0.10025395977496421,,,
2012-02-20,0.0,0.10024434001168978,,,
2012-02-21,0.0,0.1053894535576795,,,
2012-02-22,0.0,0.09795539203950823,,,
2012-02-23,0.0,0.10012207154113065,,,
2012-02-24,0.0,0.10011749927362995,,,
2012-02-25,0.0,0.09810223956060324,,,
2012-02-26,0.0,0.10025258183596321,,,
2012-02-27,0.0,0.10024301396433873,,,
2012-02-28,0.0,0.10536174475523377,,,
2012-02-29,0.0,0.09796581083874431,,,
2012-03-01,0.0,0.10012138071596456,,,
2012-03-02,0.0,0.10011683407440665,,,
2012-03-03,0.0,0.09811184639085224,,,
2012-03-04,0.0,0.10025121923658496,,,
2012-03-05,0.0,0.10024170268352495,,,
2012-03-06,0.0,0.1053343198892503,,,
2012-03-07,0.0,0.09797612444919766,,,
2012-03-08,0.0,0.10012069803807336,,,
2012-03-09,0.0,0.10011617672399709,,,
2012-03-10,0.0,0.09812135687468829,,,
2012-03-11,0.0,0.10024987162829214,,,
2012-03-12,0.0,0.10024040583328728,,,
2012-03-13,0.0,0.10530717452844865,,,
2012-03-14,0.0,0.09798633436950735,,,
2012-03-15,0.0,0.10012002328339563,,,
2012-03-16,0.0,0.10011552700622132,,,
2012-03-17,0.0,0.0981307723759222,,,
2012-03-18,0.0,0.10024853869091208,,,
2012-03-19,0.0,0.10023912310506503,,,
2012-03-20,0.0,0.10528030435099615,,,
2012-03-21,0.0,0.097996442087286,,,
2012-03-22,0.0,0.10011935625101047,,,
2012-03-23,0.0,0.1001148847272613,,,
2012-03-24,0.0,0.09814009424841104,,,
2012-03-25,0.0,0.10024722012759234,,,
2012-03-26,0.0,0.10023785421282186,,,
2012-03-27,0.0,0.10525370513770974,,,
2012-03-28,0.0,0.09800644907548384,,,
2012-03-29,0.0,0.10011869675877301,,,
2012-03-30,0.0,0.10011424971144169,,,
2012-03-31,0.0,0.09814932383276706,,,
2012-04-01,0.0,0.1002459156607957,,,
2012-04-02,0.0,0.10023659888917455,,,
2012-04-03,0.0,0.1052273727662916,,,
2012-04-04,0.0,0.098016356789664,,,
2012-04-05,0.0,0.10011804463985646,,,
2012-04-06,0.0,0.10011362179788731,,,
2012-04-07,0.0,0.09815846245389077,,,
2012-04-08,0.0,0.1002446250291159,,,
2012-04-09,0.0,0.10023535688231519,,,
2012-04-10,0.0,0.10520130320639232,,,
2012-04-11,0.0,0.09802616666599266,,,
2012-04-12,0.0,0.10011739974000984,,,
2012-04-13,0.0,0.10011300083787215,,,
2012-04-14,0.0,0.09816751141914998,,,
2012-04-15,0.0,0.10024334798474206,,,
2012-04-16,0.0,0.10023412795356053,,,
2012-04-17,0.0,0.10517549251533849,,,
2012-04-18,0.0,0.0980358801197897,,,
2012-04-19,0.0,0.10011676191538114,,,
2012-04-20,0.0,0.10011238669271527,,,
2012-04-21,0.0,0.09817647201706563,,,
2012-04-22,0.0,0.10024208429143562,,,
2012-04-23,0.0,0.10023291187539661,,,
2012-04-24,0.0,0.10514993683439547,,,
2012-04-25,0.0,0.09804549854451704,,,
2012-04-26,0.0,0.10011613103078684,,,
2012-04-27,0.0,0.10011177923210804,,,
2012-04-28,0.0,0.09818534551639367,,,
2012-04-29,0.0,0.10024083372291244,,,
2012-04-30,0.0,0.10023170842991515,,,
2012-05-01,0.0,0.1051246323854631,,,
2012-05-02,0.0,0.09805502331110952,,,
2012-05-03,0.0,0.1001155069583344,,,
2012-05-04,0.0,0.10011117833278263,,,
2012-05-05,0.0,0.09819413316551623,,,
2012-05-06,0.0,0.10023959606154527,,,
2012-05-07,0.0,0.10023051740755974,,,
2012-05-08,0.0,0.10509957546812343,,,
2012-05-09,0.0,0.09806445576757175,,,
2012-05-10,0.0,0.10011488957632347,,,
2012-05-11,0.0,0.10011058387745,,,
2012-05-12,0.0,0.09820283619207378,,,
2012-05-13,0.0,0.10023837109731984,,,
2012-05-14,0.0,0.100229338606117,,,
2012-05-15,0.0,0.10507476245697583,,,
2012-05-16,0.0,0.09807379723878164,,,
2012-05-17,0.0,0.1001142787683675,,,
2012-05-18,0.0,0.1001099957539509,,,
2012-05-19,0.0,0.09821145580278405,,,
2012-05-20,0.0,0.10023715862699141,,,
2012-05-21,0.0,0.10022817182990164,,,
2012-05-22,0.0,0.10505018979920888,,,
2012-05-23,0.0,0.09808304902645358,,,
2012-05-24,0.0,0.1001136744226896,,,
2012-05-25,0.0,0.10010941385457532,,,
2012-05-26,0.0,0.09821999318340556,,,
2012-05-27,0.0,0.10023595845340044,,,
2012-05-28,0.0,0.10022701688909527,,,
2012-05-29,0.0,0.1050258540123677,,,
2012-05-30,0.0,0.09809221240922429,,,
2012-05-31,0.0,0.10011307643155638,,,
2012-06-01,0.0,0.10010883807551532,,,
2012-06-02,0.0,0.09822844949881204,,,
2012-06-03,0.0,0.10023477038491412,,,
2012-06-04,0.0,0.10022587359920697,,,
2012-06-05,0.0,0.10500175168228512,,,
2012-06-06,0.0,0.09810128864283217,,,
2012-06-07,0.0,0.10011248469082068,,,
2012-06-08,0.0,0.10010826831642322,,,
2012-06-09,0.0,0.0982368258931517,,,
2012-06-10,0.0,0.10023359423496785,,,
2012-06-11,0.0,0.10022474178063034,,,
2012-06-12,0.0,0.10497787946115024,,,
2012-06-13,0.0,0.09811027896036757,,,
2012-06-14,0.0,0.10011189909955108,,,
2012-06-15,0.0,0.10010770448005349,,,
2012-06-16,0.0,0.09824512349007072,,,
2012-06-17,0.0,0.10023242982168633,,,
2012-06-18,0.0,0.10022362125827766,,,
2012-06-19,0.0,0.10495423406569411,,,
2012-06-20,0.0,0.0981191845725758,,,
2012-06-21,0.0,0.10011131955972957,,,
2012-06-22,0.0,0.10010714647197075,,,
2012-06-23,0.0,0.09825334339298444,,,
2012-06-24,0.0,0.10023127696756765,,,
2012-06-25,0.0,0.10022251186127469,,,
2012-06-26,0.0,0.10493081227547564,,,
2012-06-27,0.0,0.09812800666819897,,,
2012-06-28,0.0,0.10011074597600382,,,
2012-06-29,0.0,0.10010659420031033,,,
2012-06-30,0.0,0.09826148668538401,,,
2012-07-01,0.0,0.10023013549921767,,,
2012-07-02,0.0,0.1002214134227044,,,
2012-07-03,0.0,0.10490761093125459,,,
2012-07-04,0.0,0.0981367464143456,,,
2012-07-05,0.0,0.1001101782554825,,,
2012-07-06,0.0,0.10010604757558063,,,
2012-07-07,0.0,0.09826955443116817,,,
2012-07-08,0.0,0.10022900524712482,,,
2012-07-09,0.0,0.1002203257793895,,,
2012-07-10,0.0,0.10488462693344078,,,
2012-07-11,0.0,0.09814540495687954,,,
2012-07-12,0.0,0.10010961630756497,,,
2012-07-13,0.0,0.10010550651049858,,,
2012-07-14,0.0,0.0982775476749926,,,
2012-07-15,0.0,0.10022788604546687,,,
2012-07-16,0.0,0.10021924877170602,,,
2012-07-17,0.0,0.1048618572406108,,,
2012-07-18,0.0,0.09815398342082132,,,
2012-07-19,0.0,0.10010906004379838,,,
2012-07-20,0.0,0.10010497091985168,,,
2012-07-21,0.0,0.0982854674426308,,,
2012-07-22,0.0,0.10022677773194372,,,
2012-07-23,0.0,0.1002181822434219,,,
2012-07-24,0.0,0.10483929886808503,,,
2012-07-25,0.0,0.09816248291075698,,,
2012-07-26,0.0,0.1001085093777566,,,
2012-07-27,0.0,0.100104440720381,,,
2012-07-28,0.0,0.0982933147413416,,,
2012-07-29,0.0,0.10022568014763075,,,
2012-07-30,0.0,0.10021712604155572,,,
2012-07-31,0.0,0.10481694888655912,,,
2012-08-01,0.0,0.09817090451124993,,,
2012-08-02,0.0,0.10010796422493651,,,
2012-08-03,0.0,0.10010391583068115,,,
2012-08-04,0.0,0.09830109056023992,,,
2012-08-05,0.0,0.10022459313684935,,,
2012-08-06,0.0,0.10021608001625158,,,
2012-08-07,0.0,0.1047948044207851,,,
2012-08-08,0.0,0.09817924928725344,,,
2012-08-09,0.0,0.10010742450266848,,,
2012-08-10,0.0,0.10010339617111386,,,
2012-08-11,0.0,0.09830879587066772,,,
2012-08-12,0.0,0.10022351654705078,,,
2012-08-13,0.0,0.10021504402066729,,,
2012-08-14,0.0,0.10477286264829809,,,
2012-08-15,0.0,0.09818751828452055,,,
2012-08-16,0.0,0.10010689013003804,,,
2012-08-17,0.0,0.10010288166373234,,,
2012-08-18,0.0,0.09831643162656324,,,
2012-08-19,0.0,0.10022245022871139,,,
2012-08-20,0.0,0.10021401791087332,,,
2012-08-21,0.0,0.10475112079818528,,,
2012-08-22,0.0,0.09819571253001036,,,
2012-08-23,0.0,0.10010636102781678,,,
2012-08-24,0.0,0.1001023722322146,,,
2012-08-25,0.0,0.09832399876482673,,,
2012-08-26,0.0,0.10022139403523708,,,
2012-08-27,0.0,0.10021300154576074,,,
2012-08-28,0.0,0.10472957614989417,,,
2012-08-29,0.0,0.09820383303228887,,,
2012-08-30,0.0,0.10010583711840051,,,
2012-08-31,0.0,0.10010186780180388,,,
2012-09-01,0.0,0.09833149820568145,,,
2012-09-02,0.0,0.10022034782287524,,,
2012-09-03,0.0,0.10021199478695621,,,
2012-09-04,0.0,0.10470822603207774,,,
2012-09-05,0.0,0.0982118807819235,,,
2012-09-06,0.0,0.10010531832575373,,,
2012-09-07,0.0,0.1001013682992549,,,
2012-09-08,0.0,0.09833893085302918,,,
2012-09-09,0.0,0.1002193114506331,,,
2012-09-10,0.0,0.10021099749874358,,,
2012-09-11,0.0,0.10468706782147455,,,
2012-09-12,0.0,0.09821985675187063,,,
2012-09-13,0.0,0.10010480457535866,,,
2012-09-14,0.0,0.10010087365278496,,,
2012-09-15,0.0,0.09834629759479938,,,
2012-09-16,0.0,0.10021828478020149,,,
2012-09-17,0.0,0.10021000954799017,,,
2012-09-18,0.0,0.10466609894182156,,,
2012-09-19,0.0,0.0982277618978557,,,
2012-09-20,0.0,0.10010429579416893,,,
2012-09-21,0.0,0.100100383792029,,,
2012-09-22,0.0,0.09835359930329166,,,
2012-09-23,0.0,0.100217267675883,,,
2012-09-24,0.0,0.10020903080407775,,,
2012-09-25,0.0,0.10464531686279853,,,
2012-09-26,0.0,0.09823559715874527,,,
2012-09-27,0.0,0.10010379191056627,,,
2012-09-28,0.0,0.10009989864799805,,,
2012-09-29,0.0,0.09836083683551129,,,
2012-09-30,0.0,0.10021626000452426,,,
2012-10-01,0.0,0.10020806113883717,,,
2012-10-02,0.0,0.10462471909900208,,,
2012-10-03,0.0,0.0982433634569111,,,
2012-10-04,0.0,0.10010329285432022,,,
2012-10-05,0.0,0.10009941815304028,,,
2012-10-06,0.0,0.09836801103349738,,,
2012-10-07,0.0,0.10021526163545134,,,
2012-10-08,0.0,0.10020710042648628,,,
2012-10-09,0.0,0.10460430320894855,,,
2012-10-10,0.0,0.09825106169858606,,,
2012-10-11,0.0,0.10010279855655037,,,
2012-10-12,0.0,0.10009894224080464,,,
2012-10-13,0.0,0.09837512272464378,,,
2012-10-14,0.0,0.10021427244040837,,,
2012-10-15,0.0,0.10020614854357072,,,
2012-10-16,0.0,0.10458406679410419,,,
2012-10-17,0.0,0.09825869277421179,,,
2012-10-18,0.0,0.10010230894969063,,,
2012-10-19,0.0,0.10009847084620639,,,
2012-10-20,0.0,0.09838217272201273,,,
2012-10-21,0.0,0.10021329229349861,,,
2012-10-22,0.0,0.10020520536890726,,,
2012-10-23,0.0,0.10456400749794174,,,
2012-10-24,0.0,0.09826625755877805,,,
2012-10-25,0.0,0.10010182396745533,,,
2012-10-26,0.0,0.10009800390539443,,,
2012-10-27,0.0,0.09838916182464096,,,
2012-10-28,0.0,0.10021232107112799,,,
2012-10-29,0.0,0.10020427078352927,,,
2012-10-30,0.0,0.10454412300502235,,,
2012-10-31,0.0,0.09827375691215423,,,
2012-11-01,0.0,0.10010134354480688,,,
2012-11-02,0.0,0.10009754135572016,,,
2012-11-03,0.0,0.09839609081783861,,,
2012-11-04,0.0,0.1002113586519506,,,
2012-11-05,0.0,0.10020334467063445,,,
2012-11-06,0.0,0.10452441104010193,,,
2012-11-07,0.0,0.0982811916794125,,,
2012-11-08,0.0,0.10010086761792487,,,
2012-11-09,0.0,0.10009708313570766,,,
2012-11-10,0.0,0.09840296047348104,,,
2012-11-11,0.0,0.10021040491681636,,,
2012-11-12,0.0,0.10020242691553427,,,
2012-11-13,0.0,0.10450486936726124,,,
2012-11-14,0.0,0.09828856269114328,,,
2012-11-15,0.0,0.10010039612417644,,,
2012-11-16,0.0,0.10009662918502515,,,
2012-11-17,0.0,0.09840977155029348,,,
2012-11-18,0.0,0.10020945974872024,,,
2012-11-19,0.0,0.10020151740560515,,,
2012-11-20,0.0,0.1044854957890586,,,
2012-11-21,0.0,0.09829587076376296,,,
2012-11-22,0.0,0.10009992900208786,,,
2012-11-23,0.0,0.10009617944445759,,,
2012-11-24,0.0,0.09841652479412877,,,
2012-11-25,0.0,0.1002085230327533,,,
2012-11-26,0.0,0.10020061603024136,,,
2012-11-27,0.0,0.10446628814570483,,,
2012-11-28,0.0,0.09830311669981401,,,
2012-11-29,0.0,0.10009946619131689,,,
2012-11-30,0.0,0.10009573385588007,,,
2012-12-01,0.0,0.09842322093823824,,,
2012-12-02,0.0,0.10020759465605515,,,
2012-12-03,0.0,0.10019972268080915,,,
2012-12-04,0.0,0.10444724431425935,,,
2012-12-05,0.0,0.0983103012882576,,,
2012-12-06,0.0,0.10009900763262634,,,
2012-12-07,0.0,0.10009529236223232,,,
2012-12-08,0.0,0.09842986070353606,,,
2012-12-09,0.0,0.10020667450776788,,,
2012-12-10,0.0,0.10019883725060247,,,
2012-12-11,0.0,0.10442836220784708,,,
2012-12-12,0.0,0.09831742530475908,,,
2012-12-13,0.0,0.1000985532678584,,,
2012-12-14,0.0,0.10009485490749394,,,
2012-12-15,0.0,0.09843644479885695,,,
2012-12-16,0.0,0.10020576247899138,,,
2012-12-17,0.0,0.10019795963479992,,,
2012-12-18,0.0,0.10440963977489524,,,
2012-12-19,0.0,0.09832448951196646,,,
2012-12-20,0.0,0.1000981030399098,,,
2012-12-21,0.0,0.10009442143666054,,,
2012-12-22,0.0,0.09844297392120772,,,
2012-12-23,0.0,0.10020485846273997,,,
2012-12-24,0.0,0.10019708973042302,,,
2012-12-25,0.0,0.10439107499838955,,,
2012-12-26,0.0,0.09833149465978182,,,
2012-12-27,0.0,0.10009765689270778,,,
2012-12-28,0.0,0.1000939918957205,,,
2012-12-29,0.0,0.09844944875601253,,,
2012-12-30,0.0,0.10020396235390011,,,
2012-12-31,0.0,0.10019622743629548,,,
2013-01-01,0.0,0.10437266589514939,,,
2013-01-02,0.0,0.09833844148562626,,,
2013-01-03,0.0,0.10009721477118666,,,
2013-01-04,0.0,0.10009356623163244,,,
2013-01-05,0.0,0.09845586997735212,,,
2013-01-06,0.0,0.1002030740491895,,,
2013-01-07,0.0,0.10019537265300384,,,
2013-01-08,0.0,0.1043544105151209,,,
2013-01-09,0.0,0.09834533071469813,,,
2013-01-10,0.0,0.10009677662126523,,,
2013-01-11,0.0,0.10009314439230343,,,
2013-01-12,0.0,0.09846223824819732,,,
2013-01-13,0.0,0.10020219344711721,,,
2013-01-14,0.0,0.10019452528285902,,,
2013-01-15,0.0,0.10433630694068813,,,
2013-01-16,0.0,0.09835216306022508,,,
2013-01-17,0.0,0.10009634238982475,,,
2013-01-18,0.0,0.10009272632656777,,,
2013-01-19,0.0,0.09846855422063668,,,
2013-01-20,0.0,0.10020132044794472,,,
2013-01-21,0.0,0.10019368522985893,,,
2013-01-22,0.0,0.104318353286001,,,
2013-01-23,0.0,0.09835893922370975,,,
2013-01-24,0.0,0.10009591202468753,,,
2013-01-25,0.0,0.1000923119841664,,,
2013-01-26,0.0,0.09847481853609873,,,
2013-01-27,0.0,0.1002004549536483,,,
2013-01-28,0.0,0.10019285239965214,,,
2013-01-29,0.0,0.10430054769632012,,,
2013-01-30,0.0,0.09836565989516974,,,
2013-01-31,0.0,0.1000954854745961,,,
2013-02-01,0.0,0.10009190131572676,,,
2013-02-02,0.0,0.09848103182556874,,,
2013-02-03,0.0,0.10019959686788214,,,
2013-02-04,0.0,0.10019202669950253,,,
2013-02-05,0.0,0.10428288834737787,,,
2013-02-06,0.0,0.09837232575337139,,,
2013-02-07,0.0,0.10009506268919306,,,
2013-02-08,0.0,0.10009149427274344,,,
2013-02-09,0.0,0.0984871947098002,,,
2013-02-10,0.0,0.10019874609594262,,,
2013-02-11,0.0,0.10019120803825467,,,
2013-02-12,0.0,0.1042653734447549,,,
2013-02-13,0.0,0.09837893746605815,,,
2013-02-14,0.0,0.10009464361900133,,,
2013-02-15,0.0,0.1000910908075591,,,
2013-02-16,0.0,0.09849330779952135,,,
2013-02-17,0.0,0.10019790254473332,,,
2013-02-18,0.0,0.10019039632630033,,,
2013-02-19,0.0,0.10424800122327213,,,
2013-02-20,0.0,0.09838549569017341,,,
2013-02-21,0.0,0.100094228215405,,,
2013-02-22,0.0,0.10009069087334604,,,
2013-02-23,0.0,0.09849937169563655,,,
2013-02-24,0.0,0.10019706612273106,,,
2013-02-25,0.0,0.10018959147554574,,,
2013-02-26,0.0,0.10423076994639748,,,
2013-02-27,0.0,0.09839200107207768,,,
2013-02-28,0.0,0.10009381643063066,,,
2013-03-01,0.0,0.10009029442408823,,,
2013-03-02,0.0,0.098505386989423,,,
2013-03-03,0.0,0.10019623673995284,,,
2013-03-04,0.0,0.10018879339937967,,,
2013-03-05,0.0,0.104213677905667,,,
2013-03-06,0.0,0.09839845424776102,,,
2013-03-07,0.0,0.10009340821772929,,,
2013-03-08,0.0,0.10008990141456381,,,
2013-03-09,0.0,0.09851135426272259,,,
2013-03-10,0.0,0.1001954143079234,,,
2013-03-11,0.0,0.10018800201264234,,,
2013-03-12,0.0,0.10419672342011996,,,
2013-03-13,0.0,0.09840485584304991,,,
2013-03-14,0.0,0.1000930035305585,,,
2013-03-15,0.0,0.10008951180032807,,,
2013-03-16,0.0,0.09851727408812941,,,
2013-03-17,0.0,0.10019459873964397,,,
2013-03-18,0.0,0.10018721723159527,,,
2013-03-19,0.0,0.10417990483574761,,,
2013-03-20,0.0,0.09841120647380956,,,
2013-03-21,0.0,0.10009260232376538,,,
2013-03-22,0.0,0.10008912553769679,,,
2013-03-23,0.0,0.09852314702917259,,,
2013-03-24,0.0,0.10019378994956137,,,
2013-03-25,0.0,0.10018643897389146,,,
2013-03-26,0.0,0.10416322052495508,,,
2013-03-27,0.0,0.09841750674614123,,,
2013-03-28,0.0,0.10009220455276965,,,
2013-03-29,0.0,0.10008874258373011,,,
2013-03-30,0.0,0.09852897364049487,,,
2013-03-31,0.0,0.10019298785353825,,,
2013-04-01,0.0,0.10018566715854689,,,
2013-04-02,0.0,0.10414666888603615,,,
2013-04-03,0.0,0.0984237572565749,,,
2013-04-04,0.0,0.10009181017374734,,,
2013-04-05,0.0,0.1000883628962168,,,
2013-04-06,0.0,0.09853475446802722,,,
2013-04-07,0.0,0.10019219236882389,,,
2013-04-08,0.0,0.10018490170591227,,,
2013-04-09,0.0,0.10413024834266052,,,
2013-04-10,0.0,0.0984299585922574,,,
2013-04-11,0.0,0.10009141914361479,,,
2013-04-12,0.0,0.10008798643365877,,,
2013-04-13,0.0,0.09854049004915892,,,
2013-04-14,0.0,0.10019140341402565,,,
2013-04-15,0.0,0.10018414253764568,,,
2013-04-16,0.0,0.10411395734337321,,,
2013-04-17,0.0,0.09843611133113617,,,
2013-04-18,0.0,0.10009103142001316,,,
2013-04-19,0.0,0.10008761315525624,,,
2013-04-20,0.0,0.09854618091290407,,,
2013-04-21,0.0,0.10019062090908135,,,
2013-04-22,0.0,0.10018338957668588,,,
2013-04-23,0.0,0.10409779436110574,,,
2013-04-24,0.0,0.0984422160421387,,,
2013-04-25,0.0,0.10009064696129329,,,
2013-04-26,0.0,0.10008724302089309,,,
2013-04-27,0.0,0.09855182758006399,,,
2013-04-28,0.0,0.1001898447752321,,,
2013-04-29,0.0,0.10018264274722621,,,
2013-04-30,0.0,0.10408175789269886,,,
2013-05-01,0.0,0.09844827328534773,,,
2013-05-02,0.0,0.10009026572650087,,,
2013-05-03,0.0,0.10008687599112258,,,
2013-05-04,0.0,0.09855743056338599,,,
2013-05-05,0.0,0.10018907493499597,,,
2013-05-06,0.0,0.10018190197468917,,,
2013-05-07,0.0,0.10406584645843633,,,
2013-05-08,0.0,0.09845428361217251,,,
2013-05-09,0.0,0.10008988767536207,,,
2013-05-10,0.0,0.1000865120271535,,,
2013-05-11,0.0,0.09856299036771834,,,
2013-05-12,0.0,0.1001883113121421,,,
2013-05-13,0.0,0.10018116718570162,,,
2013-05-14,0.0,0.10405005860158976,,,
2013-05-15,0.0,0.09846024756551593,,,
2013-05-16,0.0,0.10008951276826955,,,
2013-05-17,0.0,0.10008615109083675,,,
2013-05-18,0.0,0.0985685074901619,,,
2013-05-19,0.0,0.10018755383166572,,,
2013-05-20,0.0,0.10018043830807061,,,
2013-05-21,0.0,0.10403439288797381,,,
2013-05-22,0.0,0.09846616567993793,,,
2013-05-23,0.0,0.10008914096626857,,,
2013-05-24,0.0,0.1000857931446519,,,
2013-05-25,0.0,0.09857398242021786,,,
2013-05-26,0.0,0.1001868024197634,,,
2013-05-27,0.0,0.10017971527075967,,,
2013-05-28,0.0,0.10401884790551176,,,
2013-05-29,0.0,0.09847203848181521,,,
2013-05-30,0.0,0.10008877223104394,,,
2013-05-31,0.0,0.10008543815169456,,,
2013-06-01,0.0,0.09857941563993275,,,
2013-06-02,0.0,0.10018605700380928,,,
2013-06-03,0.0,0.1001789980038658,,,
2013-06-04,0.0,0.10400342226381121,,,
2013-06-05,0.0,0.09847786648949702,,,
2013-06-06,0.0,0.10008840652490665,,,
2013-06-07,0.0,0.10008508607566366,,,
2013-06-08,0.0,0.09858480762403941,,,
2013-06-09,0.0,0.10018531751233155,,,
2013-06-10,0.0,0.10017828643859693,,,
2013-06-11,0.0,0.10398811459374924,,,
2013-06-12,0.0,0.0984836502134577,,,
2013-06-13,0.0,0.10008804381078133,,,
2013-06-14,0.0,0.10008473688084925,,,
2013-06-15,0.0,0.09859015884009535,,,
2013-06-16,0.0,0.10018458387498967,,,
2013-06-17,0.0,0.10017758050724992,,,
2013-06-18,0.0,0.10397292354706732,,,
2013-06-19,0.0,0.09848939015644557,,,
2013-06-20,0.0,0.10008768405219384,,,
2013-06-21,0.0,0.10008439053212048,,,
2013-06-22,0.0,0.09859546974861769,,,
2013-06-23,0.0,0.10018385602255205,,,
2013-06-24,0.0,0.10017688014318914,,,
2013-06-25,0.0,0.10395784779597533,,,
2013-06-26,0.0,0.09849508681362867,,,
2013-06-27,0.0,0.10008732721325911,,,
2013-06-28,0.0,0.1000840469949141,,,
2013-06-29,0.0,0.09860074080321524,,,
2013-06-30,0.0,0.10018313388687439,,,
2013-07-01,0.0,0.10017618528082556,,,
2013-07-02,0.0,0.10394288603276466,,,
2013-07-03,0.0,0.0985007406727369,,,
2013-07-04,0.0,0.10008697325866935,,,
2013-07-05,0.0,0.1000837062352229,,,
2013-07-06,0.0,0.0986059724507174,,,
2013-07-07,0.0,0.10018241740087828,,,
2013-07-08,0.0,0.10017549585559618,,,
2013-07-09,0.0,0.10392803696942979,,,
2013-07-10,0.0,0.09850635221420118,,,
2013-07-11,0.0,0.10008662215368247,,,
2013-07-12,0.0,0.10008336821958465,,,
2013-07-13,0.0,0.09861116513130035,,,
2013-07-14,0.0,0.10018170649853052,,,
2013-07-15,0.0,0.10017481180394411,,,
2013-07-16,0.0,0.1039132993372987,,,
2013-07-17,0.0,0.0985119219112895,,,
2013-07-18,0.0,0.10008627386411088,,,
2013-07-19,0.0,0.10008303291507124,,,
2013-07-20,0.0,0.09861631927861049,,,
2013-07-21,0.0,0.10018100111482284,,,
2013-07-22,0.0,0.10017413306329909,,,
2013-07-23,0.0,0.1038986718866715,,,
2013-07-24,0.0,0.09851745023023992,,,
2013-07-25,0.0,0.10008592835631044,,,
2013-07-26,0.0,0.10008270028927815,,,
2013-07-27,0.0,0.0986214353198849,,,
2013-07-28,0.0,0.10018030118575208,,,
2013-07-29,0.0,0.1001734595720583,,,
2013-07-30,0.0,0.10388415338646695,,,
2013-07-31,0.0,0.09852293763039048,,,
2013-08-01,0.0,0.10008558559716975,,,
2013-08-02,0.0,0.10008237031031399,,,
2013-08-03,0.0,0.09862651367606937,,,
2013-08-04,0.0,0.10017960664830083,,,
2013-08-05,0.0,0.10017279126956781,,,
2013-08-06,0.0,0.10386974262387702,,,
2013-08-07,0.0,0.09852838456430647,,,
2013-08-08,0.0,0.10008524555409962,,,
2013-08-09,0.0,0.10008204294679046,,,
2013-08-10,0.0,0.09863155476193369,,,
2013-08-11,0.0,0.10017891744041853,,,
2013-08-12,0.0,0.10017212809610446,,,
2013-08-13,0.0,0.10385543840402918,,,
2013-08-14,0.0,0.09853379147790475,,,
2013-08-15,0.0,0.10008490819502294,,,
2013-08-16,0.0,0.10008171816781257,,,
2013-08-17,0.0,0.0986365589861846,,,
2013-08-18,0.0,0.10017823350100304,,,
2013-08-19,0.0,0.10017146999285789,,,
2013-08-20,0.0,0.1038412395496559,,,
2013-08-21,0.0,0.0985391588105753,,,
2013-08-22,0.0,0.10008457348836455,,,
2013-08-23,0.0,0.10008139594296885,,,
2013-08-24,0.0,0.09864152675157602,,,
2013-08-25,0.0,0.10017755476988252,,,
2013-08-26,0.0,0.10017081690191337,,,
2013-08-27,0.0,0.1038271449007718,,,
2013-08-28,0.0,0.09854448699530033,,,
2013-08-29,0.0,0.10008424140304165,,,
2013-08-30,0.0,0.10008107624232207,,,
2013-08-31,0.0,0.09864645845501704,,,
2013-09-01,0.0,0.10017688118779791,,,
2013-09-02,0.0,0.10017016876623469,,,
2013-09-03,0.0,0.10381315331435739,,,
2013-09-04,0.0,0.09854977645877051,,,
2013-09-05,0.0,0.10008391190845406,,,
2013-09-06,0.0,0.10008075903640003,,,
2013-09-07,0.0,0.09865135448767762,,,
2013-09-08,0.0,0.10017621269638555,,,
2013-09-09,0.0,0.1001695255296476,,,
2013-09-10,0.0,0.10379926366405025,,,
2013-09-11,0.0,0.09855502762149891,,,
2013-09-12,0.0,0.10008358497447507,,,
2013-09-13,0.0,0.10008044429618651,,,
2013-09-14,0.0,0.0986562152350918,,,
2013-09-15,0.0,0.10017554923816042,,,
2013-09-16,0.0,0.10016888713682359,,,
2013-09-17,0.0,0.10378547483984252,,,
2013-09-18,0.0,0.09856024089793229,,,
2013-09-19,0.0,0.10008326057144223,,,
2013-09-20,0.0,0.10008013199311257,,,
2013-09-21,0.0,0.0986610410772589,,,
2013-09-22,0.0,0.10017489075649967,,,
2013-09-23,0.0,0.10016825353326408,,,
2013-09-24,0.0,0.10377178574778523,,,
2013-09-25,0.0,0.09856541669656017,,,
2013-09-26,0.0,0.10008293867014854,,,
2013-09-27,0.0,0.10007982209904799,,,
2013-09-28,0.0,0.09866583238874246,,,
2013-09-29,0.0,0.1001742371956265,,,
2013-09-30,0.0,0.10016762466528482,,,
2013-10-01,0.0,0.10375819530969886,,,
2013-10-02,0.0,0.09857055542002141,,,
2013-10-03,0.0,0.10008261924183368,,,
2013-10-04,0.0,0.10007951458629286,,,
2013-10-05,0.0,0.09867058953876702,,,
2013-10-06,0.0,0.10017358850059438,,,
2013-10-07,0.0,0.10016700048000085,,,
2013-10-08,0.0,0.1037447024628902,,,
2013-10-09,0.0,0.0985756574652086,,,
2013-10-10,0.0,0.10008230225817556,,,
2013-10-11,0.0,0.10007920942756938,,,
2013-10-12,0.0,0.09867531289131293,,,
2013-10-13,0.0,0.1001729446172717,,,
2013-10-14,0.0,0.1001663809253116,,,
2013-10-15,0.0,0.10373130615987533,,,
2013-10-16,0.0,0.09858072322337019,,,
2013-10-17,0.0,0.10008198769128207,,,
2013-10-18,0.0,0.10007890659601397,,,
2013-10-19,0.0,0.0986800028052091,,,
2013-10-20,0.0,0.10017230549232681,,,
2013-10-21,0.0,0.10016576594988646,,,
2013-10-22,0.0,0.1037180053681084,,,
2013-10-23,0.0,0.09858575308021043,,,
2013-10-24,0.0,0.10008167551368286,,,
2013-10-25,0.0,0.1000786060651693,,,
2013-10-26,0.0,0.09868465963422379,,,
2013-10-27,0.0,0.10017167107321309,,,
2013-10-28,0.0,0.10016515550315058,,,
2013-10-29,0.0,0.10370479906971639,,,
2013-10-30,0.0,0.09859074741598726,,,
2013-10-31,0.0,0.10008136569832152,,,
2013-11-01,0.0,0.10007830780897682,,,
2013-11-02,0.0,0.09868928372715349,,,
2013-11-03,0.0,0.10017104130815475,,,
2013-11-04,0.0,0.10016454953527099,,,
2013-11-05,0.0,0.1036916862612392,,,
2013-11-06,0.0,0.09859570660560801,,,
2013-11-07,0.0,0.10008105821854775,,,
2013-11-08,0.0,0.10007801180176915,,,
2013-11-09,0.0,0.09869387542790996,,,
2013-11-10,0.0,0.10017041614613267,,,
2013-11-11,0.0,0.10016394799714311,,,
2013-11-12,0.0,0.10367866595337566,,,
2013-11-13,0.0,0.09860063101872327,,,
2013-11-14,0.0,0.1000807530481098,,,
2013-11-15,0.0,0.10007771801826283,,,
2013-11-16,0.0,0.09869843507560536,,,
2013-11-17,0.0,0.10016979553687062,,,
2013-11-18,0.0,0.10016335084037746,,,
2013-11-19,0.0,0.10366573717073449,,,
2013-11-20,0.0,0.09860552101981858,,,
2013-11-21,0.0,0.1000804501611471,,,
2013-11-22,0.0,0.10007742643355125,,,
2013-11-23,0.0,0.09870296300463575,,,
2013-11-24,0.0,0.10016917943082183,,,
2013-11-25,0.0,0.10016275801728672,,,
2013-11-26,0.0,0.10365289895159076,,,
2013-11-27,0.0,0.09861037696830444,,,
2013-11-28,0.0,0.10008014953218297,,,
2013-11-29,0.0,0.1000771370230975,,,
2013-11-30,0.0,0.0987074595447627,,,
2013-12-01,0.0,0.10016856777915575,,,
2013-12-02,0.0,0.10016216948087289,,,
2013-12-03,0.0,0.10364015034764722,,,
2013-12-04,0.0,0.09861519921860415,,,
2013-12-05,0.0,0.1000798511361175,,,
2013-12-06,0.0,0.10007684976272775,,,
2013-12-07,0.0,0.09871192502119336,,,
2013-12-08,0.0,0.1001679605337452,,,
2013-12-09,0.0,0.10016158518481517,,,
2013-12-10,0.0,0.10362749042380104,,,
2013-12-11,0.0,0.09861998812024023,,,
2013-12-12,0.0,0.10007955494822078,,,
2013-12-13,0.0,0.10007656462862441,,,
2013-12-14,0.0,0.09871635975465874,,,
2013-12-15,0.0,0.10016735764715377,,,
2013-12-16,0.0,0.10016100508345752,,,
2013-12-17,0.0,0.10361491825791477,,,
2013-12-18,0.0,0.09862474401791864,,,
2013-12-19,0.0,0.10007926094412592,,,
2013-12-20,0.0,0.10007628159731971,,,
2013-12-21,0.0,0.09872076406149045,,,
2013-12-22,0.0,0.10016675907262342,,,
2013-12-23,0.0,0.10016042913179696,,,
2013-12-24,0.0,0.10360243294059267,,,
2013-12-25,0.0,0.09862946725161152,,,
2013-12-26,0.0,0.10007896909982257,,,
2013-12-27,0.0,0.10007600064568929,,,
2013-12-28,0.0,0.09872513825369593,,,
2013-12-29,0.0,0.10016616476406244,,,
2013-12-30,0.0,0.10015985728547186,,,
2013-12-31,0.0,0.10359003357496123,,,
2014-01-01,0.0,0.09863415815663822,,,
2014-01-02,0.0,0.1000786793916504,,,
2014-01-03,0.0,0.10007572175094587,,,
2014-01-04,0.0,0.09872948263903196,,,
2014-01-05,0.0,0.10016557467603361,,,
2014-01-06,0.0,0.10015928950075059,,,
2014-01-07,0.0,0.1035777192764544,,,
2014-01-08,0.0,0.09863881706374443,,,
2014-01-09,0.0,0.10007839179629265,,,
2014-01-10,0.0,0.10007544489063326,,,
2014-01-11,0.0,0.09873379752107687,,,
2014-01-12,0.0,0.10016498876374262,,,
2014-01-13,0.0,0.10015872573452037,,,
2014-01-14,0.0,0.10356548917260319,,,
2014-01-15,0.0,0.09864344429918014,,,
2014-01-16,0.0,0.10007810629077014,,,
2014-01-17,0.0,0.10007517004262032,,,
2014-01-18,0.0,0.09873808319930118,,,
2014-01-19,0.0,0.10016440698302675,,,
2014-01-20,0.0,0.10015816594427632,,,
2014-01-21,0.0,0.1035533424028296,,,
2014-01-22,0.0,0.09864804018477556,,,
2014-01-23,0.0,0.10007782285243498,,,
2014-01-24,0.0,0.10007489718509507,,,
2014-01-25,0.0,0.09874233996913678,,,
2014-01-26,0.0,0.10016382929034379,,,
2014-01-27,0.0,0.10015761008811086,,,
2014-01-28,0.0,0.10354127811824465,,,
2014-01-29,0.0,0.09865260503801578,,,
2014-01-30,0.0,0.10007754145896477,,,
2014-01-31,0.0,0.1000746262965591,,,
2014-02-01,0.0,0.09874656812204488,,,
2014-02-02,0.0,0.10016325564276111,,,
2014-02-03,0.0,0.1001570581247032,,,
2014-02-04,0.0,0.10352929548145065,,,
2014-02-05,0.0,0.09865713917211387,,,
2014-02-06,0.0,0.10007726208835674,,,
2014-02-07,0.0,0.10007435735582182,,,
2014-02-08,0.0,0.0987507679455824,,,
2014-02-09,0.0,0.10016268599794517,,,
2014-02-10,0.0,0.10015651001330914,,,
2014-02-11,0.0,0.10351739366634735,,,
2014-02-12,0.0,0.09866164289608241,,,
2014-02-13,0.0,0.10007698471892201,,,
2014-02-14,0.0,0.10007409034199505,,,
2014-02-15,0.0,0.09875493972346709,,,
2014-02-16,0.0,0.10016212031415096,,,
2014-02-17,0.0,0.10015596571375102,,,
2014-02-18,0.0,0.10350557185794207,,,
2014-02-19,0.0,0.09866611651480371,,,
2014-02-20,0.0,0.10007670932928009,,,
2014-02-21,0.0,0.1000738252344876,,,
2014-02-22,0.0,0.09875908373564143,,,
2014-02-23,0.0,0.10016155855021185,,,
2014-02-24,0.0,0.10015542518640788,,,
2014-02-25,0.0,0.1034938292521636,,,
2014-02-26,0.0,0.09867056032909856,,,
2014-02-27,0.0,0.10007643589835342,,,
2014-02-28,0.0,0.10007356201300016,,,
2014-03-01,0.0,0.09876320025833525,,,
2014-03-02,0.0,0.10016100066552973,,,
2014-03-03,0.0,0.100154888392206,,,
2014-03-04,0.0,0.10348216505567996,,,
2014-03-05,0.0,0.09867497463579372,,,
2014-03-06,0.0,0.10007616440536202,,,
2014-03-07,0.0,0.10007330065751999,,,
2014-03-08,0.0,0.09876728956412695,,,
2014-03-09,0.0,0.10016044662006506,,,
2014-03-10,0.0,0.1001543552926093,,,
2014-03-11,0.0,0.10347057848571957,,,
2014-03-12,0.0,0.09867935972778781,,,
2014-03-13,0.0,0.10007589482981827,,,
2014-03-14,0.0,0.10007304114831599,,,
2014-03-15,0.0,0.0987713519220037,,,
2014-03-16,0.0,0.1001598963743274,,,
2014-03-17,0.0,0.10015382584961023,,,
2014-03-18,0.0,0.10345906876989618,,,
2014-03-19,0.0,0.0986837158941162,,,
2014-03-20,0.0,0.10007562715152175,,,
2014-03-21,0.0,0.1000727834659337,,,
2014-03-22,0.0,0.09877538759742036,,,
2014-03-23,0.0,0.10015934988936599,,,
2014-03-24,0.0,0.10015330002572072,,,
2014-03-25,0.0,0.10344763514603715,,,
2014-03-26,0.0,0.09868804342001446,,,
2014-03-27,0.0,0.10007536135055432,,,
2014-03-28,0.0,0.10007252759119058,,,
2014-03-29,0.0,0.09877939685235723,,,
2014-03-30,0.0,0.10015880712676058,,,
2014-03-31,0.0,0.10015277778396334,,,
2014-04-01,0.0,0.10343627686201524,,,
2014-04-02,0.0,0.09869234258698055,,,
2014-04-03,0.0,0.10007509740727515,,,
2014-04-04,0.0,0.10007227350517114,,,
2014-04-05,0.0,0.09878337994537678,,,
2014-04-06,0.0,0.10015826804861239,,,
2014-04-07,0.0,0.10015225908786259,,,
2014-04-08,0.0,0.10342499317558357,,,
2014-04-09,0.0,0.0986966136728359,,,
2014-04-10,0.0,0.10007483530231592,,,
2014-04-11,0.0,0.10007202118922245,,,
2014-04-12,0.0,0.09878733713167909,,,
2014-04-13,0.0,0.10015773261753536,,,
2014-04-14,0.0,0.10015174390143647,,,
2014-04-15,0.0,0.1034137833542139,,,
2014-04-16,0.0,0.09870085695178508,,,
2014-04-17,0.0,0.1000745750165761,,,
2014-04-18,0.0,0.10007177062494953,,,
2014-04-19,0.0,0.0987912686631564,,,
2014-04-20,0.0,0.10015720079664744,,,
2014-04-21,0.0,0.10015123218918816,,,
2014-04-22,0.0,0.10340264667493825,,,
2014-04-23,0.0,0.09870507269447477,,,
2014-04-24,0.0,0.10007431653121851,,,
2014-04-25,0.0,0.10007152179421097,,,
2014-04-26,0.0,0.09879517478844657,,,
2014-04-27,0.0,0.10015667254956227,,,
2014-04-28,0.0,0.10015072391609788,,,
2014-04-29,0.0,0.10339158242419316,,,
2014-04-30,0.0,0.09870926116805093,,,
2014-05-01,0.0,0.10007405982766454,,,
2014-05-02,0.0,0.10007127467911454,,,
2014-05-03,0.0,0.09879905575298531,,,
2014-05-04,0.0,0.10015614784038064,,,
2014-05-05,0.0,0.10015021904761483,,,
2014-05-06,0.0,0.10338058989766753,,,
2014-05-07,0.0,0.09871342263621538,,,
2014-05-08,0.0,0.10007380488758996,,,
2014-05-09,0.0,0.10007102926201293,,,
2014-05-10,0.0,0.09880291179905765,,,
2014-05-11,0.0,0.10015562663368258,,,
2014-05-12,0.0,0.10014971754964945,,,
2014-05-13,0.0,0.10336966840015288,,,
2014-05-14,0.0,0.09871755735928117,,,
2014-05-15,0.0,0.10007355169292047,,,
2014-05-16,0.0,0.10007078552549963,,,
2014-05-17,0.0,0.09880674316584832,,,
2014-05-18,0.0,0.10015510889451928,,,
2014-05-19,0.0,0.10014921938856572,,,
2014-05-20,0.0,0.103358817245397,,,
2014-05-21,0.0,0.09872166559422668,,,
2014-05-22,0.0,0.10007330022582746,,,
2014-05-23,0.0,0.10007054345240476,,,
2014-05-24,0.0,0.09881055008949119,,,
2014-05-25,0.0,0.10015459458840535,,,
2014-05-26,0.0,0.10014872453117363,,,
2014-05-27,0.0,0.10334803575595998,,,
2014-05-28,0.0,0.09872574759474896,,,
2014-05-29,0.0,0.10007305046872393,,,
2014-05-30,0.0,0.10007030302579116,,,
2014-05-31,0.0,0.09881433280311767,,,
2014-06-01,0.0,0.10015408368131108,,,
2014-06-02,0.0,0.10014823294472182,,,
2014-06-03,0.0,0.10333732326307338,,,
2014-06-04,0.0,0.09872980361131592,,,
2014-06-05,0.0,0.10007280240426035,,,
2014-06-06,0.0,0.10007006422895043,,,
2014-06-07,0.0,0.09881809153690439,,,
2014-06-08,0.0,0.10015357613965502,,,
2014-06-09,0.0,0.10014774459689035,,,
2014-06-10,0.0,0.10332667910650174,,,
2014-06-11,0.0,0.09873383389121745,,,
2014-06-12,0.0,0.10007255601532065,,,
2014-06-13,0.0,0.10006982704539902,,,
2014-06-14,0.0,0.09882182651811972,,,
2014-06-15,0.0,0.10015307193029654,,,
2014-06-16,0.0,0.10014725945578369,,,
2014-06-17,0.0,0.10331610263440705,,,
2014-06-18,0.0,0.0987378386786158,,,
2014-06-19,0.0,0.10007231128501848,,,
2014-06-20,0.0,0.10006959145887462,,,
2014-06-21,0.0,0.09882553797116968,,,
2014-06-22,0.0,0.10015257102052878,,,
2014-06-23,0.0,0.10014677748992366,,,
2014-06-24,0.0,0.10330559320321567,,,
2014-06-25,0.0,0.09874181821459477,,,
2014-06-26,0.0,0.10007206819669315,,,
2014-06-27,0.0,0.10006935745333233,,,
2014-06-28,0.0,0.0988292261176428,,,
2014-06-29,0.0,0.10015207337807135,,,
2014-06-30,0.0,0.10014629866824269,,,
2014-07-01,0.0,0.10329515017748757,,,
2014-07-02,0.0,0.09874577273720804,,,
2014-07-03,0.0,0.10007182673390598,,,
2014-07-04,0.0,0.10006912501294105,,,
2014-07-05,0.0,0.09883289117635413,,,
2014-07-06,0.0,0.10015157897106358,,,
2014-07-07,0.0,0.10014582296007718,,,
2014-07-08,0.0,0.10328477292978851,,,
2014-07-09,0.0,0.09874970248152673,,,
2014-07-10,0.0,0.10007158688043666,,,
2014-07-11,0.0,0.10006889412208003,,,
2014-07-12,0.0,0.0988365333633886,,,
2014-07-13,0.0,0.10015108776805765,,,
2014-07-14,0.0,0.10014535033516088,,,
2014-07-15,0.0,0.10327446084056416,,,
2014-07-16,0.0,0.09875360767968591,,,
2014-07-17,0.0,0.10007134862027962,,,
2014-07-18,0.0,0.10006866476533537,,,
2014-07-19,0.0,0.09884015289214342,,,
2014-07-20,0.0,0.10015059973801196,,,
2014-07-21,0.0,0.10014488076361856,,,
2014-07-22,0.0,0.10326421329801681,,,
2014-07-23,0.0,0.09875748856093025,,,
2014-07-24,0.0,0.10007111193764043,,,
2014-07-25,0.0,0.1000684369274965,,,
2014-07-26,0.0,0.09884374997336967,,,
2014-07-27,0.0,0.10015011485028454,,,
2014-07-28,0.0,0.10014441421595965,,,
2014-07-29,0.0,0.10325402969798445,,,
2014-07-30,0.0,0.09876134535165892,,,
2014-07-31,0.0,0.10007087681693243,,,
2014-08-01,0.0,0.10006821059355302,,,
2014-08-02,0.0,0.09884732481521327,,,
2014-08-03,0.0,0.1001496330746267,,,
2014-08-04,0.0,0.10014395066307206,,,
2014-08-05,0.0,0.10324390944382185,,,
2014-08-06,0.0,0.09876517827546956,,,
2014-08-07,0.0,0.10007064324277322,,,
2014-08-08,0.0,0.10006798574869122,,,
2014-08-09,0.0,0.09885087762325506,,,
2014-08-10,0.0,0.10014915438117668,,,
2014-08-11,0.0,0.10014349007621622,,,
2014-08-12,0.0,0.10323385194628416,,,
2014-08-13,0.0,0.0987689875532015,,,
2014-08-14,0.0,0.10007041119998145,,,
2014-08-15,0.0,0.10006776237829108,,,
2014-08-16,0.0,0.09885440860055021,,,
2014-08-17,0.0,0.10014867874045355,,,
2014-08-18,0.0,0.10014303242701904,,,
2014-08-19,0.0,0.10322385662341249,,,
2014-08-20,0.0,0.09877277340297817,,,
2014-08-21,0.0,0.10007018067357347,,,
2014-08-22,0.0,0.10006754046792299,,,
2014-08-23,0.0,0.09885791794766682,,,
2014-08-24,0.0,0.1001482061233511,,,
2014-08-25,0.0,0.10014257768746813,,,
2014-08-26,0.0,0.10321392290042154,,,
2014-08-27,0.0,0.09877653604024866,,,
2014-08-28,0.0,0.10006995164876012,,,
2014-08-29,0.0,0.10006732000334466,,,
2014-08-30,0.0,0.09886140586272393,,,
2014-08-31,0.0,0.10014773650113193,,,
2014-09-01,0.0,0.1001421258299061,,,
2014-09-02,0.0,0.10320405020958956,,,
2014-09-03,0.0,0.09878027567782863,,,
2014-09-04,0.0,0.10006972411094367,,,
2014-09-05,0.0,0.10006710097049819,,,
2014-09-06,0.0,0.0988648725414288,,,
2014-09-07,0.0,0.10014726984542162,,,
2014-09-08,0.0,0.10014167682702492,,,
2014-09-09,0.0,0.10319423799015005,,,
2014-09-10,0.0,0.09878399252594044,,,
2014-09-11,0.0,0.10006949804571467,,,
2014-09-12,0.0,0.10006688335550704,,,
2014-09-13,0.0,0.09886831817711346,,,
2014-09-14,0.0,0.10014680612820305,,,
2014-09-15,0.0,0.10014123065186047,,,
2014-09-16,0.0,0.10318448568818563,,,
2014-09-17,0.0,0.09878768679225243,,,
2014-09-18,0.0,0.10006927343884893,,,
2014-09-19,0.0,0.10006666714467305,,,
2014-09-20,0.0,0.09887174296077059,,,
2014-09-21,0.0,0.10014634532181076,,,
2014-09-22,0.0,0.10014078727778708,,,
2014-09-23,0.0,0.1031747927565237,,,
2014-09-24,0.0,0.09879135868191768,,,
2014-09-25,0.0,0.10006905027630456,,,
2014-09-26,0.0,0.10006645232447373,,,
2014-09-27,0.0,0.09887514708108887,,,
2014-09-28,0.0,0.10014588739892544,,,
2014-09-29,0.0,0.10014034667851231,,,
2014-09-30,0.0,0.10316515865463431,,,
2014-10-01,0.0,0.09879500839761199,,,
2014-10-02,0.0,0.10006882854421911,,,
2014-10-03,0.0,0.10006623888155937,,,
2014-10-04,0.0,0.09887853072448757,,,
2014-10-05,0.0,0.10014543233256858,,,
2014-10-06,0.0,0.10013990882807168,,,
2014-10-07,0.0,0.10315558284852933,,,
2014-10-08,0.0,0.09879863613957099,,,
2014-10-09,0.0,0.10006860822890665,,,
2014-10-10,0.0,0.10006602680275029,,,
2014-10-11,0.0,0.09888189407515055,,,
2014-10-12,0.0,0.1001449800960971,,,
2014-10-13,0.0,0.10013947370082361,,,
2014-10-14,0.0,0.10314606481066405,,,
2014-10-15,0.0,0.09880224210562698,,,
2014-10-16,0.0,0.10006838931685504,,,
2014-10-17,0.0,0.10006581607503419,,,
2014-10-18,0.0,0.09888523731505972,,,
2014-10-19,0.0,0.10014453066319824,,,
2014-10-20,0.0,0.10013904127144448,,,
2014-10-21,0.0,0.10313660401984015,,,
2014-10-22,0.0,0.09880582649124471,,,
2014-10-23,0.0,0.1000681717947231,,,
2014-10-24,0.0,0.10006560668556344,,,
2014-10-25,0.0,0.09888856062402773,,,
2014-10-26,0.0,0.10014408400788442,,,
2014-10-27,0.0,0.10013861151492352,,,
2014-10-28,0.0,0.10312719996111062,,,
2014-10-29,0.0,0.09880938948955675,,,
2014-10-30,0.0,0.10006795564933803,,,
2014-10-31,0.0,0.10006539862165262,,,
2014-11-01,0.0,0.09889186417973038,,,
2014-11-02,0.0,0.10014364010448823,,,
2014-11-03,0.0,0.10013818440655829,,,
2014-11-04,0.0,0.10311785212568626,,,
2014-11-05,0.0,0.09881293129139819,,,
2014-11-06,0.0,0.10006774086769267,,,
2014-11-07,0.0,0.10006519187077577,,,
2014-11-08,0.0,0.09889514815773805,,,
2014-11-09,0.0,0.10014319892765748,,,
2014-11-10,0.0,0.10013775992194968,,,
2014-11-11,0.0,0.1031085600108439,,,
2014-11-12,0.0,0.09881645208534062,,,
2014-11-13,0.0,0.10006752743694294,,,
2014-11-14,0.0,0.10006498642056408,,,
2014-11-15,0.0,0.09889841273154693,,,
2014-11-16,0.0,0.10014276045235045,,,
2014-11-17,0.0,0.1001373380369974,,,
2014-11-18,0.0,0.10309932311983629,,,
2014-11-19,0.0,0.09881995205772566,,,
2014-11-20,0.0,0.10006731534440531,,,
2014-11-21,0.0,0.10006478225880333,,,
2014-11-22,0.0,0.0989016580726095,,,
2014-11-23,0.0,0.1001423246538311,,,
2014-11-24,0.0,0.10013691872789537,,,
2014-11-25,0.0,0.10309014096180358,,,
2014-11-26,0.0,0.09882343139269781,,,
2014-11-27,0.0,0.1000671045775543,,,
2014-11-28,0.0,0.10006457937343155,,,
2014-11-29,0.0,0.09890488435036458,,,
2014-11-30,0.0,0.10014189150766444,,,
2014-12-01,0.0,0.10013650197112729,,,
2014-12-02,0.0,0.10308101305168628,,,
2014-12-03,0.0,0.09882689027223666,,,
2014-12-04,0.0,0.10006689512401996,,,
2014-12-05,0.0,0.10006437775253654,,,
2014-12-06,0.0,0.09890809173226668,,,
2014-12-07,0.0,0.10014146098971188,,,
2014-12-08,0.0,0.10013608774346218,,,
2014-12-09,0.0,0.10307193891013994,,,
2014-12-10,0.0,0.09883032887618874,,,
2014-12-11,0.0,0.10006668697158562,,,
2014-12-12,0.0,0.10006417738435376,,,
2014-12-13,0.0,0.09891128038381511,,,
2014-12-14,0.0,0.10014103307612694,,,
2014-12-15,0.0,0.10013567602195013,,,
2014-12-16,0.0,0.10306291806345112,,,
2014-12-17,0.0,0.09883374738229858,,,
2014-12-18,0.0,0.10006648010818535,,,
2014-12-19,0.0,0.10006397825726387,,,
2014-12-20,0.0,0.09891445046858238,,,
2014-12-21,0.0,0.1001406077433507,,,
2014-12-22,0.0,0.10013526678391808,,,
2014-12-23,0.0,0.10305395004345506,,,
2014-12-24,0.0,0.09883714596623938,,,
2014-12-25,0.0,0.1000662745219018,,,
2014-12-26,0.0,0.10006378035979058,,,
2014-12-27,0.0,0.09891760214824212,,,
2014-12-28,0.0,0.1001401849681075,,,
2014-12-29,0.0,0.10013486000696556,,,
2014-12-30,0.0,0.10304503438745456,,,
2014-12-31,0.0,0.09884052480164304,,,
2015-01-01,0.0,0.10006607020096381,,,
2015-01-02,0.0,0.10006358368059844,,,
2015-01-03,0.0,0.09892073558259655,,,
2015-01-04,0.0,0.1001397647274007,,,
2015-01-05,0.0,0.10013445566896068,,,
2015-01-06,0.0,0.10303617063814038,,,
2015-01-07,0.0,0.09884388406012976,,,
2015-01-08,0.0,0.1000658671337442,,,
2015-01-09,0.0,0.10006338820849066,,,
2015-01-10,0.0,0.09892385092960349,,,
2015-01-11,0.0,0.1001393469985085,,,
2015-01-12,0.0,0.10013405374803609,,,
2015-01-13,0.0,0.10302735834351322,,,
2015-01-14,0.0,0.09884722391133707,,,
2015-01-15,0.0,0.10006566530875767,,,
2015-01-16,0.0,0.1000631939324071,,,
2015-01-17,0.0,0.09892694834540293,,,
2015-01-18,0.0,0.10013893175897992,,,
2015-01-19,0.0,0.10013365422258505,,,
2015-01-20,0.0,0.10301859705680659,,,
2015-01-21,0.0,0.09885054452294839,,,
2015-01-22,0.0,0.10006546471465848,,,
2015-01-23,0.0,0.10006300084142206,,,
2015-01-24,0.0,0.09893002798434303,,,
2015-01-25,0.0,0.10013851898663065,,,
2015-01-26,0.0,0.10013325707125754,,,
2015-01-27,0.0,0.10300988633641156,,,
2015-01-28,0.0,0.09885384606072106,,,
2015-01-29,0.0,0.10006526534023848,,,
2015-01-30,0.0,0.10006280892474231,,,
2015-01-31,0.0,0.09893308999900577,,,
2015-02-01,0.0,0.1001381086595392,,,
2015-02-02,0.0,0.10013286227295651,,,
2015-02-03,0.0,0.10300122574580241,,,
2015-02-04,0.0,0.09885712868851397,,,
2015-02-05,0.0,0.10006506717442501,,,
2015-02-06,0.0,0.10006261817170517,,,
2015-02-07,0.0,0.09893613454023223,,,
2015-02-08,0.0,0.10013770075604306,,,
2015-02-09,0.0,0.1001324698068341,,,
2015-02-10,0.0,0.10299261485346375,,,
2015-02-11,0.0,0.09886039256831462,,,
2015-02-12,0.0,0.10006487020627883,,,
2015-02-13,0.0,0.10006242857177641,,,
2015-02-14,0.0,0.0989391617571472,,,
2015-02-15,0.0,0.10013729525473475,,,
2015-02-16,0.0,0.100132079652288,,,
2015-02-17,0.0,0.10298405323281881,,,
2015-02-18,0.0,0.09886363786026575,,,
2015-02-19,0.0,0.10006467442499209,,,
2015-02-20,0.0,0.10006224011454841,,,
2015-02-21,0.0,0.09894217179718362,,,
2015-02-22,0.0,0.10013689213445819,,,
2015-02-23,0.0,0.10013169178895781,,,
2015-02-24,0.0,0.10297554046215901,,,
2015-02-25,0.0,0.09886686472269154,,,
2015-02-26,0.0,0.10006447981988648,,,
2015-02-27,0.0,0.10006205278973822,,,
2015-02-28,0.0,0.09894516480610646,,,
2015-03-01,0.0,0.10013649137430497,,,
2015-03-02,0.0,0.10013130619672155,,,
2015-03-03,0.0,0.10296707612457467,,,
2015-03-04,0.0,0.09887007331212334,,,
2015-03-05,0.0,0.10006428638041115,,,
2015-03-06,0.0,0.10006186658718573,,,
2015-03-07,0.0,0.09894814092803622,,,
2015-03-08,0.0,0.10013609295361076,,,
2015-03-09,0.0,0.10013092285569211,,,
2015-03-10,0.0,0.102958659807887,,,
2015-03-11,0.0,0.09887326378332496,,,
2015-03-12,0.0,0.10006409409614092,,,
2015-03-13,0.0,0.10006168149685185,,,
2015-03-14,0.0,0.09895110030547209,,,
2015-03-15,0.0,0.10013569685195173,,,
2015-03-16,0.0,0.1001305417462139,,,
2015-03-17,0.0,0.10295029110458111,,,
2015-03-18,0.0,0.09887643628931758,,,
2015-03-19,0.0,0.10006390295677438,,,
2015-03-20,0.0,0.10006149750881665,,,
2015-03-21,0.0,0.09895404307931467,,,
2015-03-22,0.0,0.10013530304914108,,,
2015-03-23,0.0,0.10013016284885946,,,
2015-03-24,0.0,0.10294196961174025,,,
2015-03-25,0.0,0.09887959098140416,,,
2015-03-26,0.0,0.10006371295213201,,,
2015-03-27,0.0,0.10006131461327765,,,
2015-03-28,0.0,0.09895696938888825,,,
2015-03-29,0.0,0.10013491152522554,,,
2015-03-30,0.0,0.10012978614442612,,,
2015-03-31,0.0,0.10293369493098117,,,
2015-04-01,0.0,0.0988827280091935,,,
2015-04-02,0.0,0.10006352407215452,,,
2015-04-03,0.0,0.10006113280054815,,,
2015-04-04,0.0,0.09895987937196297,,,
2015-04-05,0.0,0.10013452226048222,,,
2015-04-06,0.0,0.10012941161393288,,,
2015-04-07,0.0,0.10292546666839056,,,
2015-04-08,0.0,0.09888584752062399,,,
2015-04-09,0.0,0.10006333630690098,,,
2015-04-10,0.0,0.10006095206105543,,,
2015-04-11,0.0,0.09896277316477628,,,
2015-04-12,0.0,0.10013413523541506,,,
2015-04-13,0.0,0.10012903923861709,,,
2015-04-14,0.0,0.10291728443446242,,,
2015-04-15,0.0,0.09888894966198669,,,
2015-04-16,0.0,0.10006314964654711,,,
2015-04-17,0.0,0.1000607723853391,,,
2015-04-18,0.0,0.09896565090205421,,,
2015-04-19,0.0,0.10013375043075168,,,
2015-04-20,0.0,0.1001286689999314,,,
2015-04-21,0.0,0.10290914784403671,,,
2015-04-22,0.0,0.0988920345779483,,,
2015-04-23,0.0,0.10006296408138356,,,
2015-04-24,0.0,0.10006059376404954,,,
2015-04-25,0.0,0.09896851271703228,,,
2015-04-26,0.0,0.10013336782744016,,,
2015-04-27,0.0,0.10012830087954067,,,
2015-04-28,0.0,0.1029010565162388,,,
2015-04-29,0.0,0.09889510241157361,,,
2015-04-30,0.0,0.10006277960181426,,,
2015-05-01,0.0,0.10006041618794613,,,
2015-05-02,0.0,0.09897135874147607,,,
2015-05-03,0.0,0.10013298740664592,,,
2015-05-04,0.0,0.1001279348593189,,,
2015-05-05,0.0,0.10289301007442016,,,
2015-05-06,0.0,0.0988981533043476,,,
2015-05-07,0.0,0.10006259619835478,,,
2015-05-08,0.0,0.10006023964789583,,,
2015-05-09,0.0,0.09897418910570144,,,
2015-05-10,0.0,0.1001326091497486,,,
2015-05-11,0.0,0.10012757092134625,,,
2015-05-12,0.0,0.10288500814609972,,,
2015-05-13,0.0,0.09890118739619722,,,
2015-05-14,0.0,0.10006241386163067,,,
2015-05-15,0.0,0.10006006413487152,,,
2015-05-16,0.0,0.09897700393859438,,,
2015-05-17,0.0,0.10013223303833906,,,
2015-05-18,0.0,0.10012720904790624,,,
2015-05-19,0.0,0.10287705036290659,,,
2015-05-20,0.0,0.09890420482551268,,,
2015-05-21,0.0,0.10006223258237594,,,
2015-05-22,0.0,0.10005988963995054,,,
2015-05-23,0.0,0.09897980336763058,,,
2015-05-24,0.0,0.10013185905421636,,,
2015-05-25,0.0,0.10012684922148274,,,
2015-05-26,0.0,0.10286913636052342,,,
2015-05-27,0.0,0.09890720572916867,,,
2015-05-28,0.0,0.10006205235143144,,,
2015-05-29,0.0,0.10005971615431308,,,
2015-05-30,0.0,0.09898258751889467,,,
2015-05-31,0.0,0.10013148717938483,,,
2015-06-01,0.0,0.10012649142475719,,,
2015-06-02,0.0,0.10286126577863075,,,
2015-06-03,0.0,0.09891019024254485,,,
2015-06-04,0.0,0.10006187315974335,,,
2015-06-05,0.0,0.10005954366924083,,,
2015-06-06,0.0,0.09898535651709911,,,
2015-06-07,0.0,0.1001311173960512,,,
2015-06-08,0.0,0.10012613564060581,,,
2015-06-09,0.0,0.10285343826085239,,,
2015-06-10,0.0,0.09891315849954631,,,
2015-06-11,0.0,0.10006169499836165,,,
2015-06-12,0.0,0.10005937217611542,,,
2015-06-13,0.0,0.09898811048560285,,,
2015-06-14,0.0,0.10013074968662174,,,
2015-06-15,0.0,0.10012578185209695,,,
2015-06-16,0.0,0.10284565345470163,,,
2015-06-17,0.0,0.09891611063262358,,,
2015-06-18,0.0,0.1000615178584387,,,
2015-06-19,0.0,0.1000592016664171,,,
2015-06-20,0.0,0.09899084954642964,,,
2015-06-21,0.0,0.10013038403369953,,,
2015-06-22,0.0,0.10012543004248825,,,
2015-06-23,0.0,0.10283791101152831,,,
2015-06-24,0.0,0.09891904677279234,,,
2015-06-25,0.0,0.1000613417312277,,,
2015-06-26,0.0,0.10005903213172324,,,
2015-06-27,0.0,0.098993573820286,,,
2015-06-28,0.0,0.10013002042008162,,,
2015-06-29,0.0,0.10012508019522416,,,
2015-06-30,0.0,0.10283021058646666,,,
2015-07-01,0.0,0.09892196704965275,,,
2015-07-02,0.0,0.10006116660808133,,,
2015-07-03,0.0,0.10005886356370697,,,
2015-07-04,0.0,0.09899628342657893,,,
2015-07-05,0.0,0.10012965882875641,,,
2015-07-06,0.0,0.10012473229393325,,,
2015-07-07,0.0,0.10282255183838428,,,
2015-07-08,0.0,0.09892487159140852,,,
2015-07-09,0.0,0.10006099248045028,,,
2015-07-10,0.0,0.10005869595413588,,,
2015-07-11,0.0,0.09899897848343346,,,
2015-07-12,0.0,0.10012929924290095,,,
2015-07-13,0.0,0.10012438632242567,,,
2015-07-14,0.0,0.10281493442983158,,,
2015-07-15,0.0,0.09892776052488574,,,
2015-07-16,0.0,0.10006081933988195,,,
2015-07-17,0.0,0.10005852929487066,,,
2015-07-18,0.0,0.09900165910770971,,,
2015-07-19,0.0,0.10012894164587842,,,
2015-07-20,0.0,0.10012404226469067,,,
2015-07-21,0.0,0.10280735802699237,,,
2015-07-22,0.0,0.09893063397555121,,,
2015-07-23,0.0,0.10006064717801898,,,
2015-07-24,0.0,0.10005836357786374,,,
2015-07-25,0.0,0.09900432541501976,,,
2015-07-26,0.0,0.10012858602123544,,,
2015-07-27,0.0,0.1001237001048941,,,
2015-07-28,0.0,0.10279982229963491,,,
2015-07-29,0.0,0.09893349206753073,,,
2015-07-30,0.0,0.100060475986598,,,
2015-07-31,0.0,0.10005819879515805,,,
2015-08-01,0.0,0.09900697751974434,,,
2015-08-02,0.0,0.1001282323526996,,,
2015-08-03,0.0,0.100123359827376,,,
2015-08-04,0.0,0.10279232692106408,,,
2015-08-05,0.0,0.09893633492362684,,,
2015-08-06,0.0,0.10006030575744823,,,
2015-08-07,0.0,0.10005803493888574,,,
2015-08-08,0.0,0.09900961553504911,,,
2015-08-09,0.0,0.10012788062417702,,,
2015-08-10,0.0,0.10012302141664817,,,
2015-08-11,0.0,0.10278487156807407,,,
2015-08-12,0.0,0.09893916266533652,,,
2015-08-13,0.0,0.10006013648249035,,,
2015-08-14,0.0,0.10005787200126698,,,
2015-08-15,0.0,0.09901223957290081,,,
2015-08-16,0.0,0.10012753081974984,,,
2015-08-17,0.0,0.1001226848573919,,,
2015-08-18,0.0,0.10277745592090197,,,
2015-08-19,0.0,0.09894197541286842,,,
2015-08-20,0.0,0.10005996815373501,,,
2015-08-21,0.0,0.1000577099746086,,,
2015-08-22,0.0,0.09901484974408303,,,
2015-08-23,0.0,0.1001271829236739,,,
2015-08-24,0.0,0.10012235013445558,,,
2015-08-25,0.0,0.102770079663182,,,
2015-08-26,0.0,0.09894477328515992,,,
2015-08-27,0.0,0.10005980076328175,,,
2015-08-28,0.0,0.10005754885130308,,,
2015-08-29,0.0,0.09901744615821187,,,
2015-08-30,0.0,0.10012683692037629,,,
2015-08-31,0.0,0.1001220172328525,,,
2015-09-01,0.0,0.10276274248190055,,,
2015-09-02,0.0,0.09894755639989389,,,
2015-09-03,0.0,0.10005963430331768,,,
2015-09-04,0.0,0.10005738862382724,,,
2015-09-05,0.0,0.09902002892375118,,,
2015-09-06,0.0,0.1001264927944531,,,
2015-09-07,0.0,0.10012168613775854,,,
2015-09-08,0.0,0.10275544406735194,,,
2015-09-09,0.0,0.09895032487351514,,,
2015-09-10,0.0,0.10005946876611632,,,
2015-09-11,0.0,0.10005722928474103,,,
2015-09-12,0.0,0.09902259814802777,,,
2015-09-13,0.0,0.10012615053066708,,,
2015-09-14,0.0,0.10012135683451003,,,
2015-09-15,0.0,0.10274818411309469,,,
2015-09-16,0.0,0.09895307882124678,,,
2015-09-17,0.0,0.1000593041440364,,,
2015-09-18,0.0,0.10005707082668656,,,
2015-09-19,0.0,0.0990251539372462,,,
2015-09-20,0.0,0.10012581011394545,,,
2015-09-21,0.0,0.10012102930860153,,,
2015-09-22,0.0,0.10274096231590879,,,
2015-09-23,0.0,0.09895581835710601,,,
2015-09-24,0.0,0.10005914042952063,,,
2015-09-25,0.0,0.10005691324238679,,,
2015-09-26,0.0,0.09902769639650338,,,
2015-09-27,0.0,0.1001254715293776,,,
2015-09-28,0.0,0.10012070354568377,,,
2015-09-29,0.0,0.10273377837575337,,,
2015-09-30,0.0,0.09895854359392003,,,
2015-10-01,0.0,0.10005897761509465,,,
2015-10-02,0.0,0.10005675652464452,,,
2015-10-03,0.0,0.09903022562980308,,,
2015-10-04,0.0,0.10012513476221306,,,
2015-10-05,0.0,0.10012037953156151,,,
2015-10-06,0.0,0.10272663199572521,,,
2015-10-07,6.0,0.09896125464334145,,,
2015-10-08,0.0,2.743527204006668,,,
2015-10-09,0.0,0.21161870787744222,,,
2015-10-10,0.0,0.2068931608997413,,,
2015-10-11,0.0,0.20440002626524262,,,
2015-10-12,0.0,0.2009293314255371,,,
2015-10-13,0.0,0.2001781137337087,,,
2015-10-14,0.0,0.20923874503423345,,,
2015-10-15,0.0,0.1840727387383616,,,
2015-10-16,0.0,0.1878182547238012,,,
2015-10-17,0.0,0.1838857785721069,,,
2015-10-18,0.0,0.18215464226417083,,,
2015-10-19,0.0,0.17942335699422612,,,
2015-10-20,0.0,0.17938019456580157,,,
2015-10-21,0.0,0.18866947681499086,,,
2015-10-22,0.0,0.16484883956113797,,,
2015-10-23,0.0,0.16904096904333263,,,
2015-10-24,0.0,0.16573472795801064,,,
2015-10-25,0.0,0.16460418175346964,,,
2015-10-26,0.0,0.1624562519279205,,,
2015-10-27,0.0,0.1629703156542774,,,
2015-10-28,0.0,0.17277412003548992,,,
2015-10-29,0.0,0.1495358728865775,,,
2015-10-30,0.0,0.1542205067237308,,,
2015-10-31,0.0,0.15140907834318967,,,
2015-11-01,0.0,0.15075198183134086,,,
2015-11-02,0.0,0.14906448149435542,,,
2015-11-03,0.0,0.15001696838598227,,,
2015-11-04,0.0,0.16022056767957102,,,
2015-11-05,0.0,0.13745335933049033,,,
2015-11-06,0.0,0.1425232132150923,,,
2015-11-07,0.0,0.14010286122281768,,,
2015-11-08,0.0,0.13981886406872365,,,
2015-11-09,0.0,0.1384947664111689,,,
2015-11-10,0.0,0.13979191100474236,,,
2015-11-11,0.0,0.1503047819049156,,,
2015-11-12,0.0,0.12792066348436137,,,
2015-11-13,0.0,0.13329107456030687,,,
2015-11-14,0.0,0.1311799156690387,,,
2015-11-15,0.0,0.13118981321909381,,,
2015-11-16,0.0,0.1301525339191572,,,
2015-11-17,0.0,0.13172033310118525,,,
2015-11-18,0.0,0.14247105648334188,,,
2015-11-19,0.0,0.12040055137499936,,,
2015-11-20,0.0,0.12600471202543734,,,
2015-11-21,0.0,0.12413811189318993,,,
2015-11-22,0.0,0.12437938999541967,,,
2015-11-23,0.0,0.12356848021917696,,,
2015-11-24,0.0,0.12534852947291594,,,
2015-11-25,0.0,0.13628076512149703,,,
2015-11-26,0.0,0.11446897751505831,,,
2015-11-27,0.0,0.12025417333951059,,,
2015-11-28,0.0,0.11858111249866582,,,
2015-11-29,0.0,0.11900443098199485,,,
2015-11-30,0.0,0.11837217782212814,,,
2015-12-01,0.0,0.12031838473220248,,,
2015-12-02,0.0,0.13138769415127208,,,
2015-12-03,0.0,0.10979123747379044,,,
2015-12-04,0.0,0.11571587788241217,,,
2015-12-05,0.0,0.11419608331381775,,,
2015-12-06,0.0,0.11476250036031964,,,
2015-12-07,0.0,0.11427124352504174,,,
2015-12-08,0.0,0.1163472337106426,,,
2015-12-09,0.0,0.12751857233501893,,,
2015-12-10,0.0,0.10610314482255098,,,
2015-12-11,0.0,0.11213441925155773,,,
2015-12-12,0.0,0.11073610029313403,,,
2015-12-13,0.0,0.11141488160470023,,,
2015-12-14,0.0,0.11103489545040673,,,
2015-12-15,0.0,0.11321196503964448,,,
2015-12-16,0.0,0.1244577028109776,,,
2015-12-17,0.0,0.10319617387506837,,,
2015-12-18,0.0,0.10930820181172309,,,
2015-12-19,0.0,0.10800626307698896,,,
2015-12-20,0.0,0.10877315262631988,,,
2015-12-21,0.0,0.10848097442201171,,,
2015-12-22,0.0,0.11073647391703322,,,
2015-12-23,0.0,0.122034832904013,,,
2015-12-24,0.0,0.10090573267418061,,,
2015-12-25,0.0,0.10707810345108906,,,
2015-12-26,0.0,0.1058527342585404,,,
2015-12-27,0.0,0.10668858937352287,,,
2015-12-28,0.0,0.10646569978074787,,,
2015-12-29,0.0,0.10878175842425719,,,
2015-12-30,0.0,0.12011557962029733,,,
2015-12-31,0.0,0.09910190671785367,,,
2016-01-01,0.0,0.10531852695651543,,,
2016-01-02,0.0,0.10415408794453533,,,
2016-01-03,0.0,0.10504380196487346,,,
2016-01-04,0.0,0.10487558352520981,,,
2016-01-05,0.0,0.10723810242848851,,,
2016-01-06,0.0,0.11859387237282584,,,
2016-01-07,0.0,0.0976821528683201,,,
2016-01-08,0.0,0.1039303367537079,,,
2016-01-09,0.0,0.1028144810684104,,,
2016-01-10,0.0,0.10374613298616996,,,
2016-01-11,0.0,0.10362104804313241,,,
2016-01-12,0.0,0.10601890545050723,,,
2016-01-13,0.0,0.11738598793082694,,,
2016-01-14,0.0,0.09656553256363676,,,
2016-01-15,0.0,0.10283528378808195,,,
2016-01-16,0.0,0.1017582634230705,,,
2016-01-17,0.0,0.10272244668413597,,,
2016-01-18,0.0,0.1026313885071301,,,
2016-01-19,0.0,0.10505581250213575,,,
2016-01-20,0.0,0.11642584213036389,,,
2016-01-21,0.0,0.09568816001894187,,,
2016-01-22,0.0,0.10197160501282061,,,
2016-01-23,0.0,0.10092572329213906,,,
2016-01-24,0.0,0.10191501601138833,,,
2016-01-25,0.0,0.10185079663000972,,,
2016-01-26,0.0,0.10429487000519877,,,
2016-01-27,0.0,0.11566127356163575,,,
2016-01-28,0.0,0.09499960943371336,,,
2016-01-29,0.0,0.10129055000857526,,,
2016-01-30,0.0,0.10026972942269877,,,
2016-01-31,0.0,0.10127827621863282,,,
2016-02-01,0.0,0.10123522216401609,,,
2016-02-02,0.0,0.10369349160906849,,,
2016-02-03,0.0,0.11505111023554938,,,
2016-02-04,0.0,0.09446007915415824,,,
2016-02-05,0.0,0.10075363939950877,,,
2016-02-06,0.0,0.09975308049125538,,,
2016-02-07,0.0,0.10077626242314998,,,
2016-02-08,0.0,0.10074989564161267,,,
2016-02-09,0.0,0.10321806327110396,,,
2016-02-10,0.0,0.1145628542654697,,,
2016-02-11,0.0,0.09403815330963261,,,
2016-02-12,0.0,0.10033050088525129,,,
2016-02-13,0.0,0.09934641300280148,,,
2016-02-14,0.0,0.10038058704820806,,,
2016-02-15,0.0,0.10036737304239414,,,
2016-02-16,0.0,0.10284205291523482,,,
2016-02-17,0.0,0.11417085435605207,,,
2016-02-18,0.0,0.09370903504277955,,,
2016-02-19,0.0,0.0999971611923321,,,
2016-02-20,0.0,0.0990265499680761,,,
2016-02-21,0.0,0.10006884338934217,,,
2016-02-22,0.0,0.10006599242283723,,,
2016-02-23,0.0,0.10254451836041917,,,
2016-02-24,0.0,0.11385486332435657,,,
2016-02-25,0.0,0.09345315197455205,,,
2016-02-26,0.0,0.09973469788863419,,,
2016-02-27,0.0,0.09877519749260597,,,
2016-02-28,0.0,0.09982334552795552,,,
2016-02-29,0.0,0.09982865571354385,,,
2016-03-01,0.0,0.10230892960857921,,,
2016-03-02,0.0,0.11359889953185522,,,
2016-03-03,0.0,0.0932550554789918,,,
2016-03-04,0.0,0.09952817524234774,,,
2016-03-05,0.0,0.0985779159769492,,,
2016-03-06,0.0,0.09963013372816275,,,
2016-03-07,0.0,0.09964186717535803,,,
2016-03-08,0.0,0.10212223926051867,,,
2016-03-09,0.0,0.11339034819722903,,,
2016-03-10,0.0,0.09310255186585009,,,
2016-03-11,0.0,0.09936580428093053,,,
2016-03-12,0.0,0.09842330807110075,,,
2016-03-13,0.0,0.09947818938299036,,,
2016-03-14,0.0,0.09949497443966196,,,
2016-03-15,0.0,0.10197414878248523,,,
2016-03-16,0.0,0.11321925205020403,,,
2016-03-17,0.0,0.09298601661110223,,,
2016-03-18,0.0,0.09923827981407495,,,
2016-03-19,0.0,0.09830237771578339,,,
2016-03-20,0.0,0.09935881536062541,,,
2016-03-21,0.0,0.09937956945102305,,,
2016-03-22,0.0,0.10185652936022443,,,
2016-03-23,0.0,0.11307775143476793,,,
2016-03-24,0.0,0.09289785306958578,,,
2016-03-25,0.0,0.09913825713671122,,,
2016-03-26,0.0,0.09820802422487186,,,
2016-03-27,0.0,0.09926514690310927,,,
2016-03-28,0.0,0.09928901562288708,,,
2016-03-29,0.0,0.1017629647709971,,,
2016-03-30,0.0,0.11295964237477633,,,
2016-03-31,0.0,0.0928320652293107,,,
2016-04-01,0.0,0.09905993898333589,,,
2016-04-02,0.0,0.09813464295758306,,,
2016-04-03,0.0,0.09919176557182173,,,
2016-04-04,0.0,0.0992180746149213,,,
2016-04-05,0.0,0.10168839056601586,,,
2016-04-06,0.0,0.11286002774886417,,,
2016-04-07,0.0,0.09278392048040172,,,
2016-04-08,0.0,0.09899874950520395,,,
2016-04-09,0.0,0.09807781012340328,,,
2016-04-10,0.0,0.09913439452918806,,,
2016-04-11,0.0,0.09916261174307507,,,
2016-04-12,0.0,0.101628809272004,,,
2016-04-13,0.0,0.1127750419577999,,,
2016-04-14,0.0,0.09274968343381938,,,
2016-04-15,0.0,0.09895107693585857,,,
2016-04-16,0.0,0.09803403399412991,,,
2016-04-17,0.0,0.09908965802017772,,,
2016-04-18,0.0,0.09911936345552134,,,
2016-04-19,0.0,0.10158106559569127,,,
2016-04-20,0.0,0.11270163360043697,,,
2016-04-21,0.0,0.0927264058206503,,,
2016-04-22,0.0,0.09891407047331476,,,
2016-04-23,0.0,0.0980005585319611,,,
2016-04-24,0.0,0.09905489152758322,,,
2016-04-25,0.0,0.09908575379805555,,,
2016-04-26,0.0,0.10154266898945943,,,
2016-04-27,0.0,0.11263739393665724,,,
2016-04-28,0.0,0.09271176065657237,,,
2016-04-29,0.0,0.09888547995620514,,,
2016-04-30,0.0,0.09797520839029995,,,
2016-05-01,0.0,0.09902799192481979,,,
2016-05-02,0.0,0.09905974954755795,,,
2016-05-03,0.0,0.10151165359980702,,,
2016-05-04,0.0,0.11258042149063074,,,
2016-05-05,0.0,0.0927039113454452,,,
2016-05-06,0.0,0.09886352931780347,,,
2016-05-07,0.0,0.09795626657062236,,,
2016-05-08,0.0,0.09900729919933042,,,
2016-05-09,0.0,0.0990397458667034,,,
2016-05-10,0.0,0.10148646772260146,,,
2016-05-11,0.0,0.11252921518013943,,,
2016-05-12,0.0,0.0927014083608476,,,
2016-05-13,0.0,0.0988468167014074,,,
2016-05-14,0.0,0.09794237785523814,,,
2016-05-15,0.0,0.09899150309511816,,,
2016-05-16,0.0,0.09902447604952642,,,
2016-05-17,0.0,0.10146588654846012,,,
2016-05-18,0.0,0.11248258996193186,,,
2016-05-19,0.0,0.0927031076952845,,,
2016-05-20,0.0,0.09883423561991564,,,
2016-05-21,0.0,0.09793247258533336,,,
2016-05-22,0.0,0.09897956942430297,,,
2016-05-23,0.0,0.09901294028224475,,,
2016-05-24,0.0,0.10144894329136558,,,
2016-05-25,0.0,0.11243961024930685,,,
2016-05-26,0.0,0.0927081064909301,,,
2016-05-27,0.0,0.09882491272589285,,,
2016-05-28,0.0,0.09792570649783645,,,
2016-05-29,0.0,0.09897068190372388,,,
2016-05-30,0.0,0.09900434941310206,,,
2016-05-31,0.0,0.10143487482743513,,,
2016-06-01,0.0,0.11239953735757657,,,
2016-06-02,0.0,0.0927156922320081,,,
2016-06-03,0.0,0.09881815869253537,,,
2016-06-04,2.0,0.09792141323774772,,,
2016-06-05,0.0,0.980121793326526,,,
2016-06-06,0.0,0.13618626452295055,,,
2016-06-07,0.0,0.13737525302012632,,,
2016-06-08,0.0,0.1471190510553448,,,
2016-06-09,0.0,0.12632738463368554,,,
2016-06-10,0.0,0.13129873724486843,,,
2016-06-11,0.0,0.13424327149988402,,,
2016-06-12,0.0,0.12715691840530985,,,
2016-06-13,0.0,0.12825655510254455,,,
2016-06-14,0.0,0.12970339285710264,,,
2016-06-15,0.0,0.1396759549032287,,,
2016-06-16,0.0,0.11917755051905685,,,
2016-06-17,0.0,0.1243725771698055,,,
2016-06-18,0.0,0.1273941806110874,,,
2016-06-19,0.0,0.12075156258141262,,,
2016-06-20,0.0,0.12200088297862521,,,
2016-06-21,0.0,0.12364995746079659,,,
2016-06-22,0.0,0.1337976178537418,,,
2016-06-23,0.0,0.11354025085496562,,,
2016-06-24,0.0,0.1189087481853069,,,
2016-06-25,0.0,0.12210271667232028,,,
2016-06-26,0.0,0.11564959041034195,,,
2016-06-27,0.0,0.11706387993356362,,,
2016-06-28,0.0,0.1188713897846027,,,
2016-06-29,0.0,0.12915190059307186,,,
2016-06-30,0.0,0.10909438686656556,,,
2016-07-01,0.0,0.11459682294954776,,,
2016-07-02,0.0,0.11792494067876538,,,
2016-07-03,0.0,0.11162422503718665,,,
2016-07-04,0.0,0.11316772201248473,,,
2016-07-05,0.0,0.11509909970026423,,,
2016-07-06,0.0,0.1254791390901298,,,
2016-07-07,0.0,0.1055889262508607,,,
2016-07-08,0.0,0.11119411188972192,,,
2016-07-09,0.0,0.11462622331036595,,,
2016-07-10,0.0,0.10844863621540213,,,
2016-07-11,1.0,0.11009311807199419,,,
2016-07-12,0.0,0.5526986627453705,,,
2016-07-13,0.0,0.14116779090709874,,,
2016-07-14,0.0,0.12080117821010704,,,
2016-07-15,0.0,0.12588709274917664,,,
2016-07-16,0.0,0.12882270537254908,,,
2016-07-17,0.0,0.12218668821889717,,,
2016-07-18,0.0,0.12580025433760844,,,
2016-07-19,0.0,0.12388042766906704,,,
2016-07-20,0.0,0.13490721634296057,,,
2016-07-21,0.0,0.11479348562356742,,,
2016-07-22,0.0,0.120065441375584,,,
2016-07-23,0.0,0.12318547413933757,,,
2016-07-24,0.0,0.11675018497238396,,,
2016-07-25,0.0,0.12046246685724103,,,
2016-07-26,0.0,0.11882351122051264,,,
2016-07-27,0.0,0.12996133624931097,,,
2016-07-28,0.0,0.11005658182000876,,,
2016-07-29,0.0,0.11547240782200753,,,
2016-07-30,0.0,0.11873609543483982,,,
2016-07-31,0.0,0.11246199003462376,,,
2016-08-01,0.0,0.11630677725344732,,,
2016-08-02,0.0,0.11480819290468278,,,
2016-08-03,0.0,0.12605185724140824,,,
2016-08-04,0.0,0.10632142421372373,,,
2016-08-05,0.0,0.1118478907991922,,,
2016-08-06,0.0,0.11522310658216059,,,
2016-08-07,0.0,0.10907899924977608,,,
2016-08-08,0.0,0.11302625237137114,,,
2016-08-09,0.0,0.11163894127575696,,,
2016-08-10,0.0,0.12296045429469718,,,
2016-08-11,0.0,0.10337694546006394,,,
2016-08-12,0.0,0.10898783742482349,,,
2016-08-13,0.0,0.11244923178587934,,,
2016-08-14,0.0,0.10641049427597088,,,
2016-08-15,0.0,0.11043651249331586,,,
2016-08-16,0.0,0.10913750486725088,,,
2016-08-17,0.0,0.12051479944287957,,,
2016-08-18,0.0,0.1010565465040369,,,
2016-08-19,0.0,0.10673118518369452,,,
2016-08-20,0.0,0.11025875775730974,,,
2016-08-21,0.0,0.10430593782057798,,,
2016-08-22,0.0,0.10839202344055364,,,
2016-08-23,0.0,0.10716318664740487,,,
2016-08-24,0.0,0.11857887099030932,,,
2016-08-25,0.0,0.0992287278763368,,,
2016-08-26,0.0,0.1049508045984969,,,
2016-08-27,0.0,0.10852877720878618,,,
2016-08-28,0.0,0.10264650818441325,,,
2016-08-29,1.0,0.10677791248842745,,,
2016-08-30,0.0,0.546182279676807,,,
2016-08-31,0.0,0.13563859147923954,,,
2016-09-01,0.0,0.11576502802596951,,,
2016-09-02,0.0,0.12092427427974312,,,
2016-09-03,0.0,0.12396348142949204,,,
2016-09-04,0.0,0.11758119782710912,,,
2016-09-05,0.0,0.12359836344156949,,,
2016-09-06,0.0,0.11850227220801912,,,
2016-09-07,0.0,0.13046134701461395,,,
2016-09-08,0.0,0.11080321399704685,,,
2016-09-09,0.0,0.11611418001339185,,,
2016-09-10,0.0,0.1193044973700674,,,
2016-09-11,0.0,0.11308999598596657,,,
2016-09-12,0.0,0.11916941358330825,,,
2016-09-13,0.0,0.11433146723049702,,,
2016-09-14,0.0,0.12637083300562346,,,
2016-09-15,0.0,0.10689181162298367,,,
2016-09-16,0.0,0.11231964787951282,,,
2016-09-17,0.0,0.11562738408175395,,,
2016-09-18,0.0,0.10954797032843226,,,
2016-09-19,0.0,0.11573006810136005,,,
2016-09-20,0.0,0.11101613442086926,,,
2016-09-21,0.0,0.12313678317392669,,,
2016-09-22,0.0,0.10380820905937288,,,
2016-09-23,0.0,0.10932546416750355,,,
2016-09-24,0.0,0.11272407571186248,,,
2016-09-25,0.0,0.10675397101860266,,,
2016-09-26,0.0,0.113013956257366,,,
2016-09-27,0.0,0.10839995289151819,,,
2016-09-28,0.0,0.12057878091162336,,,
2016-09-29,0.0,0.10137798732961285,,,
2016-09-30,0.0,0.10696300633268903,,,
2016-10-01,0.0,0.11043155013000602,,,
2016-10-02,0.0,0.10455039478920394,,,
2016-10-03,0.0,0.11086871256373716,,,
2016-10-04,0.0,0.10633562155518927,,,
2016-10-05,0.0,0.11855441991203235,,,
2016-10-06,0.0,0.09946347444645302,,,
2016-10-07,0.0,0.10509917752590535,,,
2016-10-08,0.0,0.10862113095029619,,,
2016-10-09,0.0,0.10281284254073984,,,
2016-10-10,0.0,0.10917407209400631,,,
2016-10-11,0.0,0.10470687296928359,,,
2016-10-12,0.0,0.11695129608360115,,,
2016-10-13,0.0,0.09795600348136195,,,
2016-10-14,0.0,0.10362892196914428,,,
2016-10-15,0.0,0.10719125149986944,,,
2016-10-16,0.0,0.1014431238200673,,,
2016-10-17,0.0,0.10783510747334589,,,
2016-10-18,0.0,0.10342193510675918,,,
2016-10-19,0.0,0.11568068662687825,,,
2016-10-20,0.0,0.09676980172250835,,,
2016-10-21,0.0,0.1024693172097151,,,
2016-10-22,0.0,0.1060617432922278,,,
2016-10-23,0.0,0.1003637351323142,,,
2016-10-24,0.0,0.106776890716029,,,
2016-10-25,0.0,0.10240837061652425,,,
2016-10-26,0.0,0.11467256081823149,,,
2016-10-27,0.0,0.09583716727900589,,,
2016-10-28,0.0,0.10155491103174964,,,
2016-10-29,0.0,0.10516932781836137,,,
2016-10-30,0.0,0.09951350157476821,,,
2016-10-31,0.0,0.10594027971910126,,,
2016-11-01,0.0,0.1016090033600315,,,
2016-11-02,0.0,0.1138716419326946,,,
2016-11-03,0.0,0.09510466188875628,,,
2016-11-04,0.0,0.10083404079730122,,,
2016-11-05,0.0,0.10446405813735857,,,
2016-11-06,0.0,0.09884413670090962,,,
2016-11-07,0.0,0.10527859246667978,,,
2016-11-08,0.0,0.10097870315384226,,,
2016-11-09,0.0,0.11323429884919452,,,
2016-11-10,0.0,0.09453010583347887,,,
2016-11-11,0.0,0.10026592823624464,,,
2016-11-12,0.0,0.1039065101602466,,,
2016-11-13,0.0,0.09831752715947409,,,
2016-11-14,0.0,0.10475498191972443,,,
2016-11-15,0.0,0.10048184790914873,,,
2016-11-16,0.0,0.11272609253859292,,,
2016-11-17,0.0,0.09408020597099108,,,
2016-11-18,0.0,0.09981838631151553,,,
2016-11-19,0.0,0.10346556567980143,,,
2016-11-20,0.0,0.0979035894111384,,,
2016-11-21,0.0,0.10434036396914487,,,
2016-11-22,0.0,0.10009032045261804,,,
2016-11-23,0.0,0.11231983946225857,,,
2016-11-24,0.0,0.0937286834980935,,,
2016-11-25,0.0,0.09946600920621744,,,
2016-11-26,0.0,0.10311666247585898,,,
2016-11-27,0.0,0.09757857799615459,,,
2016-11-28,0.0,0.1040117819315612,,,
2016-11-29,0.0,0.0997819273806581,,,
2016-11-30,0.0,0.11199408297727599,,,
2016-12-01,0.0,0.09345479615968388,,,
2016-12-02,0.0,0.09918874364739881,,,
2016-12-03,0.0,0.10284041309158581,,,
2016-12-04,0.0,0.09732375021915418,,,
2016-12-05,0.0,0.10375111561593528,,,
2016-12-06,0.0,0.09953915103217142,,,
2016-12-07,0.0,0.11173188678856212,,,
2016-12-08,0.0,0.09324217180131716,,,
2016-12-09,0.0,0.0989707612256764,,,
2016-12-10,0.0,0.10262151460830263,,,
2016-12-11,0.0,0.09712431216038266,,,
2016-12-12,0.0,0.10354406236614774,,,
2016-12-13,0.0,0.09934816439769406,,,
2016-12-14,0.0,0.11151988259838079,,,
2016-12-15,0.0,0.09307788767073664,,,
2016-12-16,0.0,0.09879956829629083,,,
2016-12-17,0.0,0.10244788811067879,,,
2016-12-18,0.0,0.0969685867429348,,,
2016-12-19,0.0,0.10337933277907854,,,
2016-12-20,0.0,0.09919805356895763,,,
2016-12-21,0.0,0.11134751839844721,,,
2016-12-22,0.0,0.0929517436935052,,,
2016-12-23,0.0,0.09866530340748185,,,
2016-12-24,0.0,0.102309999450676,,,
2016-12-25,0.0,0.0968473570727999,,,
2016-12-26,0.0,0.10324801586994481,,,
2016-12-27,0.0,0.09908020400386654,,,
2016-12-28,0.0,0.11120646513286857,,,
2016-12-29,0.0,0.0928556888559171,,,
2016-12-30,0.0,0.09856018274758792,,,
2016-12-31,0.0,0.1022003231138816,,,
2017-01-01,0.0,0.09675334812491915,,,
2017-01-02,0.0,0.10314307798544137,,,
2017-01-03,0.0,0.09898781609396692,,,
2017-01-04,0.0,0.11109014836607525,,,
2017-01-05,0.0,0.09278336843828346,,,
2017-01-06,0.0,0.09847806242603217,,,
2017-01-07,0.0,0.10211291903916679,,,
2017-01-08,0.0,0.09668081762827721,,,
2017-01-09,0.0,0.10305896728646877,,,
2017-01-10,0.0,0.09891552279274149,,,
2017-01-11,0.0,0.11099337861948505,,,
2017-01-12,0.0,0.09272976663763768,,,
2017-01-13,0.0,0.09841409297344457,,,
2017-01-14,0.0,0.10204309859447623,,,
2017-01-15,0.0,0.09662523314379767,,,
2017-01-16,0.0,0.10299130155887957,,,
2017-01-17,0.0,0.09885908780239501,,,
2017-01-18,0.0,0.1109120595892196,,,
2017-01-19,0.0,0.09269092448307331,,,
2017-01-20,0.0,0.09836444663205418,,,
2017-01-21,0.0,0.10198716092519626,,,
2017-01-22,0.0,0.09658301717581057,,,
2017-01-23,0.0,0.10293662179657125,,,
2017-01-24,0.0,0.09881516734694946,,,
2017-01-25,0.0,0.11084295783678048,,,
2017-01-26,0.0,0.09266371718095447,,,
2017-01-27,0.0,0.0983261021007958,,,
2017-01-28,0.0,0.1019421848489045,,,
2017-01-29,0.0,0.09655134598368256,,,
2017-01-30,0.0,0.10289219769991609,,,
2017-01-31,0.0,0.09878112213519807,,,
2017-02-01,0.0,0.11078352100147992,,,
2017-02-02,0.0,0.09264567836923597,,,
2017-02-03,0.0,0.09829667463049728,,,
2017-02-04,0.0,0.10190586459391418,,,
2017-02-05,0.0,0.09652799077998825,,,
2017-02-06,0.0,0.10285587415193806,,,
2017-02-07,0.0,0.09875486893945543,,,
2017-02-08,0.0,0.11073173431200256,,,
2017-02-09,0.0,0.0926348613980241,,,
2017-02-10,0.0,0.09827428191473851,,,
2017-02-11,0.0,0.10187638014454818,,,
2017-02-12,0.0,0.09651119238517462,,,
2017-02-13,0.0,0.10282595003899621,,,
2017-02-14,0.0,0.09873476344380164,,,
2017-02-15,0.0,0.11068600732819456,,,
2017-02-16,0.0,0.09262972983564884,,,
2017-02-17,0.0,0.09825743823491111,,,
2017-02-18,0.0,0.10185229490215682,,,
2017-02-19,0.0,0.09649956229006736,,,
2017-02-20,0.0,0.10280108260159883,,,
2017-02-21,0.0,0.09871950777393054,,,
2017-02-22,0.0,0.11064508454414401,,,
2017-02-23,0.0,0.09262907104298643,,,
2017-02-24,0.0,0.09824497090685515,,,
2017-02-25,0.0,0.10183247490697009,,,
2017-02-26,0.0,0.09649200456258752,,,
2017-02-27,0.0,0.10278021193663495,,,
2017-02-28,0.0,0.09870807750865737,,,
2017-03-01,0.0,0.11060797482543398,,,
2017-03-02,0.0,0.09263192795599269,,,
2017-03-03,0.0,0.09823595433055728,,,
2017-03-04,0.0,0.1018160250783273,,,
2017-03-05,0.0,0.09648765420720169,,,
2017-03-06,0.0,0.1027625014055052,,,
2017-03-07,0.0,0.09869966406867348,,,
2017-03-08,0.0,0.1105738957125688,,,
2017-03-09,0.0,0.09263754524032587,,,
2017-03-10,0.0,0.09822965793428307,,,
2017-03-11,0.0,0.10180223888783815,,,
2017-03-12,0.0,0.09648582851082974,,,
2017-03-13,0.0,0.10274729059708439,,,
2017-03-14,0.0,0.09869362924285789,,,
2017-03-15,0.0,0.11054222945855795,,,
2017-03-16,0.0,0.09264532679013715,,,
2017-03-17,0.0,0.09822550508585465,,,
2017-03-18,0.0,0.10179055863541507,,,
2017-03-19,0.0,0.09648598863921455,,,
2017-03-20,0.0,0.10273405820045492,,,
2017-03-21,0.0,0.0986894692949969,,,
2017-03-22,0.0,0.11051248832849704,,,
2017-03-23,0.0,0.09265480218103196,,,
2017-03-24,0.0,0.09822304066050855,,,
2017-03-25,0.0,0.1017805440943568,,,
2017-03-26,0.0,0.09648770932417898,,,
2017-03-27,0.0,0.10272239269961525,,,
2017-03-28,0.0,0.09868678663250599,,,
2017-03-29,0.0,0.11048428720982421,,,
2017-03-30,0.0,0.09266560019073318,,,
2017-03-31,0.0,0.09822190544156136,,,
2017-04-01,0.0,0.10177184776228729,,,
2017-04-02,0.0,0.09649065493717855,,,
2017-04-03,0.0,0.10271196924222532,,,
2017-04-04,0.0,0.0986852674439878,,,
2017-04-05,0.0,0.11045732199303523,,,
2017-04-06,0.0,0.09267742789841896,,,
2017-04-07,0.0,0.09822181591434437,,,
2017-04-08,0.0,0.10176419532622497,,,
2017-04-09,0.0,0.09649456060368179,,,
2017-04-10,0.0,0.10270253138164077,,,
2017-04-11,0.0,0.09868466404810963,,,
2017-04-12,0.0,0.11043135250713548,,,
2017-04-13,0.0,0.0926900541874188,,,
2017-04-14,0.0,0.09822254831715156,,,
2017-04-15,0.0,0.10175737024326782,,,
2017-04-16,0.0,0.09649921729637496,,,
2017-04-17,0.0,0.10269387666552973,,,
2017-04-18,0.0,0.09868478096121813,,,
2017-04-19,0.0,0.11040618905023565,,,
2017-04-20,0.0,0.09270329672356661,,,
2017-04-21,0.0,0.09822392605233243,,,
2017-04-22,0.0,0.10175120156981496,,,
2017-04-23,0.0,0.09650446006893164,,,
2017-04-24,0.0,0.10268584526067355,,,
2017-04-25,0.0,0.09868546390022698,,,
2017-04-26,0.0,0.11038168175786595,,,
2017-04-27,0.0,0.09271701167695902,,,
2017-04-28,0.0,0.09822580974961391,,,
2017-04-29,0.0,0.10174555435492266,,,
2017-04-30,0.0,0.09651015876869216,,,
2017-05-01,0.0,0.10267831097428791,,,
2017-05-02,0.0,0.09868659110237406,,,
2017-05-03,0.0,0.11035771221115817,,,
2017-05-04,0.0,0.09273108560913804,,,
2017-05-05,0.0,0.09822808942287964,,,
2017-05-06,0.0,0.10174032205758292,,,
2017-05-07,0.0,0.09651621070599638,,,
2017-05-08,0.0,0.10267117416696529,,,
2017-05-09,0.0,0.09868806647372985,,,
2017-05-10,0.0,0.11033418681300056,,,
2017-05-11,0.0,0.09274542906948643,,,
2017-05-12,0.0,0.09823067827935723,,,
2017-05-13,0.0,0.10173542056152429,,,
2017-05-14,0.0,0.09652253486794163,,,
2017-05-15,0.0,0.1026643561587123,,,
2017-05-16,0.0,0.09868981418117607,,,
2017-05-17,0.0,0.1103110315596892,,,
2017-05-18,0.0,0.09275997154073906,,,
2017-05-19,0.0,0.0982335078330842,,,
2017-05-20,0.0,0.10173078345096952,,,
2017-05-21,0.0,0.09652906735118692,,,
2017-05-22,0.0,0.10265779481351679,,,
2017-05-23,0.0,0.09869177438374435,,,
2017-05-24,0.0,0.11028818791407324,,,
2017-05-25,0.0,0.09277465744937853,,,
2017-05-26,0.0,0.09823652404786755,,,
2017-05-27,0.0,0.10172635828169163,,,
2017-05-28,0.0,0.0965357577569747,,,
2017-05-29,0.0,0.10265144105415241,,,
2017-05-30,0.0,0.0986938998632749,,,
2017-05-31,0.0,0.11026560954813157,,,
2017-06-01,0.0,0.09278944301656565,,,
2017-06-02,0.0,0.09823968429284384,,,
2017-06-03,0.0,0.1017221036376795,,,
2017-06-04,0.0,0.0965425663456505,,,
2017-06-05,0.0,0.10264525611123887,,,
2017-06-06,0.0,0.09869615336492688,,,
2017-06-07,0.0,0.11024325977180989,,,
2017-06-08,0.0,0.092804293772521,,,
2017-06-09,0.0,0.09824295493944091,,,
2017-06-10,0.0,0.1017179868079008,,,
2017-06-11,0.0,0.09654946179066978,,,
2017-06-12,0.0,0.10263920935186466,,,
2017-06-13,0.0,0.09869850549798896,,,
2017-06-14,0.0,0.11022110950353702,,,
2017-06-15,0.0,0.0928191825945821,,,
2017-06-16,0.0,0.0982463094646115,,,
2017-06-17,0.0,0.10171398195252074,,,
2017-06-18,0.0,0.09655641940579213,,,
2017-06-19,0.0,0.10263327656567102,,,
2017-06-20,0.0,0.09870093307894667,,,
2017-06-21,0.0,0.11019913566829997,,,
2017-06-22,0.0,0.09283408815860833,,,
2017-06-23,0.0,0.0982497269536776,,,
2017-06-24,0.0,0.10171006865545833,,,
2017-06-25,0.0,0.09656341974577218,,,
2017-06-26,0.0,0.10262743861201912,,,
2017-06-27,0.0,0.09870341782363176,,,
2017-06-28,0.0,0.11017731993320037,,,
2017-06-29,0.0,0.09284899371664945,,,
2017-06-30,0.0,0.09825319091859544,,,
2017-07-01,0.0,0.10170623078188651,,,
2017-07-02,0.0,0.09657044750185874,,,
2017-07-03,0.0,0.10262168035216762,,,
2017-07-04,0.0,0.09870594531490938,,,
2017-07-05,0.0,0.11015564770939151,,,
2017-07-06,0.0,0.09286388613214125,,,
2017-07-07,0.0,0.0982566883651891,,,
2017-07-08,0.0,0.10170245557643137,,,
2017-07-09,0.0,0.09657749062999264,,,
2017-07-10,0.0,0.10261598980641545,,,
2017-07-11,0.0,0.0987085041878532,,,
2017-07-12,0.0,0.11013410736427602,,,
2017-07-13,0.0,0.09287875511837197,,,
2017-07-14,0.0,0.09826020905689978,,,
2017-07-15,0.0,0.10169873295135978,,,
2017-07-16,0.0,0.09658453966267806,,,
2017-07-17,0.0,0.10261035748881372,,,
2017-07-18,0.0,0.0987110854865878,,,
2017-07-19,0.0,0.11011268959966608,,,
2017-07-20,0.0,0.09289359263739494,,,
2017-07-21,0.0,0.09826374493364914,,,
2017-07-22,0.0,0.10169505492472894,,,
2017-07-23,0.0,0.09659158716583134,,,
2017-07-24,0.0,0.10260477588203704,,,
2017-07-25,0.0,0.0987136821566321,,,
2017-07-26,0.0,0.11009138696094199,,,
2017-07-27,0.0,0.09290839242558457,,,
2017-07-28,0.0,0.09826728965313745,,,
2017-07-29,0.0,0.1016914151769042,,,
2017-07-30,0.0,0.09659862731006348,,,
2017-07-31,0.0,0.10259923902288573,,,
2017-08-01,0.0,0.09871628864419625,,,
2017-08-02,0.0,0.11007019344961039,,,
2017-08-03,0.0,0.09292314961915445,,,
2017-08-04,0.0,0.098270838228782,,,
2017-08-05,0.0,0.10168780870050739,,,
2017-08-06,0.0,0.09660565553228759,,,
2017-08-07,0.0,0.10259374217511105,,,
2017-08-08,0.0,0.09871890057989945,,,
2017-08-09,0.0,0.11004910421747816,,,
2017-08-10,0.0,0.09293786045857776,,,
2017-08-11,0.0,0.09827438674393585,,,
2017-08-12,0.0,0.10168423152411171,,,
2017-08-13,0.0,0.09661266826862154,,,
2017-08-14,0.0,0.10258828157116667,,,
2017-08-15,0.0,0.09872151452912264,,,
2017-08-16,0.0,0.11002811532524746,,,
2017-08-17,0.0,0.0929525220552867,,,
2017-08-18,0.0,0.09827793212631597,,,
2017-08-19,0.0,0.10168068049414661,,,
2017-08-20,0.0,0.09661966274356558,,,
2017-08-21,0.0,0.10258285420836492,,,
2017-08-22,0.0,0.09872412779495776,,,
2017-08-23,0.0,0.11000722355196005,,,
2017-08-24,0.0,0.09296713220753001,,,
2017-08-25,0.0,0.09828147196995636,,,
2017-08-26,0.0,0.10167715310274883,,,
2017-08-27,0.0,0.0966266368035987,,,
2017-08-28,0.0,0.10257745768797595,,,
2017-08-29,0.0,0.09872673826267254,,,
2017-08-30,0.0,0.1099864262445776,,,
2017-08-31,0.0,0.09298168925503206,,,
2017-09-01,0.0,0.09828500439467316,,,
2017-09-02,0.0,0.10167364735188004,,,
2017-09-03,0.0,0.096633588785836,,,
2017-09-04,0.0,0.10257209008822292,,,
2017-09-05,0.0,0.09872934427694424,,,
2017-09-06,0.0,0.10996572119924314,,,
2017-09-07,0.0,0.0929961919642786,,,
2017-09-08,0.0,0.09828852793513909,,,
2017-09-09,0.0,0.10167016164607018,,,
2017-09-10,0.0,0.09664051741435999,,,
2017-09-11,0.0,0.10256674986403175,,,
2017-09-12,0.0,0.09873194454495884,,,
2017-09-13,0.0,0.10994510656754847,,,
2017-09-14,0.0,0.09301063943797691,,,
2017-09-15,0.0,0.09829204145332905,,,
2017-09-16,0.0,0.10166669470775594,,,
2017-09-17,0.0,0.09664742171839581,,,
2017-09-18,0.0,0.10256143576789896,,,
2017-09-19,0.0,0.09873453805992616,,,
2017-09-20,0.0,0.1099245807825399,,,
2017-09-21,0.0,0.09302503104359716,,,
2017-09-22,0.0,0.09829554406941307,,,
2017-09-23,0.0,0.10166324551045407,,,
2017-09-24,0.0,0.09665430096772823,,,
2017-09-25,0.0,0.10255614678742882,,,
2017-09-26,0.0,0.09873712404070986,,,
2017-09-27,0.0,0.10990414250030389,,,
2017-09-28,0.0,0.09303936635697473,,,
2017-09-29,0.0,0.09829903510721007,,,
2017-09-30,0.0,0.10165981322601193,,,
2017-10-01,0.0,0.09666115462172764,,,
2017-10-02,0.0,0.10255088209602733,,,
2017-10-03,0.0,0.09873970188417719,,,
2017-10-04,0.0,0.10988379055385011,,,
2017-10-05,0.0,0.09305364511780072,,,
2017-10-06,0.0,0.0983025140511349,,,
2017-10-07,0.0,0.10165639718296984,,,
2017-10-08,0.0,0.09666798228911844,,,
2017-10-09,0.0,0.10254564101398192,,,
2017-10-10,0.0,0.09874227112758857,,,
2017-10-11,0.0,0.10986352391670182,,,
2017-10-12,0.0,0.09306786719449572,,,
2017-10-13,0.0,0.09830598051221716,,,
2017-10-14,0.0,0.10165299683369397,,,
2017-10-15,0.0,0.09667478369622604,,,
2017-10-16,0.0,0.10254042297773833,,,
2017-10-17,0.0,0.09874483141891223,,,
2017-10-18,0.0,0.10984334167414761,,,
2017-10-19,0.0,0.09308203255649018,,,
2017-10-20,0.0,0.09830943420128055,,,
2017-10-21,0.0,0.10164961172843207,,,
2017-10-22,0.0,0.09668155866191637,,,
2017-10-23,0.0,0.10253522751564786,,,
2017-10-24,0.0,0.09874738249339361,,,
2017-10-25,0.0,0.10982324300054172,,,
2017-10-26,0.0,0.09309614125235052,,,
2017-10-27,0.0,0.09831287490777421,,,
2017-10-28,0.0,0.10164624149483376,,,
2017-10-29,0.0,0.0966883070778182,,,
2017-10-30,0.0,0.10253005422882214,,,
2017-10-31,0.0,0.09874992415506244,,,
2017-11-01,0.0,0.10980322714137761,,,
2017-11-02,0.0,0.09311019339251984,,,
2017-11-03,0.0,0.09831630248306539,,,
2017-11-04,0.0,0.10164288582178398,,,
2017-11-05,0.0,0.09669502889271477,,,
2017-11-06,0.0,0.10252490277601897,,,
2017-11-07,0.0,0.0987524562621368,,,
2017-11-08,0.0,0.1097832933991301,,,
2017-11-09,0.0,0.0931241891357004,,,
2017-11-10,0.0,0.0983197168272532,,,
2017-11-11,0.0,0.10163954444664089,,,
2017-11-12,0.0,0.09670172410022668,,,
2017-11-13,0.0,0.10251977286171038,,,
2017-11-14,0.0,0.09875497871550327,,,
2017-11-15,0.0,0.10976344112207179,,,
2017-11-16,0.0,0.09313812867811117,,,
2017-11-17,0.0,0.09832311787876206,,,
2017-11-18,0.0,0.1016362171451611,,,
2017-11-19,0.0,0.09670839272909242,,,
2017-11-20,0.0,0.10251466422666207,,,
2017-11-21,0.0,0.0987574914496251,,,
2017-11-22,0.0,0.10974366969543732,,,
2017-11-23,0.0,0.09315201224501397,,,
2017-11-24,0.0,0.0983265056061288,,,
2017-11-25,0.0,0.10163290372354604,,,
2017-11-26,0.0,0.0967150348354994,,,
2017-11-27,0.0,0.10250957664049581,,,
2017-11-28,0.0,0.09875999442536687,,,
2017-11-29,0.0,0.10972397853444099,,,
2017-11-30,0.0,0.09316584008403096,,,
2017-12-01,0.0,0.09832988000152146,,,
2017-12-02,0.0,0.10162960401216256,,,
2017-12-03,0.0,0.09672165049703314,,,
2017-12-04,0.0,0.10250450989581637,,,
2017-12-05,0.0,0.09876248762433172,,,
2017-12-06,0.0,0.10970436707875746,,,
2017-12-07,0.0,0.09317961245987534,,,
2017-12-08,0.0,0.09833324107562497,,,
2017-12-09,0.0,0.10162631786058526,,,
2017-12-10,0.0,0.09672823980790425,,,
2017-12-11,0.0,0.10249946380357387,,,
2017-12-12,0.0,0.09876497104439282,,,
2017-12-13,0.0,0.1096848347881571,,,
2017-12-14,0.0,0.09319332965019779,,,
2017-12-15,0.0,0.09833658885360552,,,
2017-12-16,0.0,0.10162304513368174,,,
2017-12-17,0.0,0.09673480287518321,,,
2017-12-18,0.0,0.102494438189401,,,
2017-12-19,0.0,0.09876744469616701,,,
2017-12-20,0.0,0.10966538113905322,,,
2017-12-21,0.0,0.0932069919423136,,,
2017-12-22,0.0,0.09833992337192671,,,
2017-12-23,0.0,0.10161978570852151,,,
2017-12-24,0.0,0.09674133981583137,,,
2017-12-25,0.0,0.10248943289072013,,,
2017-12-26,0.0,0.09876990860023255,,,
2017-12-27,0.0,0.10964600562176874,,,
2017-12-28,0.0,0.09322059963062469,,,
2017-12-29,0.0,0.09834324467583748,,,
2017-12-30,0.0,0.10161653947193466,,,
2017-12-31,0.0,0.09674785075435978,,,
2018-01-01,0.0,0.10248444775445764,,,
2018-01-02,0.0,0.09877236278493379,,,
2018-01-03,0.0,0.10962670773837127,,,
2018-01-04,0.0,0.09323415301458997,,,
2018-01-05,0.0,0.09834655281739081,,,
2018-01-06,0.0,0.1016133063185836,,,
2018-01-07,0.0,0.09675433582098387,,,
2018-01-08,0.0,0.10247948263523801,,,
2018-01-09,0.0,0.09877480728464949,,,
2018-01-10,0.0,0.10960748700095653,,,
2018-01-11,0.0,0.09324765239712889,,,
2018-01-12,0.0,0.0983498478538811,,,
2018-01-13,0.0,0.1016100861494399,,,
2018-01-14,0.0,0.09676079515016948,,,
2018-01-15,0.0,0.1024745373939563,,,
2018-01-16,0.0,0.09877724213842673,,,
2018-01-17,0.0,0.10958834293028594,,,
2018-01-18,0.0,0.09326109808336634,,,
2018-01-19,0.0,0.09835312984661183,,,
2018-01-20,0.0,0.10160687887058052,,,
2018-01-21,0.0,0.09676722887948758,,,
2018-01-22,0.0,0.10246961189664949,,,
2018-01-23,0.0,0.0987796673889037,,,
2018-01-24,0.0,0.10956927505470394,,,
2018-01-25,0.0,0.09327449037964733,,,
2018-01-26,0.0,0.09835639885992446,,,
2018-01-27,0.0,0.10160368439223673,,,
2018-01-28,0.0,0.09677363714871272,,,
2018-01-29,0.0,0.10246470601360382,,,
2018-01-30,0.0,0.09878208308146028,,,
2018-01-31,0.0,0.109550282909276,,,
2018-02-01,0.0,0.09328782959276415,,,
2018-02-02,0.0,0.09835965496043281,,,
2018-02-03,0.0,0.10160050262804186,,,
2018-02-04,0.0,0.09678002009911404,,,
2018-02-05,0.0,0.10245981961864808,,,
2018-02-06,0.0,0.09878448926354845,,,
2018-02-07,0.0,0.109531366035101,,,
2018-02-08,0.0,0.09330111602935168,,,
2018-02-09,0.0,0.09836289821642012,,,
2018-02-10,0.0,0.10159733349443659,,,
2018-02-11,0.0,0.09678637787289783,,,
2018-02-12,0.0,0.10245495258859424,,,
2018-02-13,0.0,0.09878688598416481,,,
2018-02-14,0.0,0.1095125239787614,,,
2018-02-15,0.0,0.09331434999541488,,,
2018-02-16,0.0,0.09836612869736452,,,
2018-02-17,0.0,0.1015941769101981,,,
2018-02-18,0.0,0.09679271061276998,,,
2018-02-19,0.0,0.10245010480279382,,,
2018-02-20,0.0,0.09878927329343494,,,
2018-02-21,0.0,0.10949375629188217,,,
2018-02-22,0.0,0.09332753179596102,,,
2018-02-23,0.0,0.09836934647356531,,,
2018-02-24,0.0,0.10159103279606749,,,
2018-02-25,0.0,0.09679901846159297,,,
2018-02-26,0.0,0.10244527614278606,,,
2018-02-27,0.0,0.0987916512422863,,,
2018-02-28,0.0,0.10947506253077555,,,
2018-03-01,0.0,0.09334066173471395,,,
2018-03-02,0.0,0.09837255161584947,,,
2018-03-03,0.0,0.10158790107445421,,,
2018-03-04,0.0,0.09680530156211739,,,
2018-03-05,0.0,0.10244046649201838,,,
2018-03-06,0.0,0.0987940198821909,,,
2018-03-07,0.0,0.10945644225615392,,,
2018-03-08,0.0,0.09335374011389364,,,
2018-03-09,0.0,0.09837574419534097,,,
2018-03-10,0.0,0.10158478166920193,,,
2018-03-11,0.0,0.09681156005677241,,,
2018-03-12,12.0,0.10243567573562407,,,
2018-03-13,0.0,5.385700633154902,,,
2018-03-14,0.0,0.3325440692307563,,,
2018-03-15,0.0,0.3090583228337023,,,
2018-03-16,0.0,0.3069023344445066,,,
2018-03-17,0.0,0.30318226998585074,,,
2018-03-18,0.0,0.29171821973120726,,,
2018-03-19,0.0,0.3151982055903204,,,
2018-03-20,0.0,0.27023413835488164,,,
2018-03-21,0.0,0.2850737945534201,,,
2018-03-22,0.0,0.2631964948297475,,,
2018-03-23,0.0,0.26255527239731696,,,
2018-03-24,0.0,0.26030220091061235,,,
2018-03-25,0.0,0.2502724704476333,,,
2018-03-26,0.0,0.2742107097597618,,,
2018-03-27,0.0,0.23189422846651495,,,
2018-03-28,0.0,0.24761736648435073,,,
2018-03-29,0.0,0.2270155957929243,,,
2018-03-30,0.0,0.22756744544983354,,,
2018-03-31,0.0,0.22647048795239874,,,
2018-04-01,0.0,0.21757431877107247,,,
2018-04-02,0.0,0.24254286850454101,,,
2018-04-03,0.0,0.20135004632027606,,,
2018-04-04,0.0,0.2180490924807097,,,
2018-04-05,0.0,0.19846057865006206,,,
2018-04-06,0.0,0.19995210270470232,,,
2018-04-07,0.0,0.19976637713319434,,,
2018-04-08,0.0,0.1917668474609287,,,
2018-04-09,0.0,0.21753691768804212,,,
2018-04-10,0.0,0.17724607429307176,,,
2018-04-11,0.0,0.19470714735319525,,,
2018-04-12,0.0,0.17592484759112942,,,
2018-04-13,0.0,0.17815604090405196,,,
2018-04-14,0.0,0.17868826056775555,,,
2018-04-15,0.0,0.1713983549575145,,,
2018-04-16,0.0,0.1977894013859573,,,
2018-04-17,0.0,0.15822550105254302,,,
2018-04-18,0.0,0.17627981120152159,,,
2018-04-19,0.0,0.1581402767554808,,,
2018-04-20,0.0,0.16095327818686783,,,
2018-04-21,1.0,0.16205088192598244,,,
2018-04-22,0.0,0.5958989042090879,,,
2018-04-23,0.0,0.2007850355588536,,,
2018-04-24,0.0,0.16119195539385422,,,
2018-04-25,0.0,0.17910894052047877,,,
2018-04-26,0.0,0.1609056266141631,,,
2018-04-27,0.0,0.16361753125975023,,,
2018-04-28,0.0,0.16662691818414344,,,
2018-04-29,0.0,0.15693285560340087,,,
2018-04-30,0.0,0.1845105015198647,,,
2018-05-01,0.0,0.14552839595754138,,,
2018-05-02,0.0,0.1639273516678264,,,
2018-05-03,0.0,0.14625870014260317,,,
2018-05-04,0.0,0.14944820950261775,,,
2018-05-05,0.0,0.1528466465522984,,,
2018-05-06,0.0,0.1437259709153378,,,
2018-05-07,0.0,0.1716564265132573,,,
2018-05-08,0.0,0.1331713485842769,,,
2018-05-09,0.0,0.15194253559082962,,,
2018-05-10,0.0,0.1347021898714124,,,
2018-05-11,0.0,0.13826663447446436,,,
2018-05-12,0.0,0.1420267873574906,,,
2018-05-13,0.0,0.13327989733866238,,,
2018-05-14,0.0,0.16150090632731104,,,
2018-05-15,0.0,0.12342290260320467,,,
2018-05-16,0.0,0.14247977509557688,,,
2018-05-17,0.0,0.12558380260154978,,,
2018-05-18,0.0,0.12944219068926757,,,
2018-05-19,0.0,0.13348579492388193,,,
2018-05-20,0.0,0.12503689803501442,,,
2018-05-21,0.0,0.1534754600320343,,,
2018-05-22,0.0,0.11573347168793771,,,
2018-05-23,0.0,0.13500774792348608,,,
2018-05-24,0.0,0.11838987451659018,,,
2018-05-25,0.0,0.12247828491214938,,,
2018-05-26,0.0,0.1267435721444813,,,
2018-05-27,0.0,0.11853283223101051,,,
2018-05-28,0.0,0.14713137113581776,,,
2018-05-29,0.0,0.1096692536456422,,,
2018-05-30,0.0,0.1291070679845308,,,
2018-05-31,0.0,0.11271495790959861,,,
2018-06-01,0.0,0.1169829436258106,,,
2018-06-02,0.0,0.121421166282309,,,
2018-06-03,0.0,0.1134013419809849,,,
2018-06-04,0.0,0.1421144562030384,,,
2018-06-05,0.0,0.10488783758515693,,,
2018-06-06,0.0,0.12444670319872107,,,
2018-06-07,0.0,0.10823902274876478,,,
2018-06-08,0.0,0.11264677226791817,,,
2018-06-09,0.0,0.117219460373644,,,
2018-06-10,0.0,0.10935325176471072,,,
2018-06-11,0.0,0.1381451491011779,,,
2018-06-12,0.0,0.10111895005234857,,,
2018-06-13,0.0,0.12076536151558567,,,
2018-06-14,2.0,0.10470946130940809,,,
2018-06-15,0.0,0.9903741069083374,,,
2018-06-16,0.0,0.15108661567432602,,,
2018-06-17,0.0,0.1421087653328985,,,
2018-06-18,0.0,0.16975651825431912,,,
2018-06-19,0.0,0.13174799219026925,,,
2018-06-20,0.0,0.15033892683243827,,,
2018-06-21,0.0,0.13728980618819908,,,
2018-06-22,0.0,0.1351407700108549,,,
2018-06-23,0.0,0.14056095794419973,,,
2018-06-24,0.0,0.1319467913685874,,,
2018-06-25,0.0,0.1598769424935929,,,
2018-06-26,0.0,0.12226473630442303,,,
2018-06-27,0.0,0.14113341325933923,,,
2018-06-28,0.0,0.12826841313615867,,,
2018-06-29,0.0,0.12662284335131627,,,
2018-06-30,0.0,0.13225500185644493,,,
2018-07-01,0.0,0.12393069504160452,,,
2018-07-02,0.0,0.15207213776845951,,,
2018-07-03,0.0,0.11478703987665785,,,
2018-07-04,0.0,0.13386694915607092,,,
2018-07-05,0.0,0.12126529778182521,,,
2018-07-06,0.0,0.11985380591586363,,,
2018-07-07,0.0,0.12569844244682782,,,
2018-07-08,0.0,0.1176058022028389,,,
2018-07-09,0.0,0.14590253959179855,,,
2018-07-10,0.0,0.10888994843837425,,,
2018-07-11,0.0,0.12812870210418217,,,
2018-07-12,0.0,0.11573952859217124,,,
2018-07-13,0.0,0.11451301261237509,,,
2018-07-14,0.0,0.12052272863008873,,,
2018-07-15,0.0,0.11261581079767882,,,
2018-07-16,0.0,0.14102368622796357,,,
2018-07-17,0.0,0.10424044959740744,,,
2018-07-18,0.0,0.12359672617615038,,,
2018-07-19,0.0,0.11137985950466307,,,
2018-07-20,0.0,0.11029956112685035,,,
2018-07-21,0.0,0.1164369536034573,,,
2018-07-22,0.0,0.10867948255098567,,,
2018-07-23,0.0,0.1371636850197604,,,
2018-07-24,0.0,0.10057568825438806,,,
2018-07-25,0.0,0.12001690114506552,,,
2018-07-26,0.0,0.10794061606351041,,,
2018-07-27,0.0,0.10697594159018944,,,
2018-07-28,0.0,0.1132114971647286,,,
2018-07-29,0.0,0.1055748289326202,,,
2018-07-30,0.0,0.13410792392721915,,,
2018-07-31,0.0,0.09768818624234664,,,
2018-08-01,0.0,0.11718864333371638,,,
2018-08-02,0.0,0.10522788114919776,,,
2018-08-03,0.0,0.10435468140248177,,,
2018-08-04,0.0,0.11066511418280707,,,
2018-08-05,0.0,0.10312662874229811,,,
2018-08-06,0.0,0.13168700396035485,,,
2018-08-07,0.0,0.09541417581603602,,,
2018-08-08,0.0,0.11495362682770409,,,
2018-08-09,0.0,0.10308859102651623,,,
2018-08-10,0.0,0.10228780365593225,,,
2018-08-11,0.0,0.10865474320223693,,,
2018-08-12,0.0,0.10119657542463555,,,
2018-08-13,0.0,0.12976721394390195,,,
2018-08-14,0.0,0.0936243909805651,,,
2018-08-15,0.0,0.11318688084407424,,,
2018-08-16,0.0,0.10140192857972082,,,
2018-08-17,0.0,0.10065850640154472,,,
2018-08-18,0.0,0.10706746211741208,,,
2018-08-19,0.0,0.09967550009594818,,,
2018-08-20,0.0,0.128243012008251,,,
2018-08-21,0.0,0.09221679885410204,,,
2018-08-22,0.0,0.11178976265899276,,,
2018-08-23,0.0,0.10007252977503409,,,
2018-08-24,0.0,0.0993745948834483,,,
2018-08-25,0.0,0.10581413858262802,,,
2018-08-26,0.0,0.09847723298233345,,,
2018-08-27,0.0,0.12703109103967908,,,
2018-08-28,0.0,0.09111086234813061,,,
2018-08-29,0.0,0.11068441096124751,,,
2018-08-30,0.0,0.09902512134902772,,,
2018-08-31,0.0,0.09836329743462716,,,
2018-09-01,0.0,0.10482441811965686,,,
2018-09-02,0.0,0.09753375809691828,,,
2018-09-03,0.0,0.12606569438945048,,,
2018-09-04,0.0,0.09024301155515166,,,
2018-09-05,0.0,0.10980936774309798,,,
2018-09-06,0.0,0.09820028819961515,,,
2018-09-07,0.0,0.0975671735314425,,,
2018-09-08,0.0,0.10404276810362152,,,
2018-09-09,0.0,0.09679138870332961,,,
2018-09-10,0.0,0.12529491844373275,,,
2018-09-11,0.0,0.08956306919963301,,,
2018-09-12,0.0,0.10911612254712,,,
2018-09-13,0.0,0.09755113247981778,,,
2018-09-14,0.0,0.09694088391665874,,,
2018-09-15,1.0,0.10342535518023056,,,
2018-09-16,0.0,0.5367832564542604,,,
2018-09-17,0.0,0.14327006045278295,,,
2018-09-18,1.0,0.10700580478803344,,,
2018-09-19,0.0,0.5665180010574178,,,
2018-09-20,0.0,0.1324319256455751,,,
2018-09-21,0.0,0.1306637742043976,,,
2018-09-22,0.0,0.1379471991618232,,,
2018-09-23,0.0,0.12687863969011848,,,
2018-09-24,0.0,0.15506304786435948,,,
2018-09-25,0.0,0.12040208195931346,,,
2018-09-26,0.0,0.13614200467056214,,,
2018-09-27,0.0,0.12450708958158307,,,
2018-09-28,0.0,0.12300358712425927,,,
2018-09-29,0.0,0.1304543203147201,,,
2018-09-30,0.0,0.11975394004726264,,,
2018-10-01,0.0,0.14809196081702197,,,
2018-10-02,0.0,0.11365184229063224,,,
2018-10-03,0.0,0.1296866007000245,,,
2018-10-04,0.0,0.11825635469524687,,,
2018-10-05,0.0,0.116961861013671,,,
2018-10-06,0.0,0.12459806696662899,,,
2018-10-07,0.0,0.11411025706305337,,,
2018-10-08,1.0,0.14258214651187942,,,
2018-10-09,0.0,0.5489607850618955,,,
2018-10-10,0.0,0.143157074291669,,,
2018-10-11,0.0,0.13129850285800337,,,
2018-10-12,1.0,0.12957185487417694,,,
2018-10-13,0.0,0.5773489590142802,,,
2018-10-14,0.0,0.1444910327851714,,,
2018-10-15,0.0,0.17381992815761294,,,
2018-10-16,0.0,0.13594384993479358,,,
2018-10-17,0.0,0.1519589807995067,,,
2018-10-18,0.0,0.1398271654223354,,,
2018-10-19,0.0,0.1397385289027202,,,
2018-10-20,0.0,0.14388733588760183,,,
2018-10-21,0.0,0.1335749234550559,,,
2018-10-22,0.0,0.16313802479555828,,,
2018-10-23,0.0,0.12578326420215635,,,
2018-10-24,0.0,0.14207509122217094,,,
2018-10-25,0.0,0.13029094634402322,,,
2018-10-26,0.0,0.13044520809744484,,,
2018-10-27,0.0,0.13499361717584765,,,
2018-10-28,0.0,0.1249638646558185,,,
2018-10-29,0.0,0.15475664677293716,,,
2018-10-30,0.0,0.11774535993841644,,,
2018-10-31,0.0,0.13427273227529285,,,
2018-11-01,0.0,0.12276701124404245,,,
2018-11-02,0.0,0.12316917719798975,,,
2018-11-03,0.0,0.12794906212634244,,,
2018-11-04,0.0,0.1181697299044652,,,
2018-11-05,0.0,0.14813201672915177,,,
2018-11-06,0.0,0.11140558160277926,,,
2018-11-07,0.0,0.12811218075841202,,,
2018-11-08,0.0,0.11683025074836445,,,
2018-11-09,0.0,0.11742758225784575,,,
2018-11-10,0.0,0.12238800652625034,,,
2018-11-11,0.0,0.11280973158382533,,,
2018-11-12,0.0,0.14289406752078188,,,
2018-11-13,0.0,0.10640616211059681,,,
2018-11-14,0.0,0.12324755880811805,,,
2018-11-15,0.0,0.11214628202560727,,,
2018-11-16,0.0,0.11289715294960298,,,
2018-11-17,0.0,0.11799791887444944,,,
2018-11-18,0.0,0.10858172533845088,,,
2018-11-19,0.0,0.1387506951596229,,,
2018-11-20,0.0,0.10246470650444331,,,
2018-11-21,0.0,0.11940585580719659,,,
2018-11-22,0.0,0.10845116786844958,,,
2018-11-23,0.0,0.1093227234466202,,,
2018-11-24,0.0,0.11453210975106352,,,
2018-11-25,0.0,0.1052472206606887,,,
2018-11-26,0.0,0.1354713340295606,,,
2018-11-27,0.0,0.09935831303145459,,,
2018-11-28,0.0,0.11637157717634614,,,
2018-11-29,0.0,0.10553657565759797,,,
2018-11-30,0.0,0.10650288460080318,,,
2018-12-01,0.0,0.11179586062573654,,,
2018-12-02,0.0,0.10261797070262471,,,
2018-12-03,0.0,0.13287399237608427,,,
2018-12-04,0.0,0.09691103949455852,,,
2018-12-05,0.0,0.11397462726394819,,,
2018-12-06,0.0,0.10323806294367822,,,
2018-12-07,0.0,0.10427865883089496,,,
2018-12-08,0.0,0.10963547496326581,,,
2018-12-09,0.0,0.10054538726375387,,,
2018-12-10,0.0,0.13081501907871038,,,
2018-12-11,0.0,0.09498401011517227,,,
2018-12-12,0.0,0.11208074499337582,,,
2018-12-13,0.0,0.10142583094984914,,,
2018-12-14,0.0,0.10252456091470614,,,
2018-12-15,0.0,0.10792963597437476,,,
2018-12-16,0.0,0.09891218576321169,,,
2018-12-17,0.0,0.12918102629597322,,,
2018-12-18,0.0,0.09346760662024528,,,
2018-12-19,0.0,0.11058395446822579,,,
2018-12-20,0.0,0.09999742606846562,,,
2018-12-21,0.0,0.10114154203744195,,,
2018-12-22,0.0,0.10658258506147764,,,
2018-12-23,0.0,0.09762579039684666,,,
2018-12-24,0.0,0.12788251379676474,,,
2018-12-25,0.0,0.09227530446187535,,,
2018-12-26,0.0,0.10940060603635923,,,
2018-12-27,0.0,0.09887197896024372,,,
2018-12-28,0.0,0.10005142034319958,,,
2018-12-29,0.0,0.10551873738644701,,,
2018-12-30,0.0,0.09661312865408579,,,
2018-12-31,0.0,0.12684883647710865,,,
2019-01-01,0.0,0.0913388075830113,,,
2019-01-02,0.0,0.10846467274462127,,,
2019-01-03,0.0,0.0979856573232601,,,
2019-01-04,0.0,0.0991924848222797,,,
2019-01-05,0.0,0.10467843179630561,,,
2019-01-06,0.0,0.09581652249278799,,,
2019-01-07,0.0,0.12602423208831526,,,
2019-01-08,0.0,0.09060420815955067,,,
2019-01-09,0.0,0.10772403770627974,,,
2019-01-10,1.0,0.09728807664333172,,,
2019-01-11,0.0,0.5390898988030844,,,
2019-01-12,0.0,0.12260642645929826,,,
2019-01-13,0.0,0.11316441284303864,,,
2019-01-14,0.0,0.14274131150588742,,,
2019-01-15,0.0,0.10682809624862383,,,
2019-01-16,0.0,0.12337841636802056,,,
2019-01-17,0.0,0.11431738793830903,,,
2019-01-18,0.0,0.112336056232895,,,
2019-01-19,0.0,0.11813043168574798,,,
2019-01-20,0.0,0.10885283284800668,,,
2019-01-21,0.0,0.13851894145671745,,,
2019-01-22,0.0,0.10280820004297876,,,
2019-01-23,0.0,0.11946188480721948,,,
2019-01-24,0.0,0.11047420120339141,,,
2019-01-25,0.0,0.10872426388016536,,,
2019-01-26,0.0,0.11459822653724394,,,
2019-01-27,0.0,0.10545362006516623,,,
2019-01-28,0.0,0.13517881166254964,,,
2019-01-29,0.0,0.09964100054114604,,,
2019-01-30,0.0,0.11636982077747728,,,
2019-01-31,0.0,0.10749989737556173,,,
2019-02-01,0.0,0.10585132560492683,,,
2019-02-02,0.0,0.11180964595673928,,,
2019-02-03,0.0,0.10277326207775851,,,
2019-02-04,0.0,0.13253383983659417,,,
2019-02-05,0.0,0.09714563408248231,,,
2019-02-06,0.0,0.11392737073559306,,,
2019-02-07,0.0,0.10515356503845269,,,
2019-02-08,0.0,0.10358548052433612,,,
2019-02-09,0.0,0.10960803039182644,,,
2019-02-10,0.0,0.10066030609580615,,,
2019-02-11,0.0,0.13043760551743738,,,
2019-02-12,0.0,0.09518054748127924,,,
2019-02-13,0.0,0.1119976851973615,,,
2019-02-14,0.0,0.10330290292510942,,,
2019-02-15,0.0,0.10179882416624234,,,
2019-02-16,0.0,0.10786972419705672,,,
2019-02-17,0.0,0.09899520637213274,,,
2019-02-18,0.0,0.12877453489602547,,,
2019-02-19,0.0,0.09363400904827128,,,
2019-02-20,0.0,0.11047274511007373,,,
2019-02-21,0.0,0.10184348207295695,,,
2019-02-22,0.0,0.10039039808550533,,,
2019-02-23,0.0,0.10649712260044411,,,
2019-02-24,0.0,0.09768360224861976,,,
2019-02-25,0.0,0.127453402259534,,,
2019-02-26,0.0,0.09241782600581845,,,
2019-02-27,0.0,0.10926728805953935,,,
2019-02-28,0.0,0.10069287388221795,,,
2019-03-01,0.0,0.09928051306424968,,,
2019-03-02,0.0,0.10541318348797876,,,
2019-03-03,0.0,0.0966510123380564,,,
2019-03-04,0.0,0.12640220050683085,,,
2019-03-05,0.0,0.09146238547524801,,,
2019-03-06,0.0,0.10831401406234226,,,
2019-03-07,0.0,0.0997860152348262,,,
2019-03-08,0.0,0.09840626826140547,,,
2019-03-09,0.0,0.10455709540793795,,,
2019-03-10,0.0,0.09583864649948373,,,
2019-03-11,0.0,0.12556409230858767,,,
2019-03-12,0.0,0.0907127401949468,,,
2019-03-13,0.0,0.10755980136881234,,,
2019-03-14,0.0,0.09907155005816125,,,
2019-03-15,1.0,0.09771801435691109,,,
2019-03-16,0.0,0.5444552106854367,,,
2019-03-17,0.0,0.11379130685740954,,,
2019-03-18,0.0,0.1428675691151958,,,
2019-03-19,0.0,0.10750156046679119,,,
2019-03-20,0.0,0.12376130322572296,,,
2019-03-21,0.0,0.11474926244220025,,,
2019-03-22,0.0,0.11472511871136248,,,
2019-03-23,0.0,0.11771293340072753,,,
2019-03-24,0.0,0.10933910572400962,,,
2019-03-25,0.0,0.13851096436801943,,,
2019-03-26,0.0,0.10334992065016986,,,
2019-03-27,0.0,0.11971836371910173,,,
2019-03-28,0.0,0.11085526018862542,,,
2019-03-29,0.0,0.11088795855421776,,,
2019-03-30,0.0,0.11409804519576758,,,
2019-03-31,0.0,0.10582891115656304,,,
2019-04-01,0.0,0.13506524517145826,,,
2019-04-02,0.0,0.1000786815041295,,,
2019-04-03,0.0,0.11652667000506932,,,
2019-04-04,0.0,0.1077841627474517,,,
2019-04-05,0.0,0.10791822535980004,,,
2019-04-06,0.0,0.11122064760381584,,,
2019-04-07,0.0,0.10306092284882473,,,
2019-04-08,0.0,0.13233725035601965,,,
2019-04-09,0.0,0.09750110240683721,,,
2019-04-10,1.0,0.11400568690256813,,,
2019-04-11,0.0,0.5459353767552371,,,
2019-04-12,0.0,0.1241667144487495,,,
2019-04-13,0.0,0.12692330579830752,,,
2019-04-14,0.0,0.11825545497284311,,,
2019-04-15,0.0,0.1469750013320933,,,
2019-04-16,1.0,0.11171193837371993,,,
2019-04-17,0.0,0.5701248721506944,,,
2019-04-18,0.0,0.13641274344271948,,,
2019-04-19,0.0,0.13634165895216127,,,
2019-04-20,0.0,0.1386877763715521,,,
2019-04-21,0.0,0.1296426327199801,,,
2019-04-22,0.0,0.15793211280761738,,,
2019-04-23,0.0,0.12419655277932795,,,
2019-04-24,0.0,0.1389379041075125,,,
2019-04-25,0.0,0.12776271556864718,,,
2019-04-26,0.0,0.1279478661491849,,,
2019-04-27,0.0,0.1305665770510398,,,
2019-04-28,0.0,0.12180496940585513,,,
2019-04-29,0.0,0.1503034736754502,,,
2019-04-30,0.0,0.11680560502173118,,,
2019-05-01,0.0,0.13186622120493346,,,
2019-05-02,0.0,0.12091418798440298,,,
2019-05-03,0.0,0.12132498591399442,,,
2019-05-04,0.0,0.12415748097323043,,,
2019-05-05,0.0,0.11562246152788111,,,
2019-05-06,0.0,0.14427516365764093,,,
2019-05-07,0.0,0.11103347135701426,,,
2019-05-08,0.0,0.12625851086249804,,,
2019-05-09,0.0,0.11551019380530782,,,
2019-05-10,0.0,0.11609864027162817,,,
2019-05-11,0.0,0.11909854716598536,,,
2019-05-12,0.0,0.11074519711637221,,,
2019-05-13,0.0,0.13950889870575445,,,
2019-05-14,0.0,0.10648124520807224,,,
2019-05-15,0.0,0.12183026273487621,,,
2019-05-16,0.0,0.11124640417721515,,,
2019-05-17,0.0,0.1119746139935329,,,
2019-05-18,0.0,0.1151053343613739,,,
2019-05-19,0.0,0.10689818827336543,,,
2019-05-20,0.0,0.13573882884145683,,,
2019-05-21,0.0,0.10289191272004777,,,
2019-05-22,0.0,0.11833300383796631,,,
2019-05-23,0.0,0.10788260390758814,,,
2019-05-24,0.0,0.10872067484176028,,,
2019-05-25,0.0,0.11195332516326487,,,
2019-05-26,0.0,0.10386437945741972,,,
2019-05-27,0.0,0.13275511114038827,,,
2019-05-28,0.0,0.10006260577722426,,,
2019-05-29,0.0,0.11557060749533524,,,
2019-05-30,0.0,0.10522918448832304,,,
2019-05-31,0.0,0.10615351546597136,,,
2019-06-01,0.0,0.10946530174238844,,,
2019-06-02,0.0,0.10147244273640149,,,
2019-06-03,0.0,0.13039211059506448,,,
2019-06-04,0.0,0.09783319499268579,,,
2019-06-05,0.0,0.1133882654196428,,,
2019-06-06,0.0,0.10313648266773626,,,
2019-06-07,0.0,0.10412844628400897,,,
2019-06-08,0.0,0.10750138112595903,,,
2019-06-09,0.0,0.09958714424536431,,,
2019-06-10,0.0,0.12851908673179158,,,
2019-06-11,0.0,0.09607728584152832,,,
2019-06-12,1.0,0.11166378307326909,,,
2019-06-13,0.0,0.5420601993297004,,,
2019-06-14,0.0,0.12112259735942649,,,
2019-06-15,0.0,0.12392511122284597,,,
2019-06-16,0.0,0.11547836032223228,,,
2019-06-17,0.0,0.1438319782917937,,,
2019-06-18,0.0,0.11093596009997843,,,
2019-06-19,0.0,0.12780968298683681,,,
2019-06-20,0.0,0.11456841966491493,,,
2019-06-21,0.0,0.11591307952716588,,,
2019-06-22,0.0,0.11888257508914957,,,
2019-06-23,0.0,0.1106166677449126,,,
2019-06-24,0.0,0.13908182514318365,,,
2019-06-25,0.0,0.1063981577675997,,,
2019-06-26,0.0,0.12332107160870268,,,
2019-06-27,0.0,0.11035128595528647,,,
2019-06-28,0.0,0.11180369964352956,,,
2019-06-29,0.0,0.11490365016614186,,,
2019-06-30,0.0,0.10678319262509847,,,
2019-07-01,0.0,0.13532589128249614,,,
2019-07-02,0.0,0.10282134504858188,,,
2019-07-03,0.0,0.11983348036928662,,,
2019-07-04,0.0,0.10700069512017324,,,
2019-07-05,0.0,0.10856134922576458,,,
2019-07-06,0.0,0.11176297195147611,,,
2019-07-07,0.0,0.10376006043529704,,,
2019-07-08,0.0,0.13235354203528027,,,
2019-07-09,0.0,0.10000188832971538,,,
2019-07-10,0.0,0.11707817834455032,,,
2019-07-11,0.0,0.10435798464684341,,,
2019-07-12,0.0,0.1060033652528279,,,
2019-07-13,0.0,0.10928394557730545,,,
2019-07-14,0.0,0.1013765454740304,,,
2019-07-15,0.0,0.12999972463277498,,,
2019-07-16,0.0,0.0977802210577203,,,
2019-07-17,0.0,0.1149009013301429,,,
2019-07-18,0.0,0.10227401733629982,,,
2019-07-19,0.0,0.10398556668238762,,,
2019-07-20,0.0,0.10732717974675964,,,
2019-07-21,0.0,0.09949788918843662,,,
2019-07-22,0.0,0.12813415814242574,,,
2019-07-23,0.0,0.0960303929247744,,,
2019-07-24,1.0,0.11317988419979273,,,
2019-07-25,0.0,0.5412048403192684,,,
2019-07-26,0.0,0.12098544669539751,,,
2019-07-27,0.0,0.12375656516755909,,,
2019-07-28,0.0,0.11539430091119295,,,
2019-07-29,0.0,0.14345310470816636,,,
2019-07-30,0.0,0.11089379961148917,,,
2019-07-31,0.0,0.12931005607147872,,,
2019-08-01,0.0,0.11372692677070695,,,
2019-08-02,0.0,0.11578085043722253,,,
2019-08-03,0.0,0.11871891208212337,,,
2019-08-04,0.0,0.11053705685438026,,,
2019-08-05,0.0,0.1387082772086935,,,
2019-08-06,0.0,0.10636002883356566,,,
2019-08-07,0.0,0.12482300592345852,,,
2019-08-08,0.0,0.10951501383223439,,,
2019-08-09,0.0,0.11167538155359406,,,
2019-08-10,0.0,0.11474389237583565,,,
2019-08-11,0.0,0.10670708642184479,,,
2019-08-12,0.0,0.1349567513298812,,,
2019-08-13,0.0,0.10278636634090622,,,
2019-08-14,0.0,0.12133612961067751,,,
2019-08-15,0.0,0.10616881550233741,,,
2019-08-16,0.0,0.1084361447110678,,,
2019-08-17,0.0,0.11160634766000477,,,
2019-08-18,0.0,0.10368671431877652,,,
2019-08-19,0.0,0.13198808502579018,,,
2019-08-20,0.0,0.09996936469017144,,,
2019-08-21,0.0,0.11858087743012734,,,
2019-08-22,0.0,0.10352984269817636,,,
2019-08-23,0.0,0.10588064504835512,,,
2019-08-24,0.0,0.10912984567612656,,,
2019-08-25,0.0,0.10130537202267977,,,
2019-08-26,0.0,0.12963737750400342,,,
2019-08-27,0.0,0.09774960420096086,,,
2019-08-28,0.0,0.116403127127084,,,
2019-08-29,0.0,0.10144909549905025,,,
2019-08-30,0.0,0.10386483421059485,,,
2019-08-31,0.0,0.10717512343597443,,,
2019-09-01,0.0,0.09942842500258726,,,
2019-09-02,0.0,0.1277744677560758,,,
2019-09-03,0.0,0.09600125045454955,,,
2019-09-04,0.0,0.11468122557360293,,,
2019-09-05,1.0,0.0998089640696284,,,
2019-09-06,0.0,0.5428485024072707,,,
2019-09-07,0.0,0.12422383985815486,,,
2019-09-08,0.0,0.11592332170500992,,,
2019-09-09,0.0,0.1436730102337098,,,
2019-09-10,0.0,0.11142390403265029,,,
2019-09-11,0.0,0.1295597998487041,,,
2019-09-12,0.0,0.11598997462359295,,,
2019-09-13,0.0,0.11541969849322276,,,
2019-09-14,0.0,0.11905663809116339,,,
2019-09-15,0.0,0.1109405703729392,,,
2019-09-16,0.0,0.1388078402589728,,,
2019-09-17,0.0,0.10677270701383314,,,
2019-09-18,0.0,0.12503173932908235,,,
2019-09-19,0.0,0.11156202468110048,,,
2019-09-20,0.0,0.11123992787969916,,,
2019-09-21,0.0,0.11497945689743734,,,
2019-09-22,0.0,0.10701157112471814,,,
2019-09-23,0.0,0.13496156540614201,,,
2019-09-24,0.0,0.1031063668377214,,,
2019-09-25,0.0,0.1214559126276847,,,
2019-09-26,0.0,0.10812645208324054,,,
2019-09-27,0.0,0.10791842210231518,,,
2019-09-28,0.0,0.11176132391100635,,,
2019-09-29,0.0,0.10391302787833455,,,
2019-09-30,0.0,0.1319183096557904,,,
2019-10-01,0.0,0.10021618262102384,,,
2019-10-02,0.0,0.11863055405189492,,,
2019-10-03,0.0,0.10541633511751071,,,
2019-10-04,0.0,0.10529826368425911,,,
2019-10-05,1.0,0.10922126204549223,,,
2019-10-06,0.0,0.5420445935819613,,,
2019-10-07,0.0,0.14810069548759291,,,
2019-10-08,0.0,0.11591253937468271,,,
2019-10-09,0.0,0.13377416053372954,,,
2019-10-10,0.0,0.12007795750639132,,,
2019-10-11,0.0,0.11947254218963443,,,
2019-10-12,0.0,0.12467608130774288,,,
2019-10-13,0.0,0.11394950801599668,,,
2019-10-14,0.0,0.14224249353635263,,,
2019-10-15,0.0,0.1103006079291282,,,
2019-10-16,0.0,0.12831771623094107,,,
2019-10-17,0.0,0.11482404849261217,,,
2019-10-18,0.0,0.11439312850659833,,,
2019-10-19,0.0,0.119683811568324,,,
2019-10-20,0.0,0.10924078869568206,,,
2019-10-21,0.0,0.13761262570499166,,,
2019-10-22,0.0,0.10587601564550869,,,
2019-10-23,0.0,0.12400925691824315,,,
2019-10-24,0.0,0.11067990259054829,,,
2019-10-25,0.0,0.11038659823311374,,,
2019-10-26,0.0,0.11580067569184804,,,
2019-10-27,0.0,0.10550315494848013,,,
2019-10-28,0.0,0.13395100541097688,,,
2019-10-29,0.0,0.10238732029549066,,,
2019-10-30,0.0,0.12060569597834969,,,
2019-10-31,0.0,0.10741051194425746,,,
2019-11-01,0.0,0.10722575338739573,,,
2019-11-02,0.0,0.11273516280590935,,,
2019-11-03,0.0,0.10255591646733458,,,
2019-11-04,0.0,0.13105367470870427,,,
2019-11-05,0.0,0.0996373429517986,,,
2019-11-06,0.0,0.11791640677313926,,,
2019-11-07,0.0,0.1048315852908222,,,
2019-11-08,0.0,0.10473242714460416,,,
2019-11-09,0.0,0.11031502490006363,,,
2019-11-10,0.0,0.10023254994178088,,,
2019-11-11,0.0,0.12875964359758604,,,
2019-11-12,0.0,0.09747044466761139,,,
2019-11-13,0.0,0.11579092215583374,,,
2019-11-14,0.0,0.10279765625053133,,,
2019-11-15,0.0,0.1027659873177867,,,
2019-11-16,0.0,0.10840430164766543,,,
2019-11-17,0.0,0.09840161377071818,,,
2019-11-18,0.0,0.1269418379083272,,,
2019-11-19,0.0,0.09576377519328126,,,
2019-11-20,1.0,0.11411047401831338,,,
2019-11-21,0.0,0.5417674851925158,,,
2019-11-22,0.0,0.11980662605302361,,,
2019-11-23,0.0,0.12486947093699013,,,
2019-11-24,0.0,0.11433582279608279,,,
2019-11-25,0.0,0.14229894594339254,,,
2019-11-26,0.0,0.1106610790806429,,,
2019-11-27,0.0,0.13022350153767615,,,
2019-11-28,0.0,0.11434178332597933,,,
2019-11-29,0.0,0.11463553242431354,,,
2019-11-30,0.0,0.11986062191638762,,,
2019-12-01,0.0,0.10950961365824587,,,
2019-12-02,0.0,0.1375857274653413,,,
2019-12-03,0.0,0.10615488185575829,,,
2019-12-04,0.0,0.12576212292801842,,,
2019-12-05,0.0,0.11015442504682346,,,
2019-12-06,3.0,0.1105568230459823,,,
2019-12-07,0.0,1.4376295304895448,,,
2019-12-08,0.0,0.16147736094485535,,,
2019-12-09,0.0,0.1877791872608454,,,
2019-12-10,0.0,0.15473049323159774,,,
2019-12-11,0.0,0.1726904785482093,,,
2019-12-12,0.0,0.1555477880794614,,,
2019-12-13,0.0,0.15964735034726996,,,
2019-12-14,0.0,0.15603399474320945,,,
2019-12-15,0.0,0.14663063608623536,,,
2019-12-16,0.0,0.17337878072816004,,,
2019-12-17,0.0,0.14085870645435322,,,
2019-12-18,0.0,0.15924683252331387,,,
2019-12-19,0.0,0.14257537070762039,,,
2019-12-20,0.0,0.14688094027651583,,,
2019-12-21,0.0,0.14399730402815542,,,
2019-12-22,0.0,0.13491880403142986,,,
2019-12-23,0.0,0.16200924071503536,,,
2019-12-24,0.0,0.1299168956286172,,,
2019-12-25,0.0,0.14863590045367658,,,
2019-12-26,0.0,0.1323414480780773,,,
2019-12-27,0.0,0.13697762698577604,,,
2019-12-28,0.0,0.13442519313706477,,,
2019-12-29,0.0,0.1256774165208383,,,
2019-12-30,0.0,0.1530281999453829,,,
2019-12-31,0.0,0.12128404207351831,,,
2020-01-01,0.0,0.14025730126123587,,,
2020-01-02,0.0,0.12426559168302932,,,
2020-01-03,0.0,0.12916069391345666,,,
2020-01-04,0.0,0.12687014173145333,,,
2020-01-05,0.0,0.11838601301290855,,,
2020-01-06,0.0,0.14593249368378844,,,
2020-01-07,0.0,0.11447370352443209,,,
2020-01-08,0.0,0.1336407579415663,,,
2020-01-09,0.0,0.11789315339694117,,,
2020-01-10,0.0,0.12299060178197797,,,
2020-01-11,0.0,0.12090721285089148,,,
2020-01-12,0.0,0.11263377888648403,,,
2020-01-13,0.0,0.14032495922858587,,,
2020-01-14,0.0,0.10910191697927699,,,
2020-01-15,0.0,0.12841506708768383,,,
2020-01-16,0.0,0.1128652662222278,,,
2020-01-17,0.0,0.11812040941180894,,,
2020-01-18,0.0,0.11620099136714206,,,
2020-01-19,0.0,0.10809644622476959,,,
2020-01-20,0.0,0.1358921043592602,,,
2020-01-21,0.0,0.10486560929153398,,,
2020-01-22,0.0,0.12428722695953677,,,
2020-01-23,0.0,0.10889866598678641,,,
2020-01-24,0.0,0.11427626599195019,,,
2020-01-25,0.0,0.11248672433254714,,,
2020-01-26,0.0,0.1045180609375254,,,
2020-01-27,0.0,0.13238648039729006,,,
2020-01-28,0.0,0.10152555602783422,,,
2020-01-29,0.0,0.12102596266628476,,,
2020-01-30,0.0,0.10576976402674962,,,
2020-01-31,0.0,0.11124201306512888,,,
2020-02-01,0.0,0.10955543451225565,,,
2020-02-02,0.0,0.10169659102375192,,,
2020-02-03,0.0,0.12961276875351427,,,
2020-02-04,0.0,0.09889293040146481,,,
2020-02-05,0.0,0.11844872211609661,,,
2020-02-06,0.0,0.1033020752941064,,,
2020-02-07,0.0,0.10884703042902186,,,
2020-02-08,0.0,0.10724217006464765,,,
2020-02-09,0.0,0.09947256675700605,,,
2020-02-10,0.0,0.12741679863722558,,,
2020-02-11,0.0,0.09681868595609736,,,
2020-02-12,0.0,0.11641141154265175,,,
2020-02-13,0.0,0.10135629499778345,,,
2020-02-14,0.0,0.10695664255382911,,,
2020-02-15,0.0,0.10541672967378699,,,
2020-02-16,0.0,0.09772011405454388,,,
2020-02-17,0.0,0.1256768784156411,,,
2020-02-18,0.0,0.09518517601021684,,,
2020-02-19,0.0,0.11480029345849692,,,
2020-02-20,0.0,0.09982246580854971,,,
2020-02-21,0.0,0.10546454608924971,,,
2020-02-22,0.0,0.10397634162749925,,,
2020-02-23,0.0,0.09633987685545463,,,
2020-02-24,0.0,0.12429695320434453,,,
2020-02-25,0.0,0.09389953864130665,,,
2020-02-26,0.0,0.11352559147433122,,,
2020-02-27,0.0,0.09861379520630278,,,
2020-02-28,0.0,0.10428683267569051,,,
2020-02-29,0.0,0.10283988520111774,,,
2020-03-01,0.0,0.09525343054812596,,,
2020-03-02,0.0,0.12320120395457718,,,
2020-03-03,0.0,0.09288847526157053,,,
2020-03-04,0.0,0.11251644239689737,,,
2020-03-05,0.0,0.09766177533244161,,,
2020-03-06,0.0,0.10335727097523853,,,
2020-03-07,0.0,0.10194332942765985,,,
2020-03-08,0.0,0.09439887232604942,,,
2020-03-09,0.0,0.12232978435567787,,,
2020-03-10,0.0,0.09209412919577,,,
2020-03-11,0.0,0.11171691177286527,,,
2020-03-12,0.0,0.09691233094720844,,,
2020-03-13,0.0,0.10262358264125465,,,
2020-03-14,0.0,0.1012361327863374,,,
2020-03-15,0.0,0.09372734052723239,,,
2020-03-16,0.0,0.12163545584796832,,,
2020-03-17,0.0,0.09147083252259618,,,
2020-03-18,0.0,0.1110828488414532,,,
2020-03-19,0.0,0.09632277890008388,,,
2020-03-20,0.0,0.10204450283254043,,,
2020-03-21,0.0,0.10067840137174883,,,
2020-03-22,0.0,0.0932002672472973,,,
2020-03-23,0.0,0.12108093154025412,,,
2020-03-24,0.0,0.09098253826163362,,,
2020-03-25,0.0,0.11057940405672108,,,
2020-03-26,0.0,0.0958594281509876,,,
2020-03-27,0.0,0.10158745999131268,,,
2020-03-28,0.0,0.10023864575387752,,,
2020-03-29,0.0,0.09278720974678308,,,
2020-03-30,0.0,0.12063677968632085,,,
2020-03-31,0.0,0.09060079352350467,,,
2020-04-01,0.0,0.11017906959535545,,,
2020-04-02,0.0,0.09549568539684605,,,
2020-04-03,0.0,0.10122674442410426,,,
2020-04-04,0.0,0.09989201040213487,,,
2020-04-05,0.0,0.09246413871753076,,,
2020-04-06,0.0,0.1202797688376121,,,
2020-04-07,0.0,0.09030313965798407,,,
2020-04-08,1.0,0.10986013267211689,,,
2020-04-09,0.0,0.5357839435822762,,,
2020-04-10,1.0,0.11953315038490603,,,
2020-04-11,0.0,0.5581662244600787,,,
2020-04-12,0.0,0.1281793395417338,,,
2020-04-13,0.0,0.15476352004074445,,,
2020-04-14,0.0,0.12368824539459194,,,
2020-04-15,0.0,0.143791951542234,,,
2020-04-16,0.0,0.12566334526843548,,,
2020-04-17,1.0,0.1327483797674196,,,
2020-04-18,0.0,0.5685711508609428,,,
2020-04-19,0.0,0.13893667746277416,,,
2020-04-20,1.0,0.16511897368520811,,,
2020-04-21,0.0,0.5743205239384155,,,
2020-04-22,0.0,0.1720020576040772,,,
2020-04-23,0.0,0.15306382318430362,,,
2020-04-24,0.0,0.16080916789434951,,,
2020-04-25,0.0,0.1528634469653154,,,
2020-04-26,7.0,0.1450521402311722,,,
2020-04-27,0.0,3.2566869609017273,,,
2020-04-28,0.0,0.26886567107608816,,,
2020-04-29,0.0,0.28469104490874775,,,
2020-04-30,0.0,0.26203455059615316,,,
2020-05-01,0.0,0.2660715263884551,,,
2020-05-02,0.0,0.2547409196965167,,,
2020-05-03,0.0,0.25528065508702014,,,
2020-05-04,0.0,0.2625707324656883,,,
2020-05-05,0.0,0.23058019014299272,,,
2020-05-06,0.0,0.2476141960567732,,,
2020-05-07,0.0,0.226216405931145,,,
2020-05-08,0.0,0.23142854469815108,,,
2020-05-09,0.0,0.22125819646371264,,,
2020-05-10,0.0,0.22239936958726245,,,
2020-05-11,0.0,0.23146893647690647,,,
2020-05-12,0.0,0.20035010914068568,,,
2020-05-13,1.0,0.2183544263197555,,,
2020-05-14,0.0,0.6385288132814939,,,
2020-05-15,0.0,0.22268274616480188,,,
2020-05-16,0.0,0.21281247347262594,,,
2020-05-17,0.0,0.21422603856327666,,,
2020-05-18,0.0,0.22354617651985187,,,
2020-05-19,0.0,0.19273351320474094,,,
2020-05-20,0.0,0.21263106063538773,,,
2020-05-21,0.0,0.19009237409683544,,,
2020-05-22,0.0,0.19715685410911798,,,
2020-05-23,0.0,0.1881438888978407,,,
2020-05-24,0.0,0.19036900735416334,,,
2020-05-25,0.0,0.20046099662738653,,,
2020-05-26,0.0,0.17045824571499332,,,
2020-05-27,0.0,0.1909875471269249,,,
2020-05-28,1.0,0.16929915766738457,,,
2020-05-29,0.0,0.6175824592407713,,,
2020-05-30,0.0,0.18726628789481078,,,
2020-05-31,0.0,0.1895123389100007,,,
2020-06-01,0.0,0.1996118799582986,,,
2020-06-02,0.0,0.16967994344476317,,,
2020-06-03,0.0,0.19019857600936055,,,
2020-06-04,0.0,0.17023541188064784,,,
2020-06-05,0.0,0.17554934943097678,,,
2020-06-06,0.0,0.16795283933925492,,,
2020-06-07,0.0,0.1708325280968292,,,
2020-06-08,0.0,0.18153199999337433,,,
2020-06-09,0.0,0.15224336386797876,,,
2020-06-10,0.0,0.17330503703291275,,,
2020-06-11,0.0,0.1538586012149935,,,
2020-06-12,0.0,0.1598055373331597,,,
2020-06-13,0.0,0.15271095458022965,,,
2020-06-14,0.0,0.1560889964180252,,,
2020-06-15,0.0,0.1672576516971372,,,
2020-06-16,0.0,0.138485712875349,,,
2020-06-17,0.0,0.1599682829184459,,,
2020-06-18,1.0,0.14099214320662432,,,
2020-06-19,0.0,0.5879274493247735,,,
2020-06-20,0.0,0.15927285434410118,,,
2020-06-21,0.0,0.16242466973947073,,,
2020-06-22,0.0,0.17336205423771364,,,
2020-06-23,0.0,0.14442944072100813,,,
2020-06-24,0.0,0.16567830086386898,,,
2020-06-25,0.0,0.14820097663194043,,,
2020-06-26,0.0,0.15197293107310628,,,
2020-06-27,0.0,0.14583181920092683,,,
2020-06-28,0.0,0.14942219149636066,,,
2020-06-29,0.0,0.16077103083491975,,,
2020-06-30,0.0,0.13229890460225824,,,
2020-07-01,0.0,0.1539148188031414,,,
2020-07-02,0.0,0.1367809583507416,,,
2020-07-03,0.0,0.14102485489095146,,,
2020-07-04,0.0,0.13522523890242813,,,
2020-07-05,0.0,0.1391599961678325,,,
2020-07-06,0.0,0.15082928842333787,,,
2020-07-07,0.0,0.12272947365944803,,,
2020-07-08,0.0,0.14462744460160473,,,
2020-07-09,0.0,0.1278265377703662,,,
2020-07-10,0.0,0.13235934458143125,,,
2020-07-11,2.0,0.12685463883217096,,,
2020-07-12,0.0,1.0122077141218826,,,
2020-07-13,0.0,0.18016044835134143,,,
2020-07-14,1.0,0.15112767462766888,,,
2020-07-15,0.0,0.6126195114220467,,,
2020-07-16,0.0,0.1729493391833304,,,
2020-07-17,0.0,0.17597399301075156,,,
2020-07-18,0.0,0.17233103638553704,,,
2020-07-19,0.0,0.17036801144178826,,,
2020-07-20,0.0,0.18230466167367604,,,
2020-07-21,0.0,0.15489381223909748,,,
2020-07-22,0.0,0.17332705582047536,,,
2020-07-23,0.0,0.1562935323357456,,,
2020-07-24,0.0,0.15986308314617842,,,
2020-07-25,0.0,0.15661365758081652,,,
2020-07-26,0.0,0.15537419723325038,,,
2020-07-27,0.0,0.1677281721369961,,,
2020-07-28,0.0,0.1407689175946557,,,
2020-07-29,0.0,0.15974057414698595,,,
2020-07-30,0.0,0.1431523591748383,,,
2020-07-31,0.0,0.1471500358457984,,,
2020-08-01,1.0,0.14432495519969354,,,
2020-08-02,0.0,0.5840669478960385,,,
2020-08-03,0.0,0.17481081545452132,,,
2020-08-04,0.0,0.14765509858908454,,,
2020-08-05,0.0,0.1663659015062286,,,
2020-08-06,0.0,0.14958051031987335,,,
2020-08-07,0.0,0.15335601368551555,,,
2020-08-08,0.0,0.1519710418015895,,,
2020-08-09,0.0,0.14857008037359665,,,
2020-08-10,0.0,0.16177523691204515,,,
2020-08-11,0.0,0.13509151392635957,,,
2020-08-12,0.0,0.15418792385392643,,,
2020-08-13,0.0,0.13783015706062735,,,
2020-08-14,0.0,0.14198762035778162,,,
2020-08-15,0.0,0.14090798709012564,,,
2020-08-16,0.0,0.137978273510406,,,
2020-08-17,0.0,0.15148293789734618,,,
2020-08-18,0.0,0.12517992084066124,,,
2020-08-19,0.0,0.144573906097021,,,
2020-08-20,0.0,0.12855848584984894,,,
2020-08-21,0.0,0.13301556437218043,,,
2020-08-22,0.0,0.13223351101900535,,,
2020-08-23,0.0,0.12959453707452573,,,
2020-08-24,0.0,0.14335467024329135,,,
2020-08-25,0.0,0.11736032165101971,,,
2020-08-26,0.0,0.13698246013316573,,,
2020-08-27,0.0,0.12124210042583133,,,
2020-08-28,0.0,0.12593384284439413,,,
2020-08-29,0.0,0.12538656900567466,,,
2020-08-30,0.0,0.12297759255910237,,,
2020-08-31,0.0,0.13693455159290552,,,
2020-09-01,0.0,0.1111919847137723,,,
2020-09-02,0.0,0.130987500403138,,,
2020-09-03,0.0,0.11546907531027047,,,
2020-09-04,0.0,0.12034421927411812,,,
2020-09-05,0.0,0.11998215499121381,,,
2020-09-06,0.0,0.11775522886328806,,,
2020-09-07,0.0,0.13186274012045235,,,
2020-09-08,0.0,0.10632702723515661,,,
2020-09-09,0.0,0.12625270461080162,,,
2020-09-10,2.0,0.11091426525547243,,,
2020-09-11,1.0,0.9970783816063149,,,
2020-09-12,0.0,0.5934723362801432,,,
2020-09-13,0.0,0.1681712764515625,,,
2020-09-14,0.0,0.18058040188264557,,,
2020-09-15,0.0,0.15346387083049748,,,
2020-09-16,0.0,0.17179167536280188,,,
2020-09-17,0.0,0.1582260686979884,,,
2020-09-18,2.0,0.15870229142169567,,,
2020-09-19,0.0,1.0372462190957135,,,
2020-09-20,1.0,0.19052229875552476,,,
2020-09-21,0.0,0.6427395527248259,,,
2020-09-22,0.0,0.19296128974490112,,,
2020-09-23,0.0,0.20994519451138008,,,
2020-09-24,0.0,0.1949856069542672,,,
2020-09-25,0.0,0.19762542735103783,,,
2020-09-26,0.0,0.1891891257675682,,,
2020-09-27,0.0,0.18825541335574447,,,
2020-09-28,0.0,0.19766176735458596,,,
2020-09-29,0.0,0.17071632457909597,,,
2020-09-30,0.0,0.1884082609638699,,,
2020-10-01,0.0,0.17418197291947846,,,
2020-10-02,0.0,0.17736064336522428,,,
2020-10-03,0.0,0.1698075899057746,,,
2020-10-04,0.0,0.16938464464210556,,,
2020-10-05,0.0,0.1794999258760331,,,
2020-10-06,0.0,0.15316562408761697,,,
2020-10-07,0.0,0.17140968797857942,,,
2020-10-08,0.0,0.15776582569225517,,,
2020-10-09,1.0,0.16148127159769135,,,
2020-10-10,0.0,0.5950369362579864,,,
2020-10-11,0.0,0.173138342980636,,,
2020-10-12,0.0,0.18310962293608785,,,
2020-10-13,0.0,0.15669209630688294,,,
2020-10-14,0.0,0.1747879444775041,,,
2020-10-15,2.0,0.16104929173137017,,,
2020-10-16,0.0,1.047414969026324,,,
2020-10-17,0.0,0.1940005593291061,,,
2020-10-18,0.0,0.19342752662889778,,,
2020-10-19,0.0,0.20270534777904403,,,
2020-10-20,0.0,0.1756732289996872,,,
2020-10-21,1.0,0.19310736595954922,,,
2020-10-22,0.0,0.6225899471145953,,,
2020-10-23,0.0,0.20048870585913514,,,
2020-10-24,0.0,0.1913332616894028,,,
2020-10-25,0.0,0.19081570674501874,,,
2020-10-26,0.0,0.20016118791129783,,,
2020-10-27,0.0,0.17325012448457172,,,
2020-10-28,0.0,0.1923512943791723,,,
2020-10-29,0.0,0.1788785944280883,,,
2020-10-30,0.0,0.17972053347483122,,,
2020-10-31,0.0,0.1712056043140009,,,
2020-11-01,0.0,0.17135306323931648,,,
2020-11-02,0.0,0.18132625924285206,,,
2020-11-03,0.0,0.155077518484608,,,
2020-11-04,1.0,0.17467763035886397,,,
2020-11-05,0.0,0.6024824004560387,,,
2020-11-06,1.0,0.18187151475707442,,,
2020-11-07,0.0,0.6138677576872651,,,
2020-11-08,1.0,0.19195931385369486,,,
2020-11-09,0.0,0.6418023891360285,,,
2020-11-10,0.0,0.19294609136072233,,,
2020-11-11,0.0,0.21286730710219492,,,
2020-11-12,0.0,0.19657624283188135,,,
2020-11-13,0.0,0.19905965486086652,,,
2020-11-14,0.0,0.18765235158864546,,,
2020-11-15,1.0,0.18951161673274364,,,
2020-11-16,0.0,0.6371509531008445,,,
2020-11-17,0.0,0.18914131022962016,,,
2020-11-18,0.0,0.20908182775981055,,,
2020-11-19,0.0,0.19303681796023173,,,
2020-11-20,0.0,0.19552813184395557,,,
2020-11-21,0.0,0.18435181325119698,,,
2020-11-22,0.0,0.18782031594350823,,,
2020-11-23,0.0,0.19276492665545242,,,
2020-11-24,0.0,0.16752517651779253,,,
2020-11-25,0.0,0.18814886362988373,,,
2020-11-26,0.0,0.17281857615953816,,,
2020-11-27,0.0,0.1759732027305325,,,
2020-11-28,0.0,0.16545883836156886,,,
2020-11-29,0.0,0.1694738485811065,,,
2020-11-30,0.0,0.17511706160928242,,,
2020-12-01,0.0,0.15046855236194648,,,
2020-12-02,1.0,0.17162399445797555,,,
2020-12-03,2.0,0.5974349701951107,,,
2020-12-04,0.0,1.060274995407903,,,
2020-12-05,0.0,0.20570474364045427,,,
2020-12-06,0.0,0.2083727931117848,,,
2020-12-07,0.0,0.21271112007014487,,,
2020-12-08,0.0,0.18684719935841615,,,
2020-12-09,0.0,0.20836187696430974,,,
2020-12-10,0.0,0.1933479695931254,,,
2020-12-11,0.0,0.19194399319526134,,,
2020-12-12,0.0,0.18223010798756512,,,
2020-12-13,0.0,0.18566883380596405,,,
2020-12-14,0.0,0.19074953076612988,,,
2020-12-15,0.0,0.16564926515690642,,,
2020-12-16,0.0,0.18775934550077772,,,
2020-12-17,0.0,0.17340503438711952,,,
2020-12-18,0.0,0.17283390262555917,,,
2020-12-19,4.0,0.16370663722273887,,,
2020-12-20,2.0,1.9300469576182882,,,
2020-12-21,0.0,1.128928237112523,,,
2020-12-22,0.0,0.2580015846597131,,,
2020-12-23,1.0,0.2770055167058907,,,
2020-12-24,0.0,0.7002759126321023,,,
2020-12-25,0.0,0.27485194704095117,,,
2020-12-26,1.0,0.268731618863161,,,
2020-12-27,2.0,0.7040577376138788,,,
2020-12-28,1.0,1.1638011013962375,,,
2020-12-29,0.0,0.7336229342580538,,,
2020-12-30,0.0,0.33103899914563084,,,
2020-12-31,0.0,0.3097117967842069,,,
2021-01-01,2.0,0.30525542983233694,,,
2021-01-02,2.0,1.1805798426954617,,,
2021-01-03,0.0,1.2126987513660858,,,
2021-01-04,0.0,0.3648831671393179,,,
2021-01-05,0.0,0.3343922179146611,,,
2021-01-06,1.0,0.35295489164435834,,,
2021-01-07,0.0,0.7715941732816962,,,
2021-01-08,0.0,0.3476020986487611,,,
2021-01-09,0.0,0.3389994258451333,,,
2021-01-10,1.0,0.3293930231378859,,,
2021-01-11,1.0,0.767579450267339,,,
2021-01-12,2.0,0.7570137413289129,,,
2021-01-13,0.0,1.2368593554492457,,,
2021-01-14,0.0,0.3686502621883574,,,
2021-01-15,0.0,0.3658860471405374,,,
2021-01-16,0.0,0.35673576541137575,,,
2021-01-17,0.0,0.34827513916805874,,,
2021-01-18,0.0,0.34454672454268076,,,
2021-01-19,0.0,0.3164290755654511,,,
2021-01-20,1.0,0.33317116021408166,,,
2021-01-21,0.0,0.7516681986368239,,,
2021-01-22,0.0,0.32879592480067943,,,
2021-01-23,0.0,0.32087856919008084,,,
2021-01-24,0.0,0.31353772817963715,,,
2021-01-25,0.0,0.310986095653396,,,
2021-01-26,0.0,0.2839422937747742,,,
2021-01-27,0.0,0.3034873165694927,,,
2021-01-28,0.0,0.2801277298410858,,,
2021-01-29,0.0,0.28090382687820803,,,
2021-01-30,0.0,0.2745780811259253,,,
2021-01-31,0.0,0.2687759313312288,,,
2021-02-01,0.0,0.26770496882177386,,,
2021-02-02,0.0,0.24212980331551948,,,
2021-02-03,0.0,0.26295378558122157,,,
2021-02-04,0.0,0.24106727676987855,,,
2021-02-05,0.0,0.24310196814985335,,,
2021-02-06,0.0,0.23803260141742727,,,
2021-02-07,1.0,0.2334449571373287,,,
2021-02-08,0.0,0.6741148471057041,,,
2021-02-09,0.0,0.227722853437886,,,
2021-02-10,0.0,0.24898701768136755,,,
2021-02-11,0.0,0.2275895327194749,,,
2021-02-12,0.0,0.23006195844976068,,,
2021-02-13,0.0,0.2254265131156588,,,
2021-02-14,0.0,0.2228378451631271,,,
2021-02-15,0.0,0.22105617333162586,,,
2021-02-16,0.0,0.1977352064832598,,,
2021-02-17,0.0,0.21995744721759708,,,
2021-02-18,0.0,0.19954947575274007,,,
2021-02-19,0.0,0.20294359661740177,,,
2021-02-20,1.0,0.19920958752983625,,,
2021-02-21,0.0,0.637991826404128,,,
2021-02-22,0.0,0.21516994737116496,,,
2021-02-23,0.0,0.19204443437412735,,,
2021-02-24,0.0,0.21441743262010646,,,
2021-02-25,1.0,0.19421829816284025,,,
2021-02-26,0.0,0.6383523244611746,,,
2021-02-27,0.0,0.21438437014943168,,,
2021-02-28,0.0,0.20986900838008082,,,
2021-03-01,0.0,0.20925398308939525,,,
2021-03-02,0.0,0.18635409179788714,,,
2021-03-03,0.0,0.20887794933589296,,,
2021-03-04,0.0,0.19046306482620434,,,
2021-03-05,0.0,0.191921713687784,,,
2021-03-06,0.0,0.1906984066410194,,,
2021-03-07,0.0,0.18707222661843226,,,
2021-03-08,0.0,0.1871810125642694,,,
2021-03-09,0.0,0.16504358807588454,,,
2021-03-10,0.0,0.18823750831553593,,,
2021-03-11,0.0,0.1704590218803832,,,
2021-03-12,0.0,0.1726766972219487,,,
2021-03-13,0.0,0.17206080643392996,,,
2021-03-14,1.0,0.16905492079441936,,,
2021-03-15,1.0,0.610331489688485,,,
2021-03-16,0.0,0.6073928870744671,,,
2021-03-17,0.0,0.20850750292818038,,,
2021-03-18,0.0,0.19007766632907538,,,
2021-03-19,0.0,0.19163654656617743,,,
2021-03-20,0.0,0.1903884641327217,,,
2021-03-21,0.0,0.18834316982396615,,,
2021-03-22,0.0,0.18776171396603752,,,
2021-03-23,0.0,0.1640938461717737,,,
2021-03-24,0.0,0.18788243062992874,,,
2021-03-25,0.0,0.17016019494834636,,,
2021-03-26,0.0,0.1723741515825543,,,
2021-03-27,0.0,0.17176334502962465,,,
2021-03-28,0.0,0.17026383994920377,,,
2021-03-29,0.0,0.1703089069600719,,,
2021-03-30,0.0,0.1473237926150871,,,
2021-03-31,2.0,0.1716017147320294,,,
2021-04-01,0.0,1.0355885597787475,,,
2021-04-02,0.0,0.19435382900522344,,,
2021-04-03,0.0,0.19301047710771005,,,
2021-04-04,0.0,0.19080355462202492,,,
2021-04-05,0.0,0.19016248722957887,,,
2021-04-06,0.0,0.16654841601102033,,,
2021-04-07,2.0,0.19327744879211317,,,
2021-04-08,1.0,1.0521630559369965,,,
2021-04-09,0.0,0.652217945244447,,,
2021-04-10,0.0,0.22831611756860198,,,
2021-04-11,0.0,0.22493458186062515,,,
2021-04-12,0.0,0.2231557200094179,,,
2021-04-13,0.0,0.1984759418455911,,,
2021-04-14,0.0,0.22708146833301335,,,
2021-04-15,0.0,0.20109364505448113,,,
2021-04-16,0.0,0.2025475915433359,,,
2021-04-17,0.0,0.2015635244768395,,,
2021-04-18,0.0,0.19906973330724595,,,
2021-04-19,0.0,0.1981468906629153,,,
2021-04-20,0.0,0.1743288459963906,,,
2021-04-21,0.0,0.20354591141426676,,,
2021-04-22,0.0,0.17850279016835446,,,
2021-04-23,0.0,0.18074282253555007,,,
2021-04-24,0.0,0.18045035864811143,,,
2021-04-25,0.0,0.178656902905947,,,
2021-04-26,0.0,0.17840890624289163,,,
2021-04-27,0.0,0.1552773422121025,,,
2021-04-28,1.0,0.18508044310072322,,,
2021-04-29,3.0,0.6012559905746646,,,
2021-04-30,0.0,1.5038172202535218,,,
2021-05-01,0.0,0.23753125903479178,,,
2021-05-02,0.0,0.23383955569040238,,,
2021-05-03,0.0,0.23175420265730176,,,
2021-05-04,0.0,0.20688031720782335,,,
2021-05-05,1.0,0.23647703430342215,,,
2021-05-06,1.0,0.6534538401934857,,,
2021-05-07,1.0,0.6671942673093048,,,
2021-05-08,0.0,0.6858636253228997,,,
2021-05-09,0.0,0.259930270781204,,,
2021-05-10,0.0,0.25697436535675217,,,
2021-05-11,0.0,0.23129272684242658,,,
2021-05-12,0.0,0.26151055276911617,,,
2021-05-13,0.0,0.23636381881880267,,,
2021-05-14,0.0,0.23100848908643518,,,
2021-05-15,0.0,0.2292945695854578,,,
2021-05-16,0.0,0.22650579579918179,,,
2021-05-17,0.0,0.22465717443432015,,,
2021-05-18,0.0,0.20007977933784862,,,
2021-05-19,1.0,0.23121197747275504,,,
2021-05-20,0.0,0.6477035093108148,,,
2021-05-21,0.0,0.22133878164419987,,,
2021-05-22,0.0,0.2200141411063401,,,
2021-05-23,0.0,0.21750233050206447,,,
2021-05-24,0.0,0.21594943698612884,,,
2021-05-25,1.0,0.1916916041179891,,,
2021-05-26,0.0,0.6651735768179048,,,
2021-05-27,0.0,0.21717912671199469,,,
2021-05-28,0.0,0.21309468050952962,,,
2021-05-29,0.0,0.2120401269454122,,,
2021-05-30,0.0,0.2097911361211171,,,
2021-05-31,12.0,0.2084910355465811,,,
2021-06-01,1.0,5.472936670815768,,,
2021-06-02,0.0,0.8805176236211778,,,
2021-06-03,1.0,0.4261301625381627,,,
2021-06-04,0.0,0.8556457384518212,,,
2021-06-05,0.0,0.4258976052866006,,,
2021-06-06,0.0,0.4165394312674026,,,
2021-06-07,1.0,0.4268991490556502,,,
2021-06-08,0.0,0.813197847695923,,,
2021-06-09,0.0,0.4212377245286816,,,
2021-06-10,0.0,0.39162958032859896,,,
2021-06-11,0.0,0.3795456141233545,,,
2021-06-12,0.0,0.37358503651679736,,,
2021-06-13,0.0,0.36596317686775137,,,
2021-06-14,0.0,0.37865441480464035,,,
2021-06-15,0.0,0.32501621509184275,,,
2021-06-16,0.0,0.3569415122636362,,,
2021-06-17,0.0,0.3293969248545067,,,
2021-06-18,0.0,0.31948553068958985,,,
2021-06-19,1.0,0.3154862423232857,,,
2021-06-20,0.0,0.7503665975654024,,,
2021-06-21,0.0,0.34283875078182807,,,
2021-06-22,0.0,0.2905569096109495,,,
2021-06-23,0.0,0.3235402726477917,,,
2021-06-24,0.0,0.2971335765217705,,,
2021-06-25,0.0,0.28829770566772006,,,
2021-06-26,0.0,0.28686797651855633,,,
2021-06-27,0.0,0.27995911086782277,,,
2021-06-28,1.0,0.2960001886392902,,,
2021-06-29,0.0,0.6859129227591809,,,
2021-06-30,0.0,0.2983590749041268,,,
2021-07-01,0.0,0.2728170216951953,,,
2021-07-02,1.0,0.2647925795025763,,,
2021-07-03,0.0,0.7046382597292582,,,
2021-07-04,0.0,0.2766067164957485,,,
2021-07-05,0.0,0.29423361324582264,,,
2021-07-06,0.0,0.24153498950725372,,,
2021-07-07,0.0,0.2766579428595824,,,
2021-07-08,1.0,0.25186480323860116,,,
2021-07-09,1.0,0.6866485578781156,,,
2021-07-10,0.0,0.7029669357273791,,,
2021-07-11,0.0,0.2756165660281853,,,
2021-07-12,0.0,0.2931702795376417,,,
2021-07-13,0.0,0.240675565402017,,,
2021-07-14,0.0,0.2757396328571712,,,
2021-07-15,0.0,0.25253841085105533,,,
2021-07-16,1.0,0.24603166857131747,,,
2021-07-17,0.0,0.6828977986423055,,,
2021-07-18,0.0,0.25680899993087114,,,
2021-07-19,0.0,0.27495358696056904,,,
2021-07-20,0.0,0.22313151621796268,,,
2021-07-21,0.0,0.2587205934414347,,,
2021-07-22,0.0,0.2360385501645829,,,
2021-07-23,0.0,0.23164304578383987,,,
2021-07-24,0.0,0.22632969067622521,,,
2021-07-25,0.0,0.22334778199571975,,,
2021-07-26,0.0,0.24257031442682425,,,
2021-07-27,0.0,0.19189147412012708,,,
2021-07-28,0.0,0.2284608723558746,,,
2021-07-29,0.0,0.2068097871027464,,,
2021-07-30,0.0,0.20331367821994817,,,
2021-07-31,0.0,0.19904385349310627,,,
2021-08-01,0.0,0.1969377271448345,,,
2021-08-02,0.0,0.2170039778116984,,,
2021-08-03,1.0,0.16724163165105804,,,
2021-08-04,0.0,0.6451455064947871,,,
2021-08-05,0.0,0.2023314522525119,,,
2021-08-06,1.0,0.19898408835405146,,,
2021-08-07,0.0,0.6354325753396848,,,
2021-08-08,0.0,0.2114813457093898,,,
2021-08-09,0.0,0.23103043318267732,,,
2021-08-10,0.0,0.18239387283042963,,,
2021-08-11,0.0,0.21701718721515562,,,
2021-08-12,1.0,0.19641821705356372,,,
2021-08-13,0.0,0.6353651901032207,,,
2021-08-14,0.0,0.20725386328795703,,,
2021-08-15,0.0,0.20549189142437632,,,
2021-08-16,0.0,0.2252062724011596,,,
2021-08-17,0.0,0.17675579273508651,,,
2021-08-18,0.0,0.2116132082005296,,,
2021-08-19,0.0,0.19271197707210685,,,
2021-08-20,0.0,0.18899185499545879,,,
2021-08-21,0.0,0.18378079445081724,,,
2021-08-22,0.0,0.18276705504254062,,,
2021-08-23,0.0,0.20320298034596496,,,
2021-08-24,0.0,0.15554790304207583,,,
2021-08-25,0.0,0.19105588087382802,,,
2021-08-26,0.0,0.17278808263420734,,,
2021-08-27,0.0,0.16983195074827073,,,
2021-08-28,0.0,0.1652314890039463,,,
2021-08-29,0.0,0.16483162560909956,,,
2021-08-30,0.0,0.18583002985545627,,,
2021-08-31,0.0,0.1388162933409831,,,
2021-09-01,1.0,0.17482623525754978,,,
2021-09-02,0.0,0.5976926370702159,,,
2021-09-03,0.0,0.17327592486900695,,,
2021-09-04,0.0,0.16856450617465563,,,
2021-09-05,0.0,0.16805132453941654,,,
2021-09-06,0.0,0.18890927386665057,,,
2021-09-07,0.0,0.1418570263979628,,,
2021-09-08,0.0,0.1792288500212723,,,
2021-09-09,0.0,0.1592634358456122,,,
2021-09-10,0.0,0.15737616994201525,,,
2021-09-11,0.0,0.15319628183746234,,,
2021-09-12,0.0,0.15319127569924068,,,
2021-09-13,0.0,0.1745096955553861,,,
2021-09-14,0.0,0.12799960832199864,,,
2021-09-15,0.0,0.16570426454404874,,,
2021-09-16,0.0,0.14631426802706304,,,
2021-09-17,0.0,0.14482798169328012,,,
2021-09-18,0.0,0.14106826328295305,,,
2021-09-19,0.0,0.14146376005754013,,,
2021-09-20,0.0,0.16313864552745871,,,
2021-09-21,0.0,0.11706989098577496,,,
2021-09-22,0.0,0.15508209103178833,,,
2021-09-23,0.0,0.13606988047430857,,,
2021-09-24,0.0,0.13492395460560078,,,
2021-09-25,0.0,0.1314965476116253,,,
2021-09-26,0.0,0.13220760246420898,,,
2021-09-27,0.0,0.15415692056181593,,,
2021-09-28,0.0,0.10844991400305415,,,
2021-09-29,0.0,0.1466930611301868,,,
2021-09-30,0.0,0.12798435405432362,,,
2021-10-01,0.0,0.12710704658277983,,,
2021-10-02,0.0,0.12394259974556567,,,
2021-10-03,0.0,0.12490216465467308,,,
2021-10-04,0.0,0.1470611839627843,,,
2021-10-05,0.0,0.10165306837929763,,,
2021-10-06,0.0,0.14006673608487355,,,
2021-10-07,0.0,0.12160288380566635,,,
2021-10-08,0.0,0.12093756654400169,,,
2021-10-09,1.0,0.11798133679900313,,,
2021-10-10,0.0,0.5597099534086477,,,
2021-10-11,0.0,0.16004526777205094,,,
2021-10-12,0.0,0.11426857030586206,,,
2021-10-13,0.0,0.1522078104313611,,,
2021-10-14,0.0,0.1333650710786968,,,
2021-10-15,0.0,0.1323088036894943,,,
2021-10-16,0.0,0.1304826202923317,,,
2021-10-17,0.0,0.12910259709714356,,,
2021-10-18,0.0,0.15166897067404278,,,
2021-10-19,0.0,0.10623335835978735,,,
2021-10-20,0.0,0.14438458907377735,,,
2021-10-21,1.0,0.12582633808558236,,,
2021-10-22,0.0,0.5655931304172162,,,
2021-10-23,0.0,0.14195677994386274,,,
2021-10-24,1.0,0.1402969313928791,,,
2021-10-25,1.0,0.6030016574522312,,,
2021-10-26,0.0,0.5758618698326711,,,
2021-10-27,0.0,0.19101050326816665,,,
2021-10-28,0.0,0.1724295992316246,,,
2021-10-29,1.0,0.16796067667184988,,,
2021-10-30,0.0,0.606066003410826,,,
2021-10-31,0.0,0.18314229940885585,,,
2021-11-01,0.0,0.20320526021907304,,,
2021-11-02,0.0,0.15468159249670022,,,
2021-11-03,0.0,0.19172434927831541,,,
2021-11-04,0.0,0.17307020848349414,,,
2021-11-05,0.0,0.17018422301531766,,,
2021-11-06,3.0,0.1655032483155472,,,
2021-11-07,0.0,1.4868186908980106,,,
2021-11-08,0.0,0.24153100048141862,,,
2021-11-09,0.0,0.19186976286126084,,,
2021-11-10,0.0,0.22759203395166167,,,
2021-11-11,0.0,0.2077682158941887,,,
2021-11-12,0.0,0.20365807916995032,,,
2021-11-13,0.0,0.2024586061535656,,,
2021-11-14,0.0,0.1944767122512534,,,
2021-11-15,0.0,0.2159556043624048,,,
2021-11-16,0.0,0.16720832975429994,,,
2021-11-17,0.0,0.20369490803706586,,,
2021-11-18,0.0,0.18468742916093844,,,
2021-11-19,0.0,0.18134505424803116,,,
2021-11-20,0.0,0.18066849111401878,,,
2021-11-21,0.0,0.1737201300313626,,,
2021-11-22,0.0,0.19576612038679803,,,
2021-11-23,0.0,0.14775364213617923,,,
2021-11-24,0.0,0.18483165526471013,,,
2021-11-25,3.0,0.16647316858696665,,,
2021-11-26,0.0,1.4854545759176112,,,
2021-11-27,0.0,0.2194152382908089,,,
2021-11-28,0.0,0.2111852977426254,,,
2021-11-29,0.0,0.2319514486549699,,,
2021-11-30,0.0,0.18280014432898212,,,
2021-12-01,0.0,0.21865858155943496,,,
2021-12-02,1.0,0.2036746475862219,,,
2021-12-03,1.0,0.6339752732048289,,,
2021-12-04,0.0,0.6533076671191257,,,
2021-12-05,0.0,0.22332341196044075,,,
2021-12-06,0.0,0.24365149325841137,,,
2021-12-07,0.0,0.1941748748959236,,,
2021-12-08,0.0,0.2296005458545361,,,
2021-12-09,0.0,0.2155436222631416,,,
2021-12-10,0.0,0.2045828060135359,,,
2021-12-11,0.0,0.20337022739933663,,,
2021-12-12,0.0,0.19629176878250912,,,
2021-12-13,0.0,0.21748356970860472,,,
2021-12-14,0.0,0.16893988025828632,,,
2021-12-15,0.0,0.20514954273952316,,,
2021-12-16,0.0,0.1918472355833295,,,
2021-12-17,0.0,0.18171319368078553,,,
2021-12-18,0.0,0.1813289675422708,,,
2021-12-19,0.0,0.17495892087105042,,,
2021-12-20,0.0,0.1968251562402218,,,
2021-12-21,0.0,0.14903112488905557,,,
2021-12-22,0.0,0.18584793304649405,,,
2021-12-23,0.0,0.17320092169965412,,,
2021-12-24,0.0,0.16369654045768284,,,
2021-12-25,1.0,0.1639076001580025,,,
2021-12-26,1.0,0.5986950562450982,,,
2021-12-27,4.0,0.6396773179206663,,,
2021-12-28,0.0,1.9321803412356293,,,
2021-12-29,0.0,0.2803212110677635,,,
2021-12-30,0.0,0.2645485404666686,,,
2021-12-31,0.0,0.25201853819779707,,,
2022-01-01,0.0,0.25077517069707955,,,
2022-01-02,0.0,0.24150386437292473,,,
2022-01-03,1.0,0.2655365148212141,,,
2022-01-04,0.0,0.6484178293095817,,,
2022-01-05,2.0,0.26360459512987616,,,
2022-01-06,2.0,1.1295466142852777,,,
2022-01-07,0.0,1.154744290815596,,,
2022-01-08,0.0,0.3087440743330915,,,
2022-01-09,0.0,0.2975815579936355,,,
2022-01-10,0.0,0.32097514013720096,,,
2022-01-11,0.0,0.2598061200875905,,,
2022-01-12,0.0,0.2986373008833667,,,
2022-01-13,2.0,0.28107762113815815,,,
2022-01-14,1.0,1.1462029166868901,,,
2022-01-15,0.0,0.7422603494358926,,,
2022-01-16,0.0,0.3093559392219185,,,
2022-01-17,0.0,0.3322443603019211,,,
2022-01-18,0.0,0.27087751258494946,,,
2022-01-19,0.0,0.3091059891034411,,,
2022-01-20,0.0,0.2942287100649983,,,
2022-01-21,3.0,0.27524695300224855,,,
2022-01-22,0.0,1.5951346847824324,,,
2022-01-23,0.0,0.3198123779274888,,,
2022-01-24,0.0,0.3423113956044858,,,
2022-01-25,0.0,0.2806853553787546,,,
2022-01-26,1.0,0.3185262367539506,,,
2022-01-27,0.0,0.743776237750857,,,
2022-01-28,0.0,0.3070907567919243,,,
2022-01-29,0.0,0.2980088993974017,,,
2022-01-30,0.0,0.28959378251961787,,,
2022-01-31,1.0,0.31305522572146355,,,
2022-02-01,1.0,0.6930495355283375,,,
2022-02-02,0.0,0.7518313184049499,,,
2022-02-03,0.0,0.31270463139051086,,,
2022-02-04,1.0,0.2980818592233247,,,
2022-02-05,0.0,0.7301785142909158,,,
2022-02-06,2.0,0.29997522576893126,,,
2022-02-07,1.0,1.2056685740440611,,,
2022-02-08,0.0,0.7407926307853021,,,
2022-02-09,4.0,0.3558075896587486,,,
2022-02-10,0.0,2.100188013109503,,,
2022-02-11,0.0,0.3982538261639067,,,
2022-02-12,0.0,0.3843821796241732,,,
2022-02-13,0.0,0.37655390892269436,,,
2022-02-14,0.0,0.3957725410459392,,,
2022-02-15,0.0,0.33115359720801085,,,
2022-02-16,0.0,0.3736136920448847,,,
2022-02-17,0.0,0.34681858261173826,,,
2022-02-18,1.0,0.33484834677495096,,,
2022-02-19,0.0,0.7637626583540471,,,
2022-02-20,0.0,0.3358106508393262,,,
2022-02-21,0.0,0.35647377172717487,,,
2022-02-22,0.0,0.29327983926261014,,,
2022-02-23,0.0,0.33661233201420465,,,
2022-02-24,0.0,0.31147540807930413,,,
2022-02-25,0.0,0.3020364421905758,,,
2022-02-26,0.0,0.28940777415045016,,,
2022-02-27,0.0,0.2851560705689173,,,
2022-02-28,0.0,0.3074627963397735,,,
2022-03-01,0.0,0.24597383828297043,,,
2022-03-02,0.0,0.29080899379582603,,,
2022-03-03,0.0,0.26721827638030143,,,
2022-03-04,0.0,0.2591816596932399,,,
2022-03-05,0.0,0.2480860061867602,,,
2022-03-06,1.0,0.245175447913907,,,
2022-03-07,0.0,0.7093442808700243,,,
2022-03-08,0.0,0.22723497998827893,,,
2022-03-09,0.0,0.2726236580246888,,,
2022-03-10,0.0,0.2496612922202281,,,
2022-03-11,1.0,0.2422115724206682,,,
2022-03-12,0.0,0.6722608452785426,,,
2022-03-13,4.0,0.24937268237835752,,,
2022-03-14,1.0,2.033023474621017,,,
2022-03-15,0.0,0.7261470575525983,,,
2022-03-16,4.0,0.3475459283146021,,,
2022-03-17,0.0,2.0844082520898075,,,
2022-03-18,0.0,0.38808888173227285,,,
2022-03-19,0.0,0.37067080039183153,,,
2022-03-20,0.0,0.3715072141692457,,,
2022-03-21,0.0,0.3821094239739615,,,
2022-03-22,0.0,0.3192573158834966,,,
2022-03-23,0.0,0.3678876334731376,,,
2022-03-24,0.0,0.33358491240714816,,,
2022-03-25,0.0,0.3271218793587131,,,
2022-03-26,0.0,0.3118412215129352,,,
2022-03-27,1.0,0.31430285295653293,,,
2022-03-28,0.0,0.7676840536264635,,,
2022-03-29,3.0,0.2847357229014841,,,
2022-03-30,1.0,1.6558377988501856,,,
2022-03-31,0.0,0.7977228793577084,,,
2022-04-01,1.0,0.36837609363693274,,,
2022-04-02,0.0,0.7923091792986541,,,
2022-04-03,0.0,0.37290633428232345,,,
2022-04-04,0.0,0.3816891429124891,,,
2022-04-05,3.0,0.32394700757270956,,,
2022-04-06,1.0,1.6889753072687403,,,
2022-04-07,5.0,0.8295237869474623,,,
2022-04-08,1.0,2.604031144396239,,,
2022-04-09,0.0,0.9149287259211838,,,
2022-04-10,0.0,0.4919567311334282,,,
2022-04-11,0.0,0.49685954004867044,,,
2022-04-12,0.0,0.43947718482711595,,,
2022-04-13,0.0,0.4744212893720179,,,
2022-04-14,0.0,0.4438348758553179,,,
2022-04-15,1.0,0.42734253318283555,,,
2022-04-16,0.0,0.8483102817675622,,,
2022-04-17,0.0,0.42809897697671373,,,
2022-04-18,0.0,0.4350991423432542,,,
2022-04-19,1.0,0.3796150195576776,,,
2022-04-20,0.0,0.857288483702719,,,
2022-04-21,0.0,0.4063173587048924,,,
2022-04-22,0.0,0.3929355817839777,,,
2022-04-23,0.0,0.37239677569749396,,,
2022-04-24,0.0,0.37588752101948164,,,
2022-04-25,0.0,0.38459808110199933,,,
2022-04-26,0.0,0.3323044251356111,,,
2022-04-27,0.0,0.3688712329300856,,,
2022-04-28,0.0,0.3420886046815002,,,
2022-04-29,1.0,0.3307739127665483,,,
2022-04-30,0.0,0.7529890360417975,,,
2022-05-01,1.0,0.33644427165790813,,,
2022-05-02,0.0,0.7870140336342046,,,
2022-05-03,0.0,0.313993522236603,,,
2022-05-04,1.0,0.35120879309666797,,,
2022-05-05,0.0,0.7655810623616732,,,
2022-05-06,1.0,0.33430568609663536,,,
2022-05-07,0.0,0.754379921373209,,,
2022-05-08,0.0,0.33980854151383555,,,
2022-05-09,2.0,0.34763210336285766,,,
2022-05-10,0.0,1.1783483847252432,,,
2022-05-11,0.0,0.3735437926127766,,,
2022-05-12,0.0,0.344589019303325,,,
2022-05-13,0.0,0.3366124474401573,,,
2022-05-14,2.0,0.31412009147918674,,,
2022-05-15,0.0,1.2031348885387982,,,
2022-05-16,0.0,0.37055621796043603,,,
2022-05-17,0.0,0.3153254164087935,,,
2022-05-18,0.0,0.35492570434904125,,,
2022-05-19,0.0,0.32671788655467093,,,
2022-05-20,1.0,0.3192340267445716,,,
2022-05-21,0.0,0.7409002197286609,,,
2022-05-22,0.0,0.3231319287869088,,,
2022-05-23,0.0,0.33548646791443837,,,
2022-05-24,2.0,0.2816864502839168,,,
2022-05-25,0.0,1.203427457066613,,,
2022-05-26,0.0,0.3323675163990893,,,
2022-05-27,0.0,0.32613933246349636,,,
2022-05-28,0.0,0.30484547204723544,,,
2022-05-29,0.0,0.3096835785978216,,,
2022-05-30,0.0,0.3223995070181083,,,
2022-05-31,0.0,0.2719805893533018,,,
2022-06-01,0.0,0.30877716160609614,,,
2022-06-02,2.0,0.28333145329684406,,,
2022-06-03,1.0,1.1598038755090023,,,
2022-06-04,0.0,0.7368169315802303,,,
2022-06-05,0.0,0.3199134518240443,,,
2022-06-06,0.0,0.3322624969746265,,,
2022-06-07,0.0,0.2814312010897465,,,
2022-06-08,0.0,0.31805748573815407,,,
2022-06-09,0.0,0.29514972456989197,,,
2022-06-10,0.0,0.28746994879968746,,,
2022-06-11,0.0,0.2667472389310467,,,
2022-06-12,1.0,0.27337613212587814,,,
2022-06-13,0.0,0.7278178562371755,,,
2022-06-14,0.0,0.25655934302804284,,,
2022-06-15,0.0,0.2939538859691197,,,
2022-06-16,0.0,0.2717250385487709,,,
2022-06-17,0.0,0.2649555126506073,,,
2022-06-18,0.0,0.2450432975011716,,,
2022-06-19,0.0,0.2537836342795816,,,
2022-06-20,0.0,0.26625571873095644,,,
2022-06-21,0.0,0.2183205194966727,,,
2022-06-22,0.0,0.25692768444811265,,,
2022-06-23,0.0,0.23595080325375767,,,
2022-06-24,0.0,0.23037155155668493,,,
2022-06-25,0.0,0.2116280308821849,,,
2022-06-26,0.0,0.22138861159687184,,,
2022-06-27,0.0,0.2350142512276657,,,
2022-06-28,0.0,0.1881458171141263,,,
2022-06-29,0.0,0.2276977788638633,,,
2022-06-30,0.0,0.20771372306071986,,,
2022-07-01,0.0,0.20307427204526368,,,
2022-07-02,0.0,0.1852572972386552,,,
2022-07-03,2.0,0.19587590476417766,,,
2022-07-04,0.0,1.0914713309063289,,,
2022-07-05,0.0,0.2015167731176624,,,
2022-07-06,0.0,0.24056659992408824,,,
2022-07-07,0.0,0.22017631156808548,,,
2022-07-08,0.0,0.21512415576206959,,,
2022-07-09,0.0,0.19692673189324483,,,
2022-07-10,0.0,0.21000014645887743,,,
2022-07-11,0.0,0.2199300200543588,,,
2022-07-12,0.0,0.17484338425367998,,,
2022-07-13,0.0,0.21472196818736583,,,
2022-07-14,0.0,0.1952118908594066,,,
2022-07-15,0.0,0.1909907729236826,,,
2022-07-16,0.0,0.17361466969337924,,,
2022-07-17,0.0,0.18729720317551085,,,
2022-07-18,0.0,0.1981650286628746,,,
2022-07-19,0.0,0.15379900406032004,,,
2022-07-20,0.0,0.1943194407418078,,,
2022-07-21,0.0,0.1755086675999682,,,
2022-07-22,0.0,0.17194374721155414,,,
2022-07-23,0.0,0.15521992077246163,,,
2022-07-24,0.0,0.16949189417418692,,,
2022-07-25,0.0,0.18093276609629685,,,
2022-07-26,0.0,0.13719509533812127,,,
2022-07-27,0.0,0.17820997673706646,,,
2022-07-28,0.0,0.15995578546473369,,,
2022-07-29,0.0,0.1569091375360187,,,
2022-07-30,3.0,0.14070422519260367,,,
2022-07-31,0.0,1.4771561916762608,,,
2022-08-01,1.0,0.22309897937249915,,,
2022-08-02,0.0,0.6185884025635955,,,
2022-08-03,2.0,0.23620754662568633,,,
2022-08-04,0.0,1.0971922270850538,,,
2022-08-05,0.0,0.2483192020676345,,,
2022-08-06,1.0,0.233366873390211,,,
2022-08-07,0.0,0.6795631124331796,,,
2022-08-08,0.0,0.26983724657404173,,,
2022-08-09,0.0,0.22125329175838682,,,
2022-08-10,0.0,0.2627864807668152,,,
2022-08-11,0.0,0.23775844250396028,,,
2022-08-12,0.0,0.23328853774239983,,,
2022-08-13,2.0,0.2200553541012068,,,
2022-08-14,1.0,1.1055561744862556,,,
2022-08-15,0.0,0.7153023661003759,,,
2022-08-16,0.0,0.24473264563527333,,,
2022-08-17,0.0,0.28525139082948264,,,
2022-08-18,0.0,0.2597052136624439,,,
2022-08-19,0.0,0.25444740068880184,,,
2022-08-20,0.0,0.2432907808628677,,,
2022-08-21,0.0,0.24438705863765398,,,
2022-08-22,0.0,0.25596702947266026,,,
2022-08-23,0.0,0.20863877572720582,,,
2022-08-24,0.0,0.2502958848588665,,,
2022-08-25,0.0,0.22593745941835788,,,
2022-08-26,0.0,0.22180172447117708,,,
2022-08-27,1.0,0.21159437027136735,,,
2022-08-28,0.0,0.6544393891944449,,,
2022-08-29,0.0,0.24507192245373588,,,
2022-08-30,0.0,0.19813323237211383,,,
2022-08-31,0.0,0.24007853130587486,,,
2022-09-01,0.0,0.21608570479048728,,,
2022-09-02,0.0,0.21227728987996483,,,
2022-09-03,0.0,0.20381066631595157,,,
2022-09-04,0.0,0.20434065070469165,,,
2022-09-05,0.0,0.21782659539021168,,,
2022-09-06,0.0,0.17184992277514424,,,
2022-09-07,1.0,0.2146078937988666,,,
2022-09-08,0.0,0.6320599688768125,,,
2022-09-09,0.0,0.20708702081399877,,,
2022-09-10,0.0,0.19872760841622483,,,
2022-09-11,1.0,0.19952213356251014,,,
2022-09-12,0.0,0.6536891505748674,,,
2022-09-13,0.0,0.18594337969185804,,,
2022-09-14,1.0,0.22958643393303235,,,
2022-09-15,0.0,0.6445766498159481,,,
2022-09-16,0.0,0.21976368539582833,,,
2022-09-17,0.0,0.21098984898856543,,,
2022-09-18,0.0,0.21278364185917853,,,
2022-09-19,0.0,0.22392689018441114,,,
2022-09-20,0.0,0.1784355201397905,,,
2022-09-21,0.0,0.22360622937379993,,,
2022-09-22,0.0,0.19636469056560069,,,
2022-09-23,0.0,0.19433268770409332,,,
2022-09-24,0.0,0.18641020190295982,,,
2022-09-25,0.0,0.1889417463303944,,,
2022-09-26,0.0,0.2009583309689171,,,
2022-09-27,0.0,0.1562564072170743,,,
2022-09-28,0.0,0.20202846242143302,,,
2022-09-29,0.0,0.17563591327802885,,,
2022-09-30,0.0,0.17426196382789713,,,
2022-10-01,0.0,0.1670127190565003,,,
2022-10-02,0.0,0.17018165648234979,,,
2022-10-03,0.0,0.18280165601635667,,,
2022-10-04,0.0,0.1387583851255636,,,
2022-10-05,0.0,0.18504823312062477,,,
2022-10-06,0.0,0.15925071133362262,,,
2022-10-07,0.0,0.1584197386402074,,,
2022-10-08,0.0,0.15170322798119623,,,
2022-10-09,0.0,0.15537372558025692,,,
2022-10-10,0.0,0.16846585603769565,,,
2022-10-11,0.0,0.12495411641763056,,,
2022-10-12,0.0,0.17163917831295572,,,
2022-10-13,0.0,0.14631792678689312,,,
2022-10-14,0.0,0.1459152068226018,,,
2022-10-15,0.0,0.13962051996086783,,,
2022-10-16,0.0,0.14368536453575473,,,
2022-10-17,0.0,0.15714601019924876,,,
2022-10-18,0.0,0.11406542971787717,,,
2022-10-19,0.0,0.16104898576128443,,,
2022-10-20,0.0,0.13611024810237454,,,
2022-10-21,0.0,0.13604522629806517,,,
2022-10-22,0.0,0.13008481451814133,,,
2022-10-23,0.0,0.13445938326798706,,,
2022-10-24,0.0,0.148206767839556,,,
2022-10-25,0.0,0.1054780887150646,,,
2022-10-26,0.0,0.152683830481086,,,
2022-10-27,1.0,0.12805358424222313,,,
2022-10-28,2.0,0.5688271064983343,,,
2022-10-29,0.0,1.0222956058201893,,,
2022-10-30,2.0,0.18233089267611538,,,
2022-10-31,4.0,1.075613375900208,,,
2022-11-01,0.0,1.9497288156885357,,,
2022-11-02,0.0,0.3062198942114909,,,
2022-11-03,2.0,0.27791940535227144,,,
2022-11-04,1.0,1.1551141477576854,,,
2022-11-05,1.0,0.7378222130962657,,,
2022-11-06,1.0,0.7591580421893824,,,
2022-11-07,0.0,0.786996957905135,,,
2022-11-08,0.0,0.3090689393197765,,,
2022-11-09,0.0,0.35166393439179977,,,
2022-11-10,0.0,0.3246095609462156,,,
2022-11-11,0.0,0.31652284418702004,,,
2022-11-12,1.0,0.30196089538380305,,,
2022-11-13,1.0,0.7449080947956588,,,
2022-11-14,0.0,0.7717156180954615,,,
2022-11-15,0.0,0.2952736326056519,,,
2022-11-16,0.0,0.3381444693467518,,,
2022-11-17,0.0,0.311420676529609,,,
2022-11-18,0.0,0.3039032532108533,,,
2022-11-19,1.0,0.29113770468772593,,,
2022-11-20,0.0,0.7338637891695554,,,
2022-11-21,0.0,0.3191210853466707,,,
2022-11-22,0.0,0.2656621501454042,,,
2022-11-23,1.0,0.3094516412813721,,,
2022-11-24,0.0,0.7242786908801822,,,
2022-11-25,0.0,0.295701031287666,,,
2022-11-26,0.0,0.2845389952023666,,,
2022-11-27,0.0,0.28496678392328834,,,
2022-11-28,0.0,0.29310453966139566,,,
2022-11-29,0.0,0.24054203505768287,,,
2022-11-30,4.0,0.2864955962096236,,,
2022-12-01,0.0,2.0218650835709946,,,
2022-12-02,0.0,0.3287124043001991,,,
2022-12-03,2.0,0.3163885725963979,,,
2022-12-04,3.0,1.1969962573510573,,,
2022-12-05,0.0,1.681813890922896,,,
2022-12-06,0.0,0.361139968814789,,,
2022-12-07,0.0,0.4085182765860851,,,
2022-12-08,0.0,0.36983114384470905,,,
2022-12-09,0.0,0.36318198439536253,,,
2022-12-10,0.0,0.3525019802888556,,,
2022-12-11,1.0,0.3510125306089993,,,
2022-12-12,0.0,0.7927218042144082,,,
2022-12-13,0.0,0.3180367095208289,,,
2022-12-14,0.0,0.3664864883211368,,,
2022-12-15,0.0,0.32963748768902223,,,
2022-12-16,0.0,0.32420406320645656,,,
2022-12-17,1.0,0.3146783193557735,,,
2022-12-18,0.0,0.7563856995994773,,,
2022-12-19,3.0,0.33498653925307453,,,
2022-12-20,1.0,1.605108513495933,,,
2022-12-21,0.0,0.8292628455077176,,,
2022-12-22,0.0,0.3697309468121651,,,
2022-12-23,1.0,0.3629622764900742,,,
2022-12-24,0.0,0.7941124557930661,,,
2022-12-25,0.0,0.36993786626481295,,,
2022-12-26,0.0,0.37354072514691294,,,
2022-12-27,2.0,0.3162211624966802,,,
2022-12-28,8.0,1.2454726416795259,,,
2022-12-29,2.0,3.8899496396349944,,,
2022-12-30,0.0,1.3900002086484764,,,
2022-12-31,0.0,0.5297460989657508,,,
2023-01-01,1.0,0.5223552994089505,,,
2023-01-02,0.0,0.9612049324152572,,,
2023-01-03,1.0,0.4800813939015105,,,
2023-01-04,0.0,0.9704415171526399,,,
2023-01-05,0.0,0.4951249749863287,,,
2023-01-06,0.0,0.4861128875891283,,,
2023-01-07,0.0,0.47181158627720565,,,
2023-01-08,2.0,0.46769187661903877,,,
2023-01-09,0.0,1.3469668444614327,,,
2023-01-10,4.0,0.44754638295955895,,,
2023-01-11,2.0,2.258303474049625,,,
2023-01-12,0.0,1.4005318581669304,,,
2023-01-13,0.0,0.5467125457365338,,,
2023-01-14,1.0,0.5303425146119444,,,
2023-01-15,0.0,0.9675328774164957,,,
2023-01-16,0.0,0.5379070202750411,,,
2023-01-17,0.0,0.48666654602247394,,,
2023-01-18,0.0,0.5288387346434542,,,
2023-01-19,1.0,0.4751409773137514,,,
2023-01-20,0.0,0.9084488259768628,,,
2023-01-21,0.0,0.4740993654303176,,,
2023-01-22,0.0,0.4704850117200463,,,
2023-01-23,0.0,0.46547377499274234,,,
2023-01-24,0.0,0.41634298744813214,,,
2023-01-25,0.0,0.4610404772506406,,,
2023-01-26,0.0,0.41111305486752714,,,
2023-01-27,0.0,0.4039680646955578,,,
2023-01-28,0.0,0.39421446748935435,,,
2023-01-29,1.0,0.39334427245999587,,,
2023-01-30,0.0,0.8314305834092746,,,
2023-01-31,0.0,0.3628457119775973,,,
2023-02-01,0.0,0.4092488201644204,,,
2023-02-02,0.0,0.361020341642864,,,
2023-02-03,1.0,0.35563677686281947,,,
2023-02-04,0.0,0.7880320251487141,,,
2023-02-05,2.0,0.36809902598247046,,,
2023-02-06,0.0,1.245649353461562,,,
2023-02-07,0.0,0.3565674609162741,,,
2023-02-08,0.0,0.4031072236727849,,,
2023-02-09,2.0,0.35513238554600435,,,
2023-02-10,3.0,1.2324619222623219,,,
2023-02-11,0.0,1.7002451923796156,,,
2023-02-12,1.0,0.43854166504280867,,,
2023-02-13,0.0,0.8694006361093085,,,
2023-02-14,2.0,0.40130195469635793,,,
2023-02-15,1.0,1.3274283338259054,,,
2023-02-16,0.0,0.8774277401201438,,,
2023-02-17,0.0,0.449092276319232,,,
2023-02-18,0.0,0.4312917816557933,,,
2023-02-19,0.0,0.43664368011368715,,,
2023-02-20,0.0,0.4252594188769332,,,
2023-02-21,1.0,0.3825560030131605,,,
2023-02-22,1.0,0.8661681630994933,,,
2023-02-23,0.0,0.8379249595887783,,,
2023-02-24,0.0,0.41144223982493827,,,
2023-02-25,0.0,0.39514545137783696,,,
2023-02-26,0.0,0.4015178762627287,,,
2023-02-27,0.0,0.3914021235287626,,,
2023-02-28,1.0,0.35106474777689645,,,
2023-03-01,0.0,0.8352264785451295,,,
2023-03-02,4.0,0.36615635794172796,,,
2023-03-03,0.0,2.1255038263768684,,,
2023-03-04,4.0,0.4228911219749548,,,
2023-03-05,1.0,2.1906121988804292,,,
2023-03-06,1.0,0.9322502775250517,,,
2023-03-07,1.0,0.9085097199411525,,,
2023-03-08,0.0,0.9648387580245611,,,
2023-03-09,3.0,0.4976216739823176,,,
2023-03-10,0.0,1.8042765198234791,,,
2023-03-11,0.0,0.5273975018389843,,,
2023-03-12,1.0,0.5229964820302544,,,
2023-03-13,2.0,0.9510894705406479,,,
2023-03-14,1.0,1.3672617542758556,,,
2023-03-15,1.0,0.9996721049929337,,,
2023-03-16,0.0,0.9762578650612705,,,
2023-03-17,1.0,0.5325765713012549,,,
2023-03-18,2.0,0.961820544108809,,,
2023-03-19,1.0,1.418474063338386,,,
2023-03-20,0.0,1.0028471120518154,,,
2023-03-21,0.0,0.5342682551626731,,,
2023-03-22,0.0,0.5690355034023633,,,
2023-03-23,1.0,0.525123752260979,,,
2023-03-24,7.0,0.9465836908455372,,,
2023-03-25,1.0,3.5988804644062915,,,
2023-03-26,0.0,1.081271896466609,,,
2023-03-27,1.0,0.6427643977385888,,,
2023-03-28,4.0,1.0347629200919413,,,
2023-03-29,0.0,2.4077539330573154,,,
2023-03-30,0.0,0.6748486169208825,,,
2023-03-31,2.0,0.6583025587739391,,,
2023-04-01,0.0,1.5130861644786155,,,
2023-04-02,0.0,0.6629830226543669,,,
2023-04-03,0.0,0.6476769721213957,,,
2023-04-04,1.0,0.6024855762470152,,,
2023-04-05,0.0,1.0682805699158089,,,
2023-04-06,0.0,0.6040959475381728,,,
2023-04-07,0.0,0.5922240323916734,,,
2023-04-08,0.0,0.5648370968689063,,,
2023-04-09,0.0,0.5619193864698726,,,
2023-04-10,1.0,0.5498664926469383,,,
2023-04-11,2.0,0.9497089751940928,,,
2023-04-12,0.0,1.435600233411615,,,
2023-04-13,1.0,0.552337773348566,,,
2023-04-14,1.0,0.9826082752714075,,,
2023-04-15,6.0,0.9756964075036624,,,
2023-04-16,1.0,3.1951467275102283,,,
2023-04-17,2.0,1.0934695682340647,,,
2023-04-18,3.0,1.5092465196894884,,,
2023-04-19,3.0,2.006548956602484,,,
2023-04-20,0.0,2.0211597016240046,,,
2023-04-21,2.0,0.7394638222918416,,,
2023-04-22,2.0,1.595355629876254,,,
2023-04-23,2.0,1.61500376221956,,,
2023-04-24,1.0,1.639822930938773,,,
2023-04-25,0.0,1.1903249986045639,,,
2023-04-26,4.0,0.7834208869101283,,,
2023-04-27,0.0,2.49709487945264,,,
2023-04-28,0.0,0.7966438124003381,,,
2023-04-29,0.0,0.7680298514641153,,,
2023-04-30,1.0,0.7492090841248576,,,
2023-05-01,2.0,1.175323397321598,,,
2023-05-02,0.0,1.5883594842887836,,,
2023-05-03,1.0,0.7668502979367666,,,
2023-05-04,0.0,1.1519669316564367,,,
2023-05-05,1.0,0.7202083429935001,,,
2023-05-06,1.0,1.134772504646045,,,
2023-05-07,1.0,1.1383470878990527,,,
2023-05-08,6.0,1.145054513924656,,,
2023-05-09,1.0,3.3181983931836276,,,
2023-05-10,0.0,1.2525011044658143,,,
2023-05-11,0.0,0.7721045642104825,,,
2023-05-12,1.0,0.7620874931918963,,,
2023-05-13,1.0,1.174715475150904,,,
2023-05-14,2.0,1.1768848815155897,,,
2023-05-15,2.0,1.6296005809153442,,,
2023-05-16,0.0,1.6076934893726964,,,
2023-05-17,0.0,0.7888465789037677,,,
2023-05-18,2.0,0.7318959395279576,,,
2023-05-19,0.0,1.6055964677524877,,,
2023-05-20,0.0,0.7344246122615276,,,
2023-05-21,1.0,0.719340118154683,,,
2023-05-22,1.0,1.1531008662174493,,,
2023-05-23,1.0,1.1116456743982346,,,
2023-05-24,0.0,1.1581650245906743,,,
2023-05-25,4.0,0.6843190701222803,,,
2023-05-26,3.0,2.4368500066557806,,,
2023-05-27,1.0,2.046229983530007,,,
2023-05-28,1.0,1.2073725069338899,,,
2023-05-29,2.0,1.2170355338189407,,,
2023-05-30,0.0,1.6142224935674174,,,
2023-05-31,0.0,0.7946580715442113,,,
2023-06-01,0.0,0.7460818113846379,,,
2023-06-02,3.0,0.7309101382267725,,,
2023-06-03,0.0,2.024143195740772,,,
2023-06-04,2.0,0.746464750850848,,,
2023-06-05,0.0,1.620719497101072,,,
2023-06-06,1.0,0.7128084464126376,,,
2023-06-07,1.0,1.1795664824598082,,,
2023-06-08,0.0,1.1511468087675631,,,
2023-06-09,2.0,0.7194005146113063,,,
2023-06-10,0.0,1.5668751663913993,,,
2023-06-11,4.0,0.7160055390997886,,,
2023-06-12,2.0,2.468535406818631,,,
2023-06-13,1.0,1.601585065410369,,,
2023-06-14,5.0,1.22345903706716,,,
2023-06-15,4.0,2.9545555348846264,,,
2023-06-16,1.0,2.598818916241793,,,
2023-06-17,0.0,1.3104340940929033,,,
2023-06-18,2.0,0.8816592248553472,,,
2023-06-19,1.0,1.7428432793401993,,,
2023-06-20,0.0,1.2737898686836289,,,
2023-06-21,2.0,0.8792270529037394,,,
2023-06-22,2.0,1.7039551371545938,,,
2023-06-23,1.0,1.7269776093344391,,,
2023-06-24,0.0,1.282770483000669,,,
2023-06-25,0.0,0.8577811114942202,,,
2023-06-26,1.0,0.8364270802001659,,,
2023-06-27,0.0,1.2114455101691217,,,
2023-06-28,0.0,0.821807909386941,,,
2023-06-29,0.0,0.7664320549057512,,,
2023-06-30,3.0,0.7529767614495317,,,
2023-07-01,0.0,2.036171815749591,,,
2023-07-02,0.0,0.7718099785455481,,,
2023-07-03,0.0,0.7547806194108568,,,
2023-07-04,0.0,0.6901452571151568,,,
2023-07-05,0.0,0.7254769456159305,,,
2023-07-06,0.0,0.6734006127174674,,,
2023-07-07,0.0,0.6671247308596144,,,
2023-07-08,0.0,0.6258533397646038,,,
2023-07-09,0.0,0.631963490050746,,,
2023-07-10,0.0,0.6195029861195412,,,
2023-07-11,0.0,0.5595184630889043,,,
2023-07-12,0.0,0.5990920979103337,,,
2023-07-13,0.0,0.551255387545185,,,
2023-07-14,0.0,0.5488070819102434,,,
2023-07-15,0.0,0.511798126564516,,,
2023-07-16,1.0,0.5215809653999532,,,
2023-07-17,0.0,0.9533546889723332,,,
2023-07-18,1.0,0.47498882509501594,,,
2023-07-19,0.0,0.9578743622673542,,,
2023-07-20,1.0,0.4908133878734082,,,
2023-07-21,0.0,0.9309298803498409,,,
2023-07-22,0.0,0.4739096722138667,,,
2023-07-23,0.0,0.48625947283042326,,,
2023-07-24,0.0,0.4767453149980668,,,
2023-07-25,2.0,0.4234953997826729,,,
2023-07-26,1.0,1.3467127552939562,,,
2023-07-27,1.0,0.901883297107051,,,
2023-07-28,0.0,0.9191001054652123,,,
2023-07-29,0.0,0.4630462418961066,,,
2023-07-30,1.0,0.4756539933660369,,,
2023-07-31,0.0,0.9071616845801855,,,
2023-08-01,0.0,0.4348897778556098,,,
2023-08-02,1.0,0.47419354481151843,,,
2023-08-03,1.0,0.8735214082626988,,,
2023-08-04,2.0,0.8904322601735136,,,
2023-08-05,1.0,1.317018300668109,,,
2023-08-06,2.0,0.9284408918063396,,,
2023-08-07,1.0,1.3762510634279583,,,
2023-08-08,0.0,0.9220702300949684,,,
2023-08-09,1.0,0.5392441358726444,,,
2023-08-10,1.0,0.9358739031162167,,,
2023-08-11,0.0,0.9521069813167982,,,
2023-08-12,5.0,0.49361903244661387,,,
2023-08-13,2.0,2.7111491356574775,,,
2023-08-14,4.0,1.4685760374437316,,,
2023-08-15,8.0,2.332272995848915,,,
2023-08-16,7.0,4.206878241129737,,,
2023-08-17,7.0,3.8658561889394343,,,
2023-08-18,29.0,3.982690916923878,,,
2023-08-19,3.0,13.763383619582047,,,
2023-08-20,1.0,2.83905840758289,,,
2023-08-21,7.0,1.9707347509852844,,,
2023-08-22,2.0,4.5511341050921095,,,
2023-08-23,1.0,2.482877666573524,,,
2023-08-24,1.0,2.000368459065437,,,
2023-08-25,2.0,2.0091553966463565,,,
2023-08-26,0.0,2.357134745414548,,,
2023-08-27,2.0,1.5001077726113126,,,
2023-08-28,1.0,2.3476999676906862,,,
2023-08-29,0.0,1.8547128886869677,,,
2023-08-30,3.0,1.440468192841955,,,
2023-08-31,0.0,2.688975278595699,,,
2023-09-01,0.0,1.4193273863073796,,,
2023-09-02,3.0,1.3124906112187673,,,
2023-09-03,0.0,2.6296600932313305,,,
2023-09-04,0.0,1.3336318063423303,,,
2023-09-05,0.0,1.2482558414998004,,,
2023-09-06,0.0,1.2658916791698323,,,
2023-09-07,1.0,1.1928832475760953,,,
2023-09-08,0.0,1.6370503893946582,,,
2023-09-09,0.0,1.1198679221255905,,,
2023-09-10,0.0,1.1158731868083946,,,
2023-09-11,0.0,1.0939122118802158,,,
2023-09-12,3.0,1.016600657230322,,,
2023-09-13,0.0,2.363337281320275,,,
2023-09-14,1.0,1.0335084611607113,,,
2023-09-15,1.0,1.4809672671101528,,,
2023-09-16,0.0,1.409942428131566,,,
2023-09-17,0.0,0.9892323390885606,,,
2023-09-18,0.0,0.9713773803196214,,,
2023-09-19,0.0,0.9021679555850577,,,
2023-09-20,7.0,0.9253270793897328,,,
2023-09-21,5.0,3.9522269056500923,,,
2023-09-22,5.0,3.2131081360449434,,,
2023-09-23,11.0,3.2161693616758384,,,
2023-09-24,7.0,5.952872462406979,,,
2023-09-25,6.0,4.373309570450775,,,
2023-09-26,20.0,3.982931440149009,,,
2023-09-27,15.0,10.280616793305143,,,
2023-09-28,6.0,8.367843096160595,,,
2023-09-29,9.0,4.664892600826807,,,
2023-09-30,1.0,5.982745666805796,,,
2023-10-01,8.0,2.5838339904529875,,,
2023-10-02,7.0,5.631030387993513,,,
2023-10-03,3.0,5.251181226524077,,,
2023-10-04,2.0,3.5949275409154575,,,
2023-10-05,0.0,3.092876585825697,,,
2023-10-06,0.0,2.2259247733083063,,,
2023-10-07,0.0,2.0911753330918055,,,
2023-10-08,1.0,2.061062438213442,,,
2023-10-09,3.0,2.4438189398730357,,,
2023-10-10,0.0,3.2532331955698828,,,
2023-10-11,2.0,1.9725642741426208,,,
2023-10-12,1.0,2.7449027588611044,,,
2023-10-13,0.0,2.3306249638284458,,,
2023-10-14,1.0,1.785795844655708,,,
2023-10-15,2.0,2.206941657572619,,,
2023-10-16,1.0,2.6204490928639377,,,
2023-10-17,1.0,2.130768992871123,,,
2023-10-18,0.0,2.1468014696389623,,,
2023-10-19,10.0,1.6226437536816583,,,
2023-10-20,0.0,6.024591403565081,,,
2023-10-21,2.0,1.6928729801811544,,,
2023-10-22,1.0,2.558342765428279,,,
2023-10-23,0.0,2.110278977778397,,,
2023-10-24,0.0,1.6051709745963998,,,
2023-10-25,1.0,1.603827670045069,,,
2023-10-26,4.0,1.9595251163347651,,,
2023-10-27,1.0,3.2809525952360863,,,
2023-10-28,0.0,1.9329982627929554,,,
2023-10-29,0.0,1.499525596007906,,,
2023-10-30,0.0,1.4600692044586345,,,
2023-10-31,1.0,1.38445482288295,,,
2023-11-01,1.0,1.8323452250266798,,,
2023-11-02,2.0,1.7758151604603571,,,
2023-11-03,1.0,2.217623574783635,,,
2023-11-04,2.0,1.7196096615092193,,,
2023-11-05,0.0,2.1749958986690627,,,
2023-11-06,1.0,1.2984441523897787,,,
2023-11-07,0.0,1.670095771516812,,,
2023-11-08,0.0,1.259911449091472,,,
2023-11-09,0.0,1.1903408842328747,,,
2023-11-10,1.0,1.1762263569853486,,,
2023-11-11,1.0,1.5293979365169634,,,
2023-11-12,0.0,1.5472998521012216,,,
2023-11-13,0.0,1.1013213609092138,,,
2023-11-14,0.0,1.0370684985209229,,,
2023-11-15,0.0,1.0557641800018456,,,
2023-11-16,0.0,0.9929444009275301,,,
2023-11-17,0.0,0.9867755092029243,,,
2023-11-18,0.0,0.905097046822836,,,
2023-11-19,0.0,0.9093358235083263,,,
2023-11-20,0.0,0.8922910081800544,,,
2023-11-21,0.0,0.8351238461837707,,,
2023-11-22,0.0,0.8604394092575594,,,
2023-11-23,4.0,0.8041489660037058,,,
2023-11-24,9.0,2.566441371016844,,,
2023-11-25,1.0,4.768149785530402,,,
2023-11-26,0.0,1.418549148597444,,,
2023-11-27,0.0,0.9771999108566625,,,
2023-11-28,0.0,0.9172492927264904,,,
2023-11-29,0.0,0.9397741767437877,,,
2023-11-30,0.0,0.886123237954608,,,
2023-12-01,0.0,0.8877877000489773,,,
2023-12-02,0.0,0.7964202343679645,,,
2023-12-03,0.0,0.8072196079952378,,,
2023-12-04,0.0,0.7940474694519586,,,
2023-12-05,0.0,0.7402213166936502,,,
2023-12-06,0.0,0.7685676338959556,,,
2023-12-07,0.0,0.7203509326269573,,,
2023-12-08,1.0,0.7272480083159236,,,
2023-12-09,0.0,1.0825874344811353,,,
2023-12-10,0.0,0.6763319514695183,,,
2023-12-11,0.0,0.6674674226166878,,,
2023-12-12,0.0,0.6178856674409192,,,
2023-12-13,0.0,0.6502360799023081,,,
2023-12-14,0.0,0.6059837592973149,,,
2023-12-15,1.0,0.617953712982597,,,
2023-12-16,0.0,0.9751661911207853,,,
2023-12-17,0.0,0.5729703820125077,,,
2023-12-18,0.0,0.5675280210131524,,,
2023-12-19,0.0,0.5213052661959395,,,
2023-12-20,0.0,0.5568040476817171,,,
2023-12-21,1.0,0.5156885910418099,,,
2023-12-22,0.0,0.9724287600089805,,,
2023-12-23,0.0,0.4682949038656986,,,
2023-12-24,0.0,0.4907438505848353,,,
2023-12-25,0.0,0.48802134044198403,,,
2023-12-26,0.0,0.444478486351795,,,
2023-12-27,0.0,0.48246935107676236,,,
2023-12-28,0.0,0.4451593276829702,,,
2023-12-29,0.0,0.46172837493330465,,,
2023-12-30,0.0,0.38262144493984307,,,
2023-12-31,0.0,0.40784556509366865,,,
2024-01-01,0.0,0.407865259293465,,,
2024-01-02,0.0,0.36702379239221905,,,
2024-01-03,0.0,0.4075277555801218,,,
2024-01-04,0.0,0.3726666380077498,,,
2024-01-05,0.0,0.39171115831724773,,,
2024-01-06,0.0,0.31498381499368505,,,
2024-01-07,0.0,0.3424131126363862,,,
2024-01-08,0.0,0.3445946274999088,,,
2024-01-09,0.0,0.3058933297933443,,,
2024-01-10,1.0,0.34836806759048966,,,
2024-01-11,0.0,0.7560753173890271,,,
2024-01-12,0.0,0.3550031550615215,,,
2024-01-13,0.0,0.27957787103707643,,,
2024-01-14,0.0,0.30814134170299545,,,
2024-01-15,0.0,0.3114491951099041,,,
2024-01-16,0.0,0.27388687606985873,,,
2024-01-17,0.0,0.3186634534968872,,,
2024-01-18,2.0,0.2849880885519618,,,
2024-01-19,0.0,1.1885504006944783,,,
2024-01-20,0.0,0.27082568419594155,,,
2024-01-21,1.0,0.2996376866018664,,,
2024-01-22,0.0,0.743788116569561,,,
2024-01-23,0.0,0.28455492249308045,,,
2024-01-24,1.0,0.3288432954575528,,,
2024-01-25,1.0,0.7381295936343379,,,
2024-01-26,3.0,0.7750048806182201,,,
2024-01-27,0.0,1.6012198788160508,,,
2024-01-28,0.0,0.3650509833042903,,,
2024-01-29,0.0,0.36461908159831535,,,
2024-01-30,1.0,0.32589242301938737,,,
2024-01-31,0.0,0.810613387718117,,,
2024-02-01,0.0,0.35533439852274595,,,
2024-02-02,2.0,0.3744623912861338,,,
2024-02-03,2.0,1.175838009387237,,,
2024-02-04,3.0,1.2437577931635695,,,
2024-02-05,0.0,1.7212512361512946,,,
2024-02-06,3.0,0.4167202161073984,,,
2024-02-07,0.0,1.7776110531533464,,,
2024-02-08,0.0,0.47610164996658977,,,
2024-02-09,0.0,0.49362768474879193,,,
2024-02-10,0.0,0.4092044363574717,,,
2024-02-11,2.0,0.43729723507763163,,,
2024-02-12,0.0,1.3112850519098278,,,
2024-02-13,0.0,0.43314008596011,,,
2024-02-14,0.0,0.466350777208262,,,
2024-02-15,0.0,0.43201880382585756,,,
2024-02-16,1.0,0.4508296131690679,,,
2024-02-17,2.0,0.8085464333380961,,,
2024-02-18,0.0,1.29963662639471,,,
2024-02-19,2.0,0.4457454746254479,,,
2024-02-20,0.0,1.292967848809047,,,
2024-02-21,1.0,0.4831721252908122,,,
2024-02-22,0.0,0.8887926512187336,,,
2024-02-23,0.0,0.48633818836796905,,,
2024-02-24,0.0,0.4031533589489992,,,
2024-02-25,1.0,0.43061309542464254,,,
2024-02-26,1.0,0.8646869683459992,,,
2024-02-27,0.0,0.8464124742066552,,,
2024-02-28,1.0,0.46108370760732587,,,
2024-02-29,1.0,0.8656501625066476,,,
2024-03-01,0.0,0.9049525301107635,,,
2024-03-02,2.0,0.4005592947948082,,,
2024-03-03,2.0,1.310665822611727,,,
2024-03-04,1.0,1.3406524097033277,,,
2024-03-05,1.0,0.8981652435566371,,,
2024-03-06,0.0,0.9533148423424436,,,
2024-03-07,4.0,0.49321610059714155,,,
2024-03-08,10.0,2.2725961227023896,,,
2024-03-09,2.0,4.909640286601837,,,
2024-03-10,3.0,1.5953245892385843,,,
2024-03-11,0.0,2.055161911655028,,,
2024-03-12,2.0,0.741646142398626,,,
2024-03-13,0.0,1.6484637819109653,,,
2024-03-14,1.0,0.7636537297967689,,,
2024-03-15,0.0,1.2179900976582188,,,
2024-03-16,1.0,0.6928554899502588,,,
2024-03-17,1.0,1.1569950410861392,,,
2024-03-18,1.0,1.1532839385982387,,,
2024-03-19,1.0,1.1291376481020499,,,
2024-03-20,2.0,1.171562036431681,,,
2024-03-21,0.0,1.593124230570534,,,
2024-03-22,0.0,0.7624763566879252,,,
2024-03-23,2.0,0.6624750698351972,,,
2024-03-24,1.0,1.567315877884953,,,
2024-03-25,0.0,1.1428747735836986,,,
2024-03-26,0.0,0.6782980222897717,,,
2024-03-27,1.0,0.7039064051703693,,,
2024-03-28,0.0,1.1045775373949587,,,
2024-03-29,0.0,0.6986117514078093,,,
2024-03-30,0.0,0.6032912500228982,,,
2024-03-31,0.0,0.6266043590806045,,,
2024-04-01,0.0,0.606776029931593,,,
2024-04-02,0.0,0.567905334776768,,,
2024-04-03,1.0,0.5983385793280883,,,
2024-04-04,10.0,1.0009097679927135,,,
2024-04-05,0.0,5.004530858186618,,,
2024-04-06,11.0,0.6926595702023624,,,
2024-04-07,4.0,5.559383227023564,,,
2024-04-08,2.0,2.657214812683507,,,
2024-04-09,4.0,1.8019831291185282,,,
2024-04-10,6.0,2.7401668339202225,,,
2024-04-11,5.0,3.656192520357669,,,
2024-04-12,5.0,3.3144334271058202,,,
2024-04-13,6.0,3.317682071620517,,,
2024-04-14,23.0,3.8428658873588057,,,
2024-04-15,3.0,11.406414108739025,,,
2024-04-16,9.0,2.965154776504571,,,
2024-04-17,1.0,5.661592877418232,,,
2024-04-18,3.0,2.238044740071741,,,
2024-04-19,1.0,3.1004539173751167,,,
2024-04-20,4.0,2.1634762194674733,,,
2024-04-21,15.0,3.497234052455564,,,
2024-04-22,1.0,8.327900566581786,,,
2024-04-23,8.0,2.3844285453910112,,,
2024-04-24,1.0,5.460783578073892,,,
2024-04-25,9.0,2.4581165808897847,,,
2024-04-26,4.0,5.952995087465202,,,
2024-04-27,11.0,3.803767538994468,,,
2024-04-28,4.0,6.956235592178061,,,
2024-04-29,9.0,3.9526526392559838,,,
2024-04-30,7.0,6.175108040587981,,,
2024-05-01,3.0,5.414324542462632,,,
2024-05-02,1.0,3.715169685979471,,,
2024-05-03,3.0,2.8186575446489757,,,
2024-05-04,2.0,3.6030594842130537,,,
2024-05-05,0.0,3.191051556807383,,,
2024-05-06,5.0,2.2277772018998743,,,
2024-05-07,13.0,4.368551249259009,,,
2024-05-08,2.0,7.937216498744199,,,
2024-05-09,1.0,3.2683450031397085,,,
2024-05-10,9.0,2.7981977876549116,,,
2024-05-11,1.0,6.223800526806795,,,
2024-05-12,8.0,2.838706014950943,,,
2024-05-13,8.0,5.825959103065354,,,
2024-05-14,0.0,5.918023676964188,,,
2024-05-15,0.0,2.4677801585827517,,,
2024-05-16,5.0,2.3994067086518513,,,
2024-05-17,0.0,4.545600394124078,,,
2024-05-18,5.0,2.304469949661261,,,
2024-05-19,0.0,4.491093915374983,,,
2024-05-20,45.0,2.265493986522681,,,
2024-05-21,14.0,22.025156087065813,,,
2024-05-22,2.0,9.141210842190315,,,
2024-05-23,2.0,4.035540315330099,,,
2024-05-24,0.0,3.9813865583262116,,,
2024-05-25,6.0,2.9908619821141116,,,
2024-05-26,1.0,5.585502236094546,,,
2024-05-27,2.0,3.4167947425811462,,,
2024-05-28,0.0,3.7241258247666735,,,
2024-05-29,3.0,2.796556596927392,,,
2024-05-30,1.0,4.050906246264267,,,
2024-05-31,2.0,3.1462798058910026,,,
2024-06-01,1.0,3.4801943590601576,,,
2024-06-02,1.0,3.0320273954198216,,,
2024-06-03,1.0,2.9853406823088147,,,
2024-06-04,2.0,2.866987733340495,,,
2024-06-05,3.0,3.261175727379937,,,
2024-06-06,1.0,3.680936185515039,,,
2024-06-07,0.0,2.791041395402851,,,
2024-06-08,10.0,2.253386458067034,,,
2024-06-09,3.0,6.626828078037069,,,
2024-06-10,0.0,3.6755173461972444,,,
2024-06-11,1.0,2.280481713069512,,,
2024-06-12,1.0,2.6613918934269747,,,
2024-06-13,0.0,2.624438289678588,,,
2024-06-14,3.0,2.143384335106688,,,
2024-06-15,1.0,3.3696414265965373,,,
2024-06-16,6.0,2.5047113992971903,,,
2024-06-17,3.0,4.6779625047531965,,,
2024-06-18,1.0,3.352115122885302,,,
2024-06-19,0.0,2.474816708990679,,,
2024-06-20,1.0,2.002379480376315,,,
2024-06-21,2.0,2.3942266632954925,,,
2024-06-22,1.0,2.7594415744401375,,,
2024-06-23,0.0,2.3302507978745504,,,
2024-06-24,7.0,1.8594834959888233,,,
2024-06-25,0.0,4.832551105071446,,,
2024-06-26,0.0,1.8358997625918638,,,
2024-06-27,1.0,1.793871100996315,,,
2024-06-28,1.0,2.1931352072804917,,,
2024-06-29,1.0,2.122949670675678,,,
2024-06-30,0.0,2.121045821437418,,,
2024-07-01,4.0,1.6669394920504779,,,
2024-07-02,7.0,3.3123584095422975,,,
2024-07-03,3.0,4.675855351203334,,,
2024-07-04,2.0,3.010924601761853,,,
2024-07-05,0.0,2.5877184699983036,,,
2024-07-06,0.0,1.6566497808994636,,,
2024-07-07,3.0,1.6357524257618048,,,
2024-07-08,1.0,2.9318387303993463,,,
2024-07-09,2.0,1.9939972704841855,,,
2024-07-10,2.0,2.413652782660422,,,
2024-07-11,2.0,2.4207333824173816,,,
2024-07-12,4.0,2.4224827074097215,,,
2024-07-13,0.0,3.2602626146100864,,,
2024-07-14,0.0,1.5605279357120356,,,
2024-07-15,3.0,1.532988105449411,,,
2024-07-16,0.0,2.7470637048739572,,,
2024-07-17,0.0,1.445718053123724,,,
2024-07-18,5.0,1.4184362135886,,,
2024-07-19,1.0,3.592511934638301,,,
2024-07-20,0.0,1.841583934476708,,,
2024-07-21,0.0,1.41281298426353,,,
2024-07-22,1.0,1.394166310612754,,,
2024-07-23,2.0,1.726334472574445,,,
2024-07-24,0.0,2.1562932537390562,,,
2024-07-25,0.0,1.2969923515784392,,,
2024-07-26,5.0,1.264480070427112,,,
2024-07-27,1.0,3.3910926646395323,,,
2024-07-28,3.0,1.7223896909936318,,,
2024-07-29,2.0,2.6088445725133393,,,
2024-07-30,1.0,2.120322487211205,,,
2024-07-31,1.0,1.686147189876725,,,
2024-08-01,0.0,1.6910208878540454,,,
2024-08-02,0.0,1.2447879732631821,,,
2024-08-03,1.0,1.1616019600047212,,,
2024-08-04,0.0,1.6081814930279226,,,
2024-08-05,0.0,1.1743316603399565,,,
2024-08-06,1.0,1.0736478450213665,,,
2024-08-07,0.0,1.4896130551173825,,,
2024-08-08,0.0,1.059101839815599,,,
2024-08-09,1.0,1.0413458389449142,,,
2024-08-10,3.0,1.4072334821596093,,,
2024-08-11,1.0,2.3173785394883586,,,
2024-08-12,0.0,1.4864648523851296,,,
2024-08-13,1.0,0.9694419677862646,,,
2024-08-14,5.0,1.3870651863457426,,,
2024-08-15,2.0,3.163377718057993,,,
2024-08-16,3.0,1.9213423991428578,,,
2024-08-17,18.0,2.326426027239794,,,
2024-08-18,14.0,8.996456014977774,,,
2024-08-19,1.0,7.560621968475559,,,
2024-08-20,2.0,1.988653503058734,,,
2024-08-21,0.0,2.41023664549872,,,
2024-08-22,0.0,1.5364856784865708,,,
2024-08-23,0.0,1.5067711641174117,,,
2024-08-24,3.0,1.4368112423670567,,,
2024-08-25,1.0,2.7373381067715856,,,
2024-08-26,0.0,1.877923076683702,,,
2024-08-27,0.0,1.3575158999123091,,,
2024-08-28,0.0,1.322984137050474,,,
2024-08-29,0.0,1.3013773209493489,,,
2024-08-30,3.0,1.2792949642582858,,,
2024-08-31,0.0,2.5413436942929546,,,
2024-09-01,0.0,1.25809170660981,,,
2024-09-02,0.0,1.2298573809372122,,,
2024-09-03,1.0,1.1384488970368933,,,
2024-09-04,0.0,1.551933229761333,,,
2024-09-05,1.0,1.1152962098636459,,,
2024-09-06,1.0,1.5437013444769754,,,
2024-09-07,1.0,1.5030067403794436,,,
2024-09-08,0.0,1.5112496241595335,,,
2024-09-09,0.0,1.0672626413176742,,,
2024-09-10,0.0,0.9825411868075171,,,
2024-09-11,0.0,0.9588669998678457,,,
2024-09-12,2.0,0.9510155285458226,,,
2024-09-13,0.0,1.8247021210459524,,,
2024-09-14,0.0,0.9270887065611053,,,
2024-09-15,1.0,0.9198774351853398,,,
2024-09-16,0.0,1.343952361551334,,,
2024-09-17,0.0,0.8426851888147278,,,
2024-09-18,0.0,0.8237528683548458,,,
2024-09-19,0.0,0.8227624921955057,,,
2024-09-20,1.0,0.8160585771959155,,,
2024-09-21,1.0,1.2082638715881426,,,
2024-09-22,0.0,1.2262348739641737,,,
2024-09-23,0.0,0.7904191047386357,,,
2024-09-24,0.0,0.7154572716907667,,,
2024-09-25,2.0,0.7007461079471959,,,
2024-09-26,0.0,1.5848168107566392,,,
2024-09-27,0.0,0.7395353808665048,,,
2024-09-28,0.0,0.6931731945149712,,,
2024-09-29,0.0,0.6936874970115794,,,
2024-09-30,0.0,0.6835078437727689,,,
2024-10-01,0.0,0.6121306238359312,,,
2024-10-02,1.0,0.6033372798679941,,,
2024-10-03,0.0,1.0465405169846274,,,
2024-10-04,0.0,0.627408478580788,,,
2024-10-05,6.0,0.5848305895416277,,,
2024-10-06,1.0,3.232428139972385,,,
2024-10-07,0.0,1.1343681845637448,,,
2024-10-08,0.0,0.6407281970105575,,,
2024-10-09,0.0,0.6320754863992966,,,
2024-10-10,0.0,0.6321801030773633,,,
2024-10-11,1.0,0.6345839876118888,,,
2024-10-12,1.0,1.0398263792062812,,,
2024-10-13,2.0,1.052825792401923,,,
2024-10-14,0.0,1.505751859418186,,,
2024-10-15,0.0,0.592996266899531,,,
2024-10-16,0.0,0.5858470878750066,,,
2024-10-17,0.0,0.5875680514348567,,,
2024-10-18,0.0,0.5926443916324314,,,
2024-10-19,0.0,0.5577916733427176,,,
2024-10-20,2.0,0.5553409137255078,,,
2024-10-21,0.0,1.4290648195824436,,,
2024-10-22,0.0,0.5198997665795047,,,
2024-10-23,0.0,0.5151688564723647,,,
2024-10-24,0.0,0.5192176235061634,,,
2024-10-25,0.0,0.5264686751765183,,,
2024-10-26,2.0,0.4938657885597878,,,
2024-10-27,5.0,1.3770775868729928,,,
2024-10-28,2.0,2.7272024895944122,,,
2024-10-29,0.0,1.4350304679280792,,,
2024-10-30,0.0,0.5851958379527695,,,
2024-10-31,0.0,0.5868967021119255,,,
2024-11-01,0.0,0.5918739824369459,,,
2024-11-02,0.0,0.5595978489471156,,,
2024-11-03,0.0,0.562025950666778,,,
2024-11-04,0.0,0.5460239788869745,,,
2024-11-05,0.0,0.48093159676214614,,,
2024-11-06,2.0,0.4784831857763695,,,
2024-11-07,1.0,1.364853394310296,,,
2024-11-08,1.0,0.9698435232248627,,,
2024-11-09,3.0,0.958113459190999,,,
2024-11-10,0.0,1.8614971808099203,,,
2024-11-11,1.0,0.5805924757400912,,,
2024-11-12,0.0,0.9550379556226213,,,
2024-11-13,3.0,0.5318975537234021,,,
2024-11-14,0.0,1.8547987815280222,,,
2024-11-15,0.0,0.5960739767996278,,,
2024-11-16,2.0,0.5660243737277177,,,
2024-11-17,0.0,1.444471475259224,,,
2024-11-18,0.0,0.5875127494103192,,,
2024-11-19,0.0,0.5194751273731457,,,
2024-11-20,0.0,0.5222029690485952,,,
2024-11-21,0.0,0.5186045193985964,,,
2024-11-22,1.0,0.5277617738752771,,,
2024-11-23,1.0,0.9428956925164043,,,
2024-11-24,0.0,0.95768924577213,,,
2024-11-25,4.0,0.5250915632983998,,,
2024-11-26,2.0,2.2215782920021976,,,
2024-11-27,0.0,1.4192594414640045,,,
2024-11-28,0.0,0.5714595333335366,,,
2024-11-29,0.0,0.5799804243651643,,,
2024-11-30,0.0,0.5521740258159796,,,
2024-12-01,0.0,0.5456780842284986,,,
2024-12-02,0.0,0.5394860155643366,,,
2024-12-03,0.0,0.4687899478171793,,,
2024-12-04,0.0,0.4714575151780591,,,
2024-12-05,4.0,0.4708283399220297,,,
2024-12-06,13.0,2.2448809895691797,,,
2024-12-07,0.0,6.259865397805569,,,
2024-12-08,0.0,0.7683225640757186,,,
2024-12-09,0.0,0.7544055883338583,,,
2024-12-10,0.0,0.676892967370711,,,
2024-12-11,0.0,0.6727128082078475,,,
2024-12-12,1.0,0.6702510837066411,,,
2024-12-13,0.0,1.125012607621379,,,
2024-12-14,0.0,0.6512893795811721,,,
2024-12-15,0.0,0.648067608537764,,,
2024-12-16,0.0,0.6381372391894841,,,
2024-12-17,0.0,0.5645529586794709,,,
2024-12-18,1.0,0.5640885946291799,,,
2024-12-19,1.0,1.0067328547830765,,,
2024-12-20,0.0,1.040672809673418,,,
2024-12-21,0.0,0.5714863631457784,,,
2024-12-22,3.0,0.5705191843983429,,,
2024-12-23,2.0,1.884873151133527,,,
2024-12-24,0.0,1.4290439629292742,,,
2024-12-25,1.0,0.5863813094475022,,,
2024-12-26,0.0,1.027692089199664,,,
2024-12-27,0.0,0.619199790141335,,,
2024-12-28,0.0,0.5718678914050066,,,
2024-12-29,0.0,0.5745544884257243,,,
2024-12-30,0.0,0.5643196623975772,,,
2024-12-31,0.0,0.49136171779268567,,,
2025-01-01,0.0,0.49667903799787017,,,
2025-01-02,1.0,0.49868045582599974,,,
2025-01-03,1.0,0.9562181828573796,,,
2025-01-04,1.0,0.930923176650934,,,
2025-01-05,0.0,0.9546727619687863,,,
2025-01-06,0.0,0.5246180495735351,,,
2025-01-07,1.0,0.45316011954137675,,,
2025-01-08,0.0,0.9001676385407023,,,
2025-01-09,0.0,0.48272957344252876,,,
2025-01-10,0.0,0.4996617807371667,,,
2025-01-11,0.0,0.4563415423930811,,,
2025-01-12,1.0,0.461384741539256,,,
2025-01-13,3.0,0.8961284745571224,,,
2025-01-14,1.0,1.7279915388785012,,,
2025-01-15,1.0,0.9088666613520613,,,
2025-01-16,0.0,0.9321197735510331,,,
2025-01-17,3.0,0.526772306422107,,,
2025-01-18,3.0,1.8043029884739705,,,
2025-01-19,0.0,1.8655216417030709,,,
2025-01-20,3.0,0.5929213931029433,,,
2025-01-21,4.0,1.8387496441128675,,,
2025-01-22,2.0,2.338739411512133,,,
2025-01-23,0.0,1.531752718145005,,,
2025-01-24,4.0,0.703273701081653,,,
2025-01-25,0.0,2.4140503977437247,,,
2025-01-26,0.0,0.7221879034883543,,,
2025-01-27,0.0,0.7146431853184239,,,
2025-01-28,0.0,0.6347089834509643,,,
2025-01-29,0.0,0.6314237572885315,,,
2025-01-30,1.0,0.6279979019190154,,,
2025-01-31,2.0,1.0904080524587414,,,
2025-02-01,6.0,1.493079082084864,,,
2025-02-02,0.0,3.2921266946815035,,,
2025-02-03,1.0,0.7548151996730554,,,
2025-02-04,1.0,1.1142025307981012,,,
2025-02-05,22.0,1.1283702677714005,,,
2025-02-06,0.0,10.394962092963631,,,
2025-02-07,1.0,1.131065235733666,,,
2025-02-08,0.0,1.5039882021603015,,,
2025-02-09,1.0,1.0571374096967148,,,
2025-02-10,2.0,1.4829027548175069,,,
2025-02-11,8.0,1.8508973509816853,,,
2025-02-12,5.0,4.542847334740269,,,
2025-02-13,15.0,3.3175010817995556,,,
2025-02-14,7.0,7.834233896110179,,,
2025-02-15,8.0,4.515791605104711,,,
2025-02-16,38.0,5.05164115284025,,,
2025-02-17,75.0,18.387564988398786,,,
2025-02-18,35.0,35.29085823288181,,,
2025-02-19,11.0,19.022923860279285,,,
2025-02-20,7.0,8.977505439293994,,,
2025-02-21,10.0,7.322044738993189,,,
2025-02-22,1.0,8.606426905935091,,,
2025-02-23,0.0,4.736218533066232,,,
2025-02-24,1.0,4.222366053611417,,,
2025-02-25,0.0,4.405632248071093,,,
2025-02-26,0.0,3.878237904506612,,,
2025-02-27,0.0,3.7529706175662163,,,
2025-02-28,0.0,3.6743340097429154,,,
2025-03-01,2.0,3.5128869394584523,,,
2025-03-02,2.0,4.3269938964434616,,,
2025-03-03,2.0,4.300422906250486,,,
2025-03-04,0.0,4.10936234749658,,,
2025-03-05,0.0,3.1854939874651946,,,
2025-03-06,5.0,3.0828324315757047,,,
2025-03-07,5.0,5.228943190920721,,,
2025-03-08,6.0,5.185200226324171,,,
2025-03-09,5.0,5.668084195255909,,,
2025-03-10,2.0,5.289144331301945,,,
2025-03-11,7.0,3.8410107118811623,,,
2025-03-12,4.0,6.01099696973475,,,
2025-03-13,9.0,4.7314146641229655,,,
2025-03-14,3.0,6.9531424759363105,,,
2025-03-15,2.0,4.342709962595393,,,
2025-03-16,2.0,3.9042830869404934,,,
2025-03-17,1.0,3.888404448349036,,,
2025-03-18,2.0,3.2760998894076723,,,
2025-03-19,3.0,3.66314162215049,,,
2025-03-20,1.0,4.0648978528543696,,,
2025-03-21,0.0,3.181890594837644,,,
2025-03-22,0.0,2.635514629662829,,,
2025-03-23,0.0,2.5952437585257773,,,
2025-03-24,0.0,2.5553274698339554,,,
2025-03-25,1.0,2.362819913451661,,,
2025-03-26,1.0,2.7480380752438163,,,
2025-03-27,2.0,2.7030221703433144,,,
2025-03-28,1.0,3.12084261168346,,,
2025-03-29,0.0,2.6101562500431648,,,
2025-03-30,2.0,2.1633076230725874,,,
2025-03-31,1.0,3.018912302519773,,,
2025-04-01,0.0,2.438125292147995,,,
2025-04-02,2.0,1.972369550981158,,,
2025-04-03,1.0,2.802415078650751,,,
2025-04-04,0.0,2.3672943276727008,,,
2025-04-05,1.0,1.8477120669923845,,,
2025-04-06,0.0,2.2769753904123378,,,
2025-04-07,5.0,1.838073521729163,,,
2025-04-08,3.0,3.87283399679011,,,
2025-04-09,0.0,3.054671872199891,,,
2025-04-10,3.0,1.7433053215291419,,,
2025-04-11,5.0,3.0385568938320953,,,
2025-04-12,4.0,3.8866320167140302,,,
2025-04-13,2.0,3.531224868254002,,,
2025-04-14,2.0,2.7163804905308035,,,
2025-04-15,1.0,2.5808464381636833,,,
2025-04-16,2.0,2.1436595362553525,,,
2025-04-17,0.0,2.563613557590049,,,
2025-04-18,0.0,1.6961583881192666,,,
2025-04-19,0.0,1.6057506481959836,,,
2025-04-20,4.0,1.5986842346030938,,,
2025-04-21,2.0,3.359110750901506,,,
2025-04-22,1.0,2.386749235350056,,,
2025-04-23,0.0,1.957845557769606,,,
2025-04-24,5.0,1.499606413055651,,,
2025-04-25,4.0,3.6859446587283786,,,
2025-04-26,0.0,3.255171067713047,,,
2025-04-27,4.0,1.5688155555156706,,,
2025-04-28,0.0,3.3257465111165945,,,
2025-04-29,1.0,1.4733291694701545,,,
2025-04-30,1.0,1.8886220475151234,,,
2025-05-01,3.0,1.879934314858514,,,
2025-05-02,0.0,2.7613959230875005,,,
2025-05-03,1.0,1.4094537712784994,,,
2025-05-04,0.0,1.8608085655743962,,,
2025-05-05,0.0,1.431838242476637,,,
2025-05-06,1.0,1.2750327820068394,,,
2025-05-07,1.0,1.696444142809895,,,
2025-05-08,1.0,1.6961433691471088,,,
2025-05-09,0.0,1.6981631479387618,,,
2025-05-10,0.0,1.1992138256840463,,,
2025-05-11,0.0,1.2148245512303484,,,
2025-05-12,2.0,1.2155142591667258,,,
2025-05-13,20.0,1.948183325742459,,,
2025-05-14,6.0,9.902927779057187,,,
2025-05-15,0.0,4.093131653954163,,,
2025-05-16,0.0,1.5372664047197788,,,
2025-05-17,2.0,1.4513833383073056,,,
2025-05-18,3.0,2.339800890663263,,,
2025-05-19,0.0,2.8124723210626317,,,
2025-05-20,1.0,1.4096108894503914,,,
2025-05-21,0.0,1.8004394809234316,,,
2025-05-22,1.0,1.3555663588834213,,,
2025-05-23,1.0,1.7782760175912198,,,
2025-05-24,0.0,1.7200296057228637,,,
2025-05-25,1.0,1.311197486958984,,,
2025-05-26,1.0,1.7473094324893417,,,
2025-05-27,2.0,1.6366356186748747,,,
2025-05-28,1.0,2.052998833788323,,,
2025-05-29,0.0,1.6346530388577096,,,
2025-05-30,0.0,1.1994842728005046,,,
2025-05-31,1.0,1.1259373447652414,,,
2025-06-01,0.0,1.5863763801921993,,,
2025-06-02,1.0,1.1651461282134299,,,
2025-06-03,1.0,1.482299553144868,,,
2025-06-04,1.0,1.461640040395628,,,
2025-06-05,11.0,1.4694517408609986,,,
2025-06-06,3.0,5.886554140717325,,,
2025-06-07,13.0,2.4995299039844334,,,
2025-06-08,4.0,6.977319740733735,,,
2025-06-09,0.0,3.252812944900973,,,
2025-06-10,2.0,1.4301940221242329,,,
2025-06-11,0.0,2.2592890705523767,,,
2025-06-12,3.0,1.4046801856020696,,,
2025-06-13,0.0,2.692183400611899,,,
2025-06-14,1.0,1.3641623553470588,,,
2025-06-15,2.0,1.7992359625267298,,,
2025-06-16,0.0,2.253209254068764,,,
2025-06-17,0.0,1.2829620669638215,,,
2025-06-18,0.0,1.2324465443422135,,,
2025-06-19,5.0,1.2304541572552408,,,
2025-06-20,2.0,3.4006943679754,,,
2025-06-21,5.0,2.117319918582125,,,
2025-06-22,3.0,3.476577485458785,,,
2025-06-23,0.0,2.683123789327616,,,
2025-06-24,3.0,1.2920568582785668,,,
2025-06-25,0.0,2.563169571232415,,,
2025-06-26,0.0,1.300595864375035,,,
2025-06-27,1.0,1.259922970114133,,,
2025-06-28,1.0,1.6487249513913969,,,
2025-06-29,1.0,1.6646737086314538,,,
2025-06-30,6.0,1.6771770278629021,,,
2025-07-01,0.0,3.7827297962493986,,,
2025-07-02,0.0,1.2002834963855427,,,
2025-07-03,1.0,1.2060770626034278,,,
2025-07-04,0.0,1.6106731700946773,,,
2025-07-05,2.0,1.1391319263243196,,,
2025-07-06,3.0,2.020121321861834,,,
2025-07-07,0.0,2.5007018179629146,,,
2025-07-08,0.0,1.110971665795824,,,
2025-07-09,4.0,1.06459310762566,,,
2025-07-10,1.0,2.838240955193164,,,
2025-07-11,0.0,1.5574833274760183,,,
2025-07-12,0.0,1.0906244121221096,,,
2025-07-13,0.0,1.092263484935412,,,
2025-07-14,2.0,1.092182778315216,,,
2025-07-15,1.0,1.8545577331367444,,,
2025-07-16,0.0,1.4139641439273434,,,
2025-07-17,1.0,1.0007369260865344,,,
2025-07-18,9.0,1.4107719017625022,,,
2025-07-19,2.0,4.914261310421215,,,
2025-07-20,1.0,2.0038589267653952,,,
2025-07-21,0.0,1.6019631471149454,,,
2025-07-22,2.0,1.056760609623022,,,
2025-07-23,1.0,1.8969494648656178,,,
2025-07-24,0.0,1.5028680667259984,,,
2025-07-25,2.0,1.0573263862495743,,,
2025-07-26,2.0,1.8836733905213032,,,
2025-07-27,1.0,1.9275317698094616,,,
2025-07-28,0.0,1.5272845905810293,,,
2025-07-29,2.0,0.9876546349157829,,,
2025-07-30,4.0,1.828034912546955,,,
2025-07-31,1.0,2.7571091295396006,,,
2025-08-01,1.0,1.4907449768356933,,,
2025-08-02,2.0,1.4545688090016387,,,
2025-08-03,3.0,1.918666399623043,,,
2025-08-04,0.0,2.399158109841821,,,
2025-08-05,1.0,1.018654216161721,,,
2025-08-06,0.0,1.41898308750036,,,
2025-08-07,0.0,1.002172015351631,,,
2025-08-08,1.0,0.9841851834165981,,,
2025-08-09,4.0,1.3734539500160796,,,
2025-08-10,4.0,2.7221272575587885,,,
2025-08-11,3.0,2.7977706953036274,,,
2025-08-12,2.0,2.3209509835623656,,,
2025-08-13,0.0,1.894807898034303,,,
2025-08-14,3.0,1.0555623878714222,,,
2025-08-15,2.0,2.3586022261310333,,,
2025-08-16,2.0,1.9237739140013104,,,
2025-08-17,7.0,1.964142591371056,,,
2025-08-18,1.0,4.200399258229123,,,
2025-08-19,3.0,1.573028040750065,,,
2025-08-20,2.0,2.4252191654753403,,,
2025-08-21,0.0,2.0466036782340864,,,
2025-08-22,1.0,1.1775928502391138,,,
2025-08-23,4.0,1.5637801431838092,,,
2025-08-24,3.0,2.9105672579014517,,,
2025-08-25,3.0,2.5289257288357696,,,
2025-08-26,2.0,2.473001764316569,,,
2025-08-27,2.0,2.0380120239513584,,,
2025-08-28,2.0,2.0774013482530407,,,
2025-08-29,2.0,2.0908072787348395,,,
2025-08-30,2.0,2.07559678202712,,,
2025-08-31,28.0,2.113857939762,,,
2025-09-01,20.0,13.588714885651813,,,
2025-09-02,1.0,10.47004204263776,,,
2025-09-03,0.0,2.404561880037787,,,
2025-09-04,1.0,1.9580406973336593,,,
2025-09-05,0.0,2.3493793171799644,,,
2025-09-06,3.0,1.8516123100478805,,,
2025-09-07,1.0,3.183411347003684,,,
2025-09-08,1.0,2.297917222438276,,,
2025-09-09,0.0,2.1633457654544728,,,
2025-09-10,0.0,1.68076402734235,,,
2025-09-11,0.0,1.6672577406531492,,,
2025-09-12,3.0,1.6260106628719277,,,
2025-09-13,0.0,2.8853778372324372,,,
2025-09-14,0.0,1.6333392757695435,,,
2025-09-15,1.0,1.5831039764249162,,,
2025-09-16,0.0,1.8796814875014585,,,
2025-09-17,1.0,1.4065308820030504,,,
2025-09-18,0.0,1.842565184803199,,,
2025-09-19,0.0,1.3917815340198074,,,
2025-09-20,2.0,1.3320019782824901,,,
2025-09-21,0.0,2.2363546327153414,,,
2025-09-22,1.0,1.3525181840336151,,,
2025-09-23,0.0,1.65527540310518,,,
2025-09-24,7.0,1.1912196481328436,,,
2025-09-25,5.0,4.276137423236164,,,
2025-09-26,0.0,3.503545728034112,,,
2025-09-27,1.0,1.339564429788352,,,
2025-09-28,2.0,1.79961935471384,,,
2025-09-29,4.0,2.220845302632344,,,
2025-09-30,1.0,3.0003306747450718,,,
2025-10-01,0.0,1.7187562141310755,,,
2025-10-02,12.0,1.2891447101743372,,,
2025-10-03,7.0,6.546227307178209,,,
2025-10-04,7.0,4.517202523805855,,,
2025-10-05,2.0,4.664538837223034,,,
2025-10-06,1.0,2.5482534455641526,,,
2025-10-07,0.0,1.990862698747362,,,
2025-10-08,1.0,1.524011030405429,,,
2025-10-09,3.0,1.963697193502874,,,
2025-10-10,5.0,2.8145310372900543,,,
2025-10-11,18.0,3.6966266682765303,,,
2025-10-12,8.0,9.52622072937563,,,
2025-10-13,2.0,5.412155287368616,,,
2025-10-14,4.0,2.755809242331484,,,
2025-10-15,5.0,3.620119115839019,,,
2025-10-16,2.0,4.124003771171283,,,
2025-10-17,3.0,2.8352174943727473,,,
2025-10-18,8.0,3.2569972636683406,,,
2025-10-19,5.0,5.492496769803386,,,
2025-10-20,5.0,4.261826780729736,,,
2025-10-21,2.0,4.192820466020462,,,
2025-10-22,5.0,2.9063212462463963,,,
2025-10-23,3.0,4.2444405061446275,,,
2025-10-24,4.0,3.394747498950025,,,
2025-10-25,8.0,3.8356729785985078,,,
2025-10-26,2.0,5.639748492042608,,,
2025-10-27,2.0,3.0840356859499285,,,
2025-10-28,3.0,2.9507444031555687,,,
2025-10-29,1.0,3.373049526125002,,,
2025-10-30,2.0,2.522447828388414,,,
2025-10-31,7.0,2.9207364965770974,,,
2025-11-01,3.0,5.110338775669567,,,
2025-11-02,13.0,3.438555629717065,,,
2025-11-03,4.0,7.841759537574881,,,
2025-11-04,4.0,3.9522541885402376,,,
2025-11-05,1.0,3.9640330565054605,,,
2025-11-06,1.0,2.688765554789011,,,
2025-11-07,6.0,2.6462019144099966,,,
2025-11-08,5.0,4.804352811693139,,,
2025-11-09,8.0,4.445357945942982,,,
2025-11-10,1.0,5.782072616608438,,,
2025-11-11,0.0,2.6803309456309643,,,
2025-11-12,3.0,2.19076576140894,,,
2025-11-13,1.0,3.486187648930066,,,
2025-11-14,0.0,2.6079554473084747,,,
2025-11-15,5.0,2.120815507755957,,,
2025-11-16,1.0,4.29815244368536,,,
2025-11-17,6.0,2.5470841800782136,,,
2025-11-18,5.0,4.609098133165009,,,
2025-11-19,14.0,4.225788454620267,,,
2025-11-20,3.0,8.259266467560924,,,
2025-11-21,2.0,3.6222202898070934,,,
2025-11-22,3.0,3.1743732983860964,,,
2025-11-23,2.0,3.6135302285333593,,,
2025-11-24,0.0,3.1488184625722853,,,
2025-11-25,10.0,2.1364843622896066,,,
2025-11-26,2.0,6.492985023504556,,,
2025-11-27,8.0,3.110609624519382,,,
2025-11-28,18.0,5.739671717757707,,,
2025-11-29,0.0,10.235151660400101,,,
2025-11-30,0.0,2.5992495298883838,,,
2025-12-01,5.0,2.5067959673193227,,,
2025-12-02,0.0,4.546283653179691,,,
2025-12-03,1.0,2.3654948501737216,,,
2025-12-04,0.0,2.764951263458764,,,
2025-12-05,1.0,2.296814388670544,,,
2025-12-06,0.0,2.649844629912579,,,
2025-12-07,2.0,2.1994227026220456,,,
2025-12-08,0.0,3.0073537309048213,,,
2025-12-09,0.0,2.0037768928481423,,,
2025-12-10,0.0,1.9485856613372918,,,
2025-12-11,1.0,1.9189821019652722,,,
2025-12-12,0.0,2.3279384494162705,,,
2025-12-13,0.0,1.8319792452801944,,,
2025-12-14,2.0,1.818309176888641,,,
2025-12-15,2.0,2.6352719442181023,,,
2025-12-16,0.0,2.5267581872887783,,,
2025-12-17,0.0,1.6392789462143678,,,
2025-12-18,1.0,1.62118468223081,,,
2025-12-19,3.0,2.038265493219529,,,
2025-12-20,1.0,2.874238706998938,,,
2025-12-21,1.0,2.046588338382886,,,
2025-12-22,0.0,2.007313745442241,,,
2025-12-23,3.0,1.4435784258812001,,,
2025-12-24,2.0,2.7294313206374268,,,
2025-12-25,0.0,2.335286398295913,,,
2025-12-26,1.0,1.4753075993827895,,,
2025-12-27,2.0,1.852897342227405,,,
2025-12-28,1.0,2.3151949635064706,,,
2025-12-29,2.0,1.8585578946089987,,,
2025-12-30,3.0,2.1851149745152574,,,
2025-12-31,1.0,2.6289931775641304,,,
2026-01-01,1.0,1.7956540541703148,,,
2026-01-02,0.0,1.8034836818930138,,,
2026-01-03,1.0,1.3231633185691245,,,
2026-01-04,0.0,1.768090107113776,,,
2026-01-05,3.0,1.2981183753907892,,,
2026-01-06,4.0,2.4917528786460896,,,
2026-01-07,0.0,2.956029653791785,,,
2026-01-08,6.0,1.2649350926296392,,,
2026-01-09,0.0,3.8992755776489707,,,
2026-01-10,0.0,1.3142148543188839,,,
2026-01-11,0.0,1.3172864490543823,,,
2026-01-12,0.0,1.2734954929244926,,,
2026-01-13,1.0,1.1460282817627634,,,
2026-01-14,3.0,1.5503891176199613,,,
2026-01-15,0.0,2.45849837925652,,,
2026-01-16,1.0,1.1779677302989828,,,
2026-01-17,0.0,1.5707056799430756,,,
2026-01-18,1.0,1.1579664475060818,,,
2026-01-19,0.0,1.5598011250282386,,,
2026-01-20,0.0,1.0167494007693114,,,
2026-01-21,1.0,0.9869975613441575,,,
2026-01-22,0.0,1.4350132404965614,,,
2026-01-23,0.0,1.0063347111675405,,,
2026-01-24,0.0,0.9624112347793127,,,
2026-01-25,0.0,0.9788092353825059,,,
2026-01-26,0.0,0.9444002511449984,,,
2026-01-27,2.0,0.829634402982051,,,
2026-01-28,0.0,1.6882867950232514,,,
2026-01-29,0.0,0.8563486544472155,,,
2026-01-30,0.0,0.854527717384523,,,
2026-01-31,0.0,0.8157643725237909,,,
2026-02-01,1.0,0.8368857750941217,,,
2026-02-02,0.0,1.2478717306497669,,,
2026-02-03,0.0,0.7180576479654652,,,
2026-02-04,2.0,0.6959456648436371,,,
2026-02-05,2.0,1.5938140098481415,,,
2026-02-06,0.0,1.6338933165503862,,,
2026-02-07,0.0,0.7545640735003095,,,
2026-02-08,0.0,0.7788257458606855,,,
2026-02-09,2.0,0.7495488196011897,,,
2026-02-10,0.0,1.525197941020677,,,
2026-02-11,1.0,0.6640957906629108,,,
2026-02-12,1.0,1.1214116174370288,,,
2026-02-13,0.0,1.1416230122731945,,,
2026-02-14,7.0,0.6869493080025691,,,
2026-02-15,0.0,3.7973416265350184,,,
2026-02-16,2.0,0.818784880030587,,,
2026-02-17,4.0,1.588946675838396,,,
2026-02-18,0.0,2.489963250152945,,,
2026-02-19,0.0,0.8162179571527746,,,
2026-02-20,0.0,0.8123073801483136,,,
2026-02-21,0.0,0.7844151166507292,,,
2026-02-22,1.0,0.796156702599129,,,
2026-02-23,1.0,1.2147461420176155,,,
2026-02-24,2.0,1.1254992610978083,,,
2026-02-25,1.0,1.562430107211883,,,
2026-02-26,0.0,1.1766311156182006,,,
2026-02-27,0.0,0.7534529102926625,,,
2026-02-28,5.0,0.7269898460305732,,,
2026-03-01,0.0,2.9453217619379846,,,
2026-03-02,1.0,0.8143963102821222,,,
2026-03-03,0.0,1.1469534076482661,,,
2026-03-04,1.0,0.7007552176971807,,,
2026-03-05,3.0,1.1574332159936134,,,
2026-03-06,0.0,2.057055645503846,,,
2026-03-07,1.0,0.7710086539044827,,,
2026-03-08,1.0,1.217382473591441,,,
2026-03-09,0.0,1.217337233655314,,,
2026-03-10,0.0,0.686991209350042,,,
2026-03-11,0.0,0.6651435247415387,,,
2026-03-12,0.0,0.6842690981201207,,,
2026-03-13,0.0,0.6808010909147657,,,
2026-03-14,0.0,0.6647063507520785,,,
2026-03-15,0.0,0.6740468960507973,,,
2026-03-16,0.0,0.6574549347567741,,,
2026-03-17,0.0,0.553717067114097,,,
2026-03-18,0.0,0.5361997409207918,,,
2026-03-19,0.0,0.5594550953634817,,,
2026-03-20,2.0,0.560391206504077,,,
2026-03-21,3.0,1.429278202537668,,,
2026-03-22,1.0,1.9202444313284346,,,
2026-03-23,0.0,1.0808578988108577,,,
2026-03-24,0.0,0.5557713755161444,,,
2026-03-25,0.0,0.5381884113537415,,,
2026-03-26,0.0,0.5613370469399095,,,
2026-03-27,0.0,0.5644895252387201,,,
2026-03-28,0.0,0.5523041001862787,,,
2026-03-29,0.0,0.5625873792231082,,,
2026-03-30,0.0,0.5495530803944249,,,
2026-03-31,0.0,0.450022173269467,,,
2026-04-01,1.0,0.4359559526545506,,,
2026-04-02,2.0,0.9030330576900545,,,
2026-04-03,2.0,1.3684696750666752,,,
2026-04-04,0.0,1.3960124867690071,,,
2026-04-05,3.0,0.5637217194736291,,,
2026-04-06,2.0,1.8723766559549009,,,
2026-04-07,3.0,1.3880693805778748,,,
2026-04-08,5.0,1.8510129475750907,,,
2026-04-09,2.0,2.8119691195791012,,,
2026-04-10,0.0,1.584119771513398,,,
2026-04-11,0.0,0.7210609217848027,,,
2026-04-12,0.0,0.7302211376071064,,,
2026-04-13,1.0,0.7090809159883397,,,
2026-04-14,1.0,1.0465840521133154,,,
2026-04-15,0.0,1.0488256203084845,,,
2026-04-16,0.0,0.6438121055304244,,,
2026-04-17,1.0,0.6426936404408803,,,
2026-04-18,0.0,1.0672478378541446,,,
2026-04-19,0.0,0.657257176985757,,,
2026-04-20,1.0,0.6398447932861886,,,
2026-04-21,0.0,0.9791706968264087,,,
2026-04-22,0.0,0.5418222954937381,,,
2026-04-23,0.0,0.5617011472743401,,,
2026-04-24,0.0,0.5644924749862019,,,
2026-04-25,1.0,0.5494037796178552,,,
2026-04-26,0.0,1.0049686573327026,,,
2026-04-27,1.0,0.5697298613760087,,,
2026-04-28,0.0,0.9098963927658562,,,
2026-04-29,0.0,0.47538796559222185,,,
2026-04-30,0.0,0.49740824611276857,,,
2026-05-01,0.0,0.5022449074853772,,,
2026-05-02,0.0,0.49046655011023865,,,
2026-05-03,0.0,0.5057504464741329,,,
2026-05-04,0.0,0.4959743419935716,,,
2026-05-05,1.0,0.3966053943610981,,,
2026-05-06,2.0,0.8275029007047788,,,
2026-05-07,0.0,1.3115876665316863,,,
2026-05-08,0.0,0.4746671423677372,,,
2026-05-09,2.0,0.4637319547692063,,,
2026-05-10,0.0,1.3611193176482113,,,
2026-05-11,1.0,0.5081313483020413,,,
2026-05-12,2.0,0.8502635378592491,,,
2026-05-13,0.0,1.299962654203658,,,
2026-05-14,1.0,0.4770811691015284,,,
2026-05-15,1.0,0.9240552679253738,,,
2026-05-16,1.0,0.9336945397493936,,,
2026-05-17,2.0,0.9643151900124045,,,
2026-05-18,0.0,1.4150616192379655,,,
2026-05-19,1.0,0.4724954704609301,,,
2026-05-20,0.0,0.8987320577014533,,,
2026-05-21,4.0,0.4987306369955702,,,
2026-05-22,,,2.2661577115203397,-0.8689539049938562,5.401269328034536
2026-05-23,,,1.5228041832979284,-1.9030896667797197,4.948698033375576
2026-05-24,,,1.246412884190529,-2.243772778490065,4.736598546871123
2026-05-25,,,1.1366174070846606,-2.3737421613641576,4.646976975533478
2026-05-26,,,1.0098219147859906,-2.509951750422452,4.529595579994433
2026-05-27,,,0.9547893865597187,-2.571182150864954,4.480760923984391
2026-05-28,,,0.9711030125828248,-2.559946376266627,4.5021524014322765
2026-05-29,,,0.9922076797444206,-2.543677087573567,4.528092447062408
2026-05-30,,,1.0044506087646612,-2.5359922711026877,4.54489348863201
2026-05-31,,,1.035774981946823,-2.5091126239460873,4.580662587839733
2026-06-01,,,1.0514976574481598,-2.4977853992027006,4.60078071409902
2026-06-02,,,0.9756947993955877,-2.577960495656646,4.529350094447821
2026-06-03,,,0.941534387955537,-2.6164805427276607,4.499549318638735
2026-06-04,,,0.966036683357591,-2.5963296070085837,4.528402973723765
2026-06-05,,,0.9907264187458935,-2.5761512354050793,4.557604072896867
2026-06-06,,,1.0044296935404184,-2.5668599230054268,4.575719310086264
2026-06-07,,,1.036348920615071,-2.539309550134724,4.612007391364866
2026-06-08,,,1.052313916979211,-2.5276924689164972,4.63232030287492
2026-06-09,,,0.9766097564198166,-2.6077328745222275,4.56095238736186
2026-06-10,,,0.942489555754086,-2.646181471689085,4.5311605831972575
2026-06-11,,,0.9670082081751791,-2.625984939406452,4.56000135575681
2026-06-12,,,0.991704624348209,-2.605770275679119,4.5891795243755364
2026-06-13,,,1.0054106205011595,-2.596447933082234,4.607269174084553
2026-06-14,,,1.0373309560966788,-2.5688685580153674,4.643530470208725
2026-06-15,,,1.0532964040078552,-2.5572233678875302,4.663816175903241
2026-06-16,,,0.977592427381442,-2.6372360937418478,4.592420948504731
2026-06-17,,,0.9434723016396988,-2.675657250662353,4.56260185394175
2026-06-18,,,0.9679909845788008,-2.655433439953004,4.591415409110606
2026-06-19,,,0.9926874131843553,-2.635190416526458,4.620565242895168
2026-06-20,,,1.0063934144015843,-2.625840680837373,4.638627509640541
